DeployID,Ptt,Instr,Date,Duplicates,Satellite,LocationQuality,Latitude,Longitude,Reason,Possible Timestamp,Possible Type,Byte 0,Byte 1,Byte 2,Byte 3,Byte 4,Byte 5,Byte 6,Byte 7,Byte 8,Byte 9,Byte 10,Byte 11,Byte 12,Byte 13,Byte 14,Byte 15,Byte 16,Byte 17,Byte 18,Byte 19,Byte 20,Byte 21,Byte 22,Byte 23,Byte 24,Byte 25,Byte 26,Byte 27,Byte 28,Byte 29,Byte 30,Byte 31
142713,142713,Mk10,12:47:50 29-Jul-2016,,,,,,CRC 31.40840,,,128,1,251,139,240,208,253,,,,,,,,,,,,,,,,,,,,,,,,,
142713,142713,Mk10,21:18:52 29-Jul-2016,,,A,21.3214,-86.7768,CRC 51970.64770,12:47:00 29-Jul-2016,Behavior,188,176,33,250,203,252,148,184,23,144,72,0,144,82,206,66,32,36,11,60,44,0,72,43,143,129,144,18,0,0,72,
142713,142713,Mk10,21:22:39 29-Jul-2016,,,A,21.3214,-86.7768,CRC 24891.23267,12:00:00 29-Jul-2016,TAD,22,19,177,250,199,38,226,35,103,206,78,175,128,64,0,,,,,,,,,,,,,,,,,
142713,142713,Mk10,22:16:25 29-Jul-2016,,,B,21.3226,-86.7768,CRC 51331.2162,12:00:00 29-Jul-2016,DiveDepth,60,136,49,250,192,53,133,4,0,0,0,,,,,,,,,,,,,,,,,,,,,
142713,142713,Mk10,22:51:44 29-Jul-2016,,,A,21.3421,-86.7548,Too short,,TimeSeries,219,17,89,,,,,,,,,,,,,,,,,,,,,,,,,,,,,
142713,142713,Mk10,01:11:43 30-Jul-2016,,,B,21.3789,-86.7291,CRC 40439.31915,19:44:06 29-Jul-2016,Fast-GPS,121,223,113,251,54,193,156,193,92,161,63,192,211,7,125,152,102,211,151,72,199,38,176,26,220,255,191,239,253,255,254,
142713,142713,Mk10,02:50:30 30-Jul-2016,,,1,21.3503,-86.7601,CRC 4171.3659,12:00:00 29-Jul-2016,DiveDuration,65,4,177,250,192,110,129,2,0,0,0,0,0,128,40,,,,,,,,,,,,,,,,,
142713,142713,Mk10,02:51:25 30-Jul-2016,,,1,21.3503,-86.7601,CRC 51331.55491,12:00:00 29-Jul-2016,DiveDepth,60,136,49,250,192,53,129,4,0,0,63,,,,,,,,,,,,,,,,,,,,,
142713,142713,Mk10,08:10:13 30-Jul-2016,,,B,21.3657,-86.7432,CRC 9447.52576,18:00:00 29-Jul-2016,PDT,146,78,113,251,32,96,178,51,64,143,179,64,137,237,8,,,,,,,,,,,,,,,,,
142713,142713,Mk10,11:43:49 30-Jul-2016,,,B,21.3293,-86.7955,CRC 33537.50432,,DiveDepth,56,48,21,211,166,152,124,248,255,255,255,,,,,,,,,,,,,,,,,,,,,
142713,142713,Mk10,13:11:36 30-Jul-2016,,,B,21.3915,-86.7810,CRC 55273.44656,08:23:00 30-Jul-2016,Behavior,189,126,145,252,133,195,128,199,146,196,248,164,66,4,44,42,36,136,113,1,32,8,146,0,9,0,118,12,0,226,128,
142713,142713,Mk10,16:17:53 30-Jul-2016,,,B,21.4380,-86.7556,CRC 45364.34705,16:00:00 19-Oct-2013,TimeSeries,219,19,70,167,2,221,199,157,240,121,238,48,222,88,232,239,33,253,172,61,172,80,133,7,59,24,251,233,251,59,180,
142713,142713,Mk10,19:21:19 30-Jul-2016,,,A,21.3243,-86.7736,CRC 16579.7910,19:21:19 30-Jul-2016,Status,0,1,185,4,190,64,195,,,,,,,,,,,,,,,,,,,,,,,,,
142713,142713,Mk10,19:24:13 30-Jul-2016,,,A,21.3243,-86.7736,CRC 50824.26944,06:00:00 30-Jul-2016,DiveDuration,76,104,129,252,110,128,0,5,255,255,255,255,254,249,243,255,255,255,255,,,,,,,,,,,,,
142713,142713,Mk10,23:54:59 30-Jul-2016,,,B,21.3321,-86.7426,CRC 30037.64898,,TAD,23,85,94,199,199,38,226,163,103,202,198,175,128,0,0,,,,,,,,,,,,,,,,,
142713,142713,Mk10,01:37:53 31-Jul-2016,,,B,21.3360,-86.7351,CRC 63784.15273,06:00:00 30-Jul-2016,PDT,159,146,129,252,96,96,178,50,224,207,114,224,231,79,192,,,,,,,,,,,,,,,,,
142713,142713,Mk10,02:24:11 31-Jul-2016,,,B,21.3359,-86.7360,CRC 45333.52732,12:00:00 28-Jul-2016,TimeSeries,219,17,81,248,200,0,16,131,215,199,199,195,195,135,195,195,7,195,195,199,199,251,255,123,136,178,154,59,26,195,208,
142713,142713,Mk10,02:24:58 31-Jul-2016,,,B,21.3359,-86.7360,CRC 45640.52123,,DiveDepth,59,36,128,20,253,225,56,227,205,40,63,,,,,,,,,,,,,,,,,,,,,
142713,142713,Mk10,10:43:19 31-Jul-2016,,,B,21.1693,-86.8906,CRC 40835.29077,14:20:00 27-May-2013,Behavior,185,248,53,118,229,27,120,149,154,93,62,46,5,10,90,76,39,107,171,53,12,133,184,70,211,26,162,16,143,36,214,
142713,142713,Mk10,11:05:54 31-Jul-2016,,,B,21.3628,-86.7406,CRC 23779.40386,12:00:00 30-Jul-2016,DiveDuration,69,206,49,252,192,94,129,0,0,0,0,0,0,130,4,,,,,,,,,,,,,,,,,
142713,142713,Mk10,13:58:55 31-Jul-2016,,,B,21.3558,-86.7434,CRC 37022.40526,,DiveDepth,57,9,226,121,150,59,66,78,241,114,134,,,,,,,,,,,,,,,,,,,,,
142713,142713,Mk10,14:55:38 31-Jul-2016,,,B,21.3541,-86.7559,CRC 6534.55986,19:26:00 30-Jul-2016,Behavior,177,152,97,253,54,184,9,4,107,233,131,0,79,185,46,94,2,25,255,43,106,50,41,76,204,29,189,59,248,161,164,
142713,142713,Mk10,22:21:30 31-Jul-2016,,,B,21.3023,-86.8490,CRC 52015.3663,05:13:00 31-Jul-2016,Behavior,188,178,241,254,83,68,110,64,210,2,65,19,112,56,133,146,68,101,139,31,116,135,180,181,171,106,231,160,122,227,139,
142713,142713,Mk10,23:30:41 31-Jul-2016,,,B,21.3398,-86.7729,CRC 24405.47802,12:00:00 30-Jul-2016,TAD,21,245,81,252,200,2,76,182,230,218,26,76,108,161,247,,,,,,,,,,,,,,,,,
142713,142713,Mk10,23:30:41 31-Jul-2016,,,A,21.3316,-86.7656,CRC 23893.33363,12:00:00 30-Jul-2016,TAD,21,213,81,252,200,2,12,151,193,97,99,67,15,255,255,,,,,,,,,,,,,,,,,
142713,142713,Mk10,23:35:12 31-Jul-2016,,,A,21.3316,-86.7656,CRC 60222.40383,09:48:15 31-Jul-2016,Fast-GPS,126,179,225,254,151,3,228,159,243,180,153,210,233,126,33,204,10,217,112,7,74,243,248,102,157,178,0,25,92,17,165,
142713,142713,Mk10,13:50:26 01-Aug-2016,,,B,21.3366,-86.7412,CRC 29937.48720,00:00:00 31-Jul-2016,DiveDuration,71,79,17,254,0,110,130,0,0,8,16,160,0,0,0,,,,,,,,,,,,,,,,,
142713,142713,Mk10,15:27:46 01-Aug-2016,,,B,21.3179,-86.7437,CRC 49895.35409,18:00:00 30-Jul-2016,TAD,28,46,113,253,40,2,141,144,195,37,27,65,36,163,8,,,,,,,,,,,,,,,,,
142713,142713,Mk10,15:29:22 01-Aug-2016,,,B,21.3179,-86.7437,CRC 22677.29156,12:59:50 01-Aug-2016,Fast-GPS,117,137,82,2,199,188,161,57,108,54,214,22,249,23,17,15,145,104,78,14,137,202,23,4,199,56,253,139,3,133,32,
142713,142713,Mk10,22:49:57 01-Aug-2016,,,B,21.2403,-86.6892,CRC 49138.54952,23:18:00 03-Jan-2015,LinkedTemperature,203,255,44,71,121,34,238,227,37,134,106,159,133,200,208,47,26,110,29,179,5,195,170,56,218,157,18,247,191,141,178,
142713,142713,Mk10,23:17:35 01-Aug-2016,,,B,21.2384,-86.7090,CRC 3746.14257,12:00:00 01-Oct-2016,PDT,144,234,34,130,192,160,177,178,160,209,178,128,239,210,129,14,210,129,47,25,116,20,171,,,,,,,,,
142713,142713,Mk10,23:18:22 01-Aug-2016,,,B,21.2384,-86.7090,CRC 24487.40864,12:00:00 01-Aug-2016,TAT,37,250,114,2,192,140,6,6,136,250,0,,,,,,,,,,,,,,,,,,,,,
142713,142713,Mk10,00:31:40 02-Aug-2016,,,B,21.2733,-86.6608,CRC 40838.1738,05:20:00 30-Jul-2016,Behavior,185,248,97,252,85,4,116,221,224,4,65,80,245,39,124,184,113,242,125,240,4,12,120,192,149,176,241,23,230,200,33,
142713,142713,Mk10,01:47:08 02-Aug-2016,,,A,21.3050,-86.7055,CRC 58721.58209,00:00:00 01-Aug-2016,DiveDepth,62,86,18,2,6,128,130,4,0,0,192,,,,,,,,,,,,,,,,,,,,,
142713,142713,Mk10,03:30:52 02-Aug-2016,,,A,21.2984,-86.7065,CRC 26808.16363,02:16:00 30-Jul-2016,Behavior,182,139,129,252,36,4,84,8,242,9,205,4,217,0,52,115,249,203,25,151,99,128,204,112,132,90,119,255,250,2,64,
142713,142713,Mk10,23:13:16 02-Aug-2016,,,2,21.2999,-86.7102,CRC 15293.41842,08:37:00 02-Aug-2016,Behavior,179,187,210,4,137,120,78,124,102,113,146,14,148,203,131,36,4,130,43,104,193,2,96,152,65,56,146,75,101,182,219,
142713,142713,Mk10,23:11:15 02-Aug-2016,,,2,21.2990,-86.7069,CRC 58538.25645,00:27:16 15-Jul-2016,Fast-GPS,126,74,161,222,5,180,48,232,68,16,134,78,30,0,70,242,98,118,28,142,204,160,49,68,38,205,81,15,254,3,253,
142713,142713,Mk10,23:13:16 02-Aug-2016,,,2,21.2990,-86.7069,CRC 15293.51132,08:37:00 02-Aug-2016,Behavior,179,187,210,4,137,120,78,124,102,113,146,14,148,203,131,36,4,130,43,104,193,2,96,136,0,58,64,73,0,0,0,
142713,142713,Mk10,23:16:26 02-Aug-2016,,,2,21.2990,-86.7069,CRC 21174.38023,00:00:00 01-Aug-2016,TAT,37,43,98,2,0,173,116,34,5,0,8,,,,,,,,,,,,,,,,,,,,,
142713,142713,Mk10,23:17:21 02-Aug-2016,,,2,21.2990,-86.7069,CRC 21635.40578,00:00:00 01-Aug-2016,TAD,21,72,50,2,8,3,133,0,129,129,131,13,222,0,0,,,,,,,,,,,,,,,,,
142713,142713,Mk10,11:09:39 03-Aug-2016,,,B,21.3043,-86.7023,CRC 5004.5774,18:00:00 02-Aug-2016,DiveDuration,65,56,194,5,46,130,6,12,8,32,0,140,42,48,66,253,128,16,0,,,,,,,,,,,,,
142713,142713,Mk10,20:16:32 03-Aug-2016,,,B,21.2957,-86.7094,CRC 3746.52911,12:00:00 01-Aug-2016,PDT,144,234,34,2,192,160,177,178,160,209,178,128,239,210,129,14,210,129,47,17,160,16,0,,,,,,,,,
142713,142713,Mk10,23:30:33 03-Aug-2016,,,B,21.2964,-86.7167,CRC 38216.49699,00:00:00 31-Jul-2016,Behavior,185,84,129,254,0,4,78,96,178,29,153,18,148,44,133,133,43,216,84,9,24,168,88,78,26,168,126,220,218,213,154,
142713,142713,Mk10,01:10:02 04-Aug-2016,,,B,21.3004,-86.7081,CRC 44275.62579,18:16:00 03-Aug-2016,Behavior,186,207,50,7,36,56,9,4,126,209,162,34,59,14,113,115,215,234,174,189,234,130,123,211,45,225,2,113,221,7,55,
142713,142713,Mk10,01:08:26 04-Aug-2016,,,B,21.3045,-86.7097,CRC 32946.17033,18:00:00 03-Oct-2016,TimeSeries,216,11,34,135,40,0,56,123,155,187,252,251,187,39,119,183,182,19,251,154,13,191,221,17,89,179,119,21,143,148,186,
142713,142713,Mk10,01:55:36 04-Aug-2016,,,B,21.3006,-86.7091,CRC 15007.32583,15:19:00 03-Aug-2016,Behavior,179,169,242,6,244,248,31,131,181,27,183,255,5,130,191,131,65,158,188,176,129,59,154,90,103,87,114,115,152,79,94,
142713,142713,Mk10,02:52:18 04-Aug-2016,,,0,21.3032,-86.7115,CRC 52422.59351,12:00:00 03-Aug-2016,PDT,156,204,98,6,192,128,176,241,224,207,145,192,239,113,225,15,113,224,0,,,,,,,,,,,,,
142713,142713,Mk10,08:56:08 04-Aug-2016,,,B,21.2715,-86.7467,CRC 57970.14840,14:00:00 02-Aug-2016,DiveDepth,62,39,34,4,224,116,221,254,48,104,0,,,,,,,,,,,,,,,,,,,,,
142713,142713,Mk10,08:57:03 04-Aug-2016,,,B,21.2715,-86.7467,CRC 50397.52445,12:00:00 02-Aug-2016,PDT,156,77,210,4,192,128,177,210,96,209,210,64,241,210,65,17,210,64,0,,,,,,,,,,,,,
142713,142713,Mk10,11:37:08 04-Aug-2016,,,B,21.2743,-86.7529,CRC 31760.58403,19:55:45 01-Aug-2016,Fast-GPS,119,193,2,3,55,123,94,43,171,88,32,162,2,43,227,55,110,201,99,77,140,78,128,224,28,165,246,15,70,172,212,
142713,142713,Mk10,11:37:55 04-Aug-2016,,,B,21.2743,-86.7529,CRC 42287.30603,11:15:00 02-Aug-2016,Behavior,186,82,242,4,179,195,123,134,26,220,213,85,195,179,77,80,16,69,53,198,194,191,11,181,19,147,249,10,196,215,173,
142713,142713,Mk10,12:12:17 04-Aug-2016,,,B,21.2658,-86.7419,CRC 35664.39337,03:32:00 02-Aug-2016,Behavior,184,181,2,4,56,4,92,113,146,19,151,22,104,104,134,199,69,254,25,33,18,49,146,126,185,20,179,0,198,163,0,
142713,142713,Mk10,16:57:24 04-Aug-2016,,,B,21.2464,-86.7287,CRC 50416.42984,14:00:00 05-Aug-2014,TAD,28,79,10,10,236,7,137,70,49,168,59,253,156,7,213,,,,,,,,,,,,,,,,,
142713,142713,Mk10,18:30:28 04-Aug-2016,,,B,21.2584,-86.7329,CRC 25265.13823,13:02:00 09-Aug-2016,Behavior,182,43,18,18,208,184,9,2,56,38,24,38,10,105,3,68,116,15,170,6,128,8,30,172,1,1,48,63,96,42,0,
142713,142713,Mk10,22:22:30 04-Aug-2016,,,B,21.2761,-86.7465,CRC 2207.23703,02:34:00 01-Aug-2016,Behavior,176,137,242,2,40,132,93,17,50,17,26,17,130,0,38,125,70,99,253,209,225,143,9,10,82,222,14,250,228,202,49,
142713,142713,Mk10,02:30:36 05-Aug-2016,,,A,21.4074,-86.7600,CRC 42054.27179,06:00:00 03-Aug-2016,PDT,154,68,98,6,96,149,137,253,119,192,139,134,98,245,17,128,217,240,223,,,,,,,,,,,,,
142713,142713,Mk10,10:21:01 05-Aug-2016,,,B,21.3576,-86.8102,CRC 5429.54695,08:00:00 02-Aug-2016,TimeSeries,209,83,82,4,136,0,75,187,171,187,187,135,123,183,120,183,123,184,123,183,116,191,255,255,255,255,155,218,31,189,60,
142713,142713,Mk10,12:24:06 05-Aug-2016,,,B,21.3420,-86.7670,CRC 33463.58166,12:00:00 05-Aug-2016,PDT,152,43,114,10,192,128,176,177,224,208,145,224,240,145,225,16,145,128,0,,,,,,,,,,,,,
142713,142713,Mk10,12:59:29 05-Aug-2016,,,B,21.3426,-86.7639,CRC 35664.63510,03:32:00 02-Aug-2016,Behavior,184,181,2,4,56,4,92,113,146,19,151,22,104,104,134,199,69,254,25,33,18,49,146,70,136,78,91,203,219,138,235,
142713,142713,Mk10,14:51:57 05-Aug-2016,,,A,21.3218,-86.7700,CRC 34199.33031,14:51:55 05-Aug-2016,Status,0,2,10,236,247,133,151,,,,,,,,,,,,,,,,,,,,,,,,,
142713,142713,Mk10,16:36:16 05-Aug-2016,,,B,21.3299,-86.7719,CRC 51313.24295,12:00:00 03-Aug-2016,DiveDepth,60,135,18,6,192,90,193,7,107,247,235,,,,,,,,,,,,,,,,,,,,,
142713,142713,Mk10,19:53:52 05-Aug-2016,,,A,21.3139,-86.7869,CRC 39121.27960,18:00:00 02-Aug-2016,TAD,25,141,18,5,41,202,163,179,224,231,226,127,223,6,11,,,,,,,,,,,,,,,,,
142713,142713,Mk10,20:01:30 05-Aug-2016,,,A,21.3139,-86.7869,CRC 18294.36223,00:00:00 04-Aug-2016,TimeSeries,212,119,98,8,8,3,135,118,255,119,11,247,51,251,119,83,183,119,127,95,155,160,172,47,35,144,93,16,227,199,31,
142713,142713,Mk10,21:54:57 05-Aug-2016,,,B,21.3118,-86.7872,CRC 21934.23775,06:00:00 02-Aug-2016,TAT,37,90,226,4,96,172,2,119,8,188,74,,,,,,,,,,,,,,,,,,,,,
142713,142713,Mk10,22:43:28 05-Aug-2016,,,B,21.3203,-86.7734,CRC 61705.34784,16:31:00 03-Aug-2016,Behavior,191,16,146,7,7,248,9,3,133,140,144,18,6,177,27,32,36,13,148,50,64,226,147,84,204,204,204,204,204,204,204,
142713,142713,Mk10,23:40:55 05-Aug-2016,,,B,21.3215,-86.7684,CRC 12681.31900,02:00:00 09-Jan-2013,TAD,19,24,148,82,43,45,113,125,40,124,168,166,228,100,233,,,,,,,,,,,,,,,,,
142713,142713,Mk10,00:21:34 06-Aug-2016,,,B,21.3270,-86.7681,CRC 48231.64742,09:26:00 03-Aug-2016,Behavior,187,198,114,6,150,184,99,28,98,177,162,2,64,92,70,0,38,136,130,131,36,9,128,219,88,32,76,17,6,70,72,
142713,142713,Mk10,01:47:20 06-Aug-2016,,,B,21.3315,-86.7607,CRC 5830.22995,06:53:00 03-Aug-2016,Behavior,177,108,98,6,109,97,179,48,20,198,69,190,88,175,68,120,205,236,214,130,106,129,83,121,254,252,230,137,200,80,6,
142713,142713,Mk10,03:42:31 06-Aug-2016,,,B,21.3417,-86.7596,CRC 23338.28040,09:00:00 01-Jan-2014,Behavior,181,178,168,66,144,63,127,194,119,253,126,166,26,127,17,247,8,253,182,252,144,1,247,80,255,132,123,0,108,3,57,
142713,142713,Mk10,08:39:29 06-Aug-2016,,,1,21.3317,-86.7691,CRC 32946.57896,16:00:00 03-Aug-2016,TimeSeries,216,11,34,7,8,0,40,123,155,187,188,251,187,167,119,183,182,19,255,154,56,28,178,200,175,9,188,197,135,212,184,
142713,142713,Mk10,10:11:34 06-Aug-2016,,,B,21.3274,-86.7616,CRC 15007.15255,15:19:00 03-Aug-2016,Behavior,179,169,242,6,244,248,19,3,180,180,108,38,2,187,101,32,0,1,224,240,237,32,103,254,187,253,190,52,73,0,0,
142713,142713,Mk10,12:53:56 06-Aug-2016,,,B,21.3378,-86.7578,CRC 64469.58473,06:00:00 05-Aug-2016,PDT,159,189,82,10,96,64,177,178,96,209,178,224,16,49,230,,,,,,,,,,,,,,,,,
142713,142713,Mk10,15:29:49 06-Aug-2016,,,B,21.3386,-86.7572,CRC 37562.36387,12:00:00 04-Aug-2016,DiveDuration,73,43,162,8,192,123,12,241,123,136,17,241,8,26,27,,,,,,,,,,,,,,,,,
142713,142713,Mk10,21:23:24 06-Aug-2016,,,B,21.3453,-86.7313,CRC 56207.15883,14:00:00 03-Aug-2014,DiveDepth,61,184,250,6,229,128,3,29,253,207,252,100,0,16,2,,,,,,,,,,,,,,,,,
142713,142713,Mk10,22:26:57 06-Aug-2016,,,B,21.3414,-86.7370,CRC 35482.43317,21:33:00 03-Aug-2016,Behavior,184,169,162,7,88,120,9,0,58,8,2,116,226,43,77,107,142,108,62,155,63,105,100,200,244,231,182,19,41,178,49,
142713,142713,Mk10,23:59:58 06-Aug-2016,,,B,21.3414,-86.7470,CRC 63053.51475,,Behavior,191,100,210,0,218,56,19,147,71,13,144,116,164,42,27,32,76,11,180,182,64,72,4,8,18,9,207,17,204,100,134,
142713,142713,Mk10,01:44:04 07-Aug-2016,,,A,21.3357,-86.7522,RTC seconds: 62,01:44:04 07-Aug-2016,Status,0,165,107,23,254,28,185,,,,,,,,,,,,,,,,,,,,,,,,,
142713,142713,Mk10,02:32:14 07-Aug-2016,,,B,21.3356,-86.7546,CRC 24581.2412,06:30:00 06-Aug-2016,Behavior,182,0,82,12,103,184,19,7,98,59,144,18,2,158,124,63,251,247,130,223,237,104,191,64,82,38,138,23,247,31,193,
142713,142713,Mk10,10:03:27 07-Aug-2016,,,A,21.3472,-86.7519,CRC 48899.54443,00:00:00 04-Aug-2016,TAD,27,240,50,8,7,128,0,8,0,0,1,192,0,0,0,,,,,,,,,,,,,,,,,
142713,142713,Mk10,10:06:39 07-Aug-2016,,,A,21.3472,-86.7519,CRC 60950.22039,00:00:00 04-Aug-2016,PDT,158,225,98,8,0,128,177,145,224,209,49,192,238,145,193,12,113,192,0,,,,,,,,,,,,,
142713,142713,Mk10,12:28:17 07-Aug-2016,,,B,21.3481,-86.7561,CRC 29061.18275,00:00:00 07-Aug-2016,TAD,23,24,82,14,7,2,26,147,229,122,162,186,148,84,170,,,,,,,,,,,,,,,,,
142713,142713,Mk10,16:48:26 07-Aug-2016,,,B,21.3463,-86.7631,CRC 18105.20906,00:00:00 07-Aug-2016,TAT,36,107,146,14,0,124,3,2,192,62,253,,,,,,,,,,,,,,,,,,,,,
142713,142713,Mk10,22:20:19 07-Aug-2016,,,B,21.3427,-86.7313,CRC 17998.9858,18:29:15 04-Aug-2016,Fast-GPS,116,100,226,9,37,211,223,131,139,189,100,106,36,138,205,252,44,79,113,39,210,128,113,210,152,224,84,44,0,0,2,
142713,142713,Mk10,22:50:23 07-Aug-2016,,,A,21.3234,-86.7850,CRC 28060.4521,08:00:00 07-Aug-2016,TimeSeries,214,217,194,14,136,3,133,17,8,137,17,9,8,144,136,191,210,241,222,10,29,153,190,33,237,183,35,155,88,113,175,
142713,142713,Mk10,03:05:32 08-Aug-2016,,,B,21.3291,-86.7749,CRC 19086.36450,06:00:00 07-Aug-2016,TAT,36,168,226,14,96,124,13,192,5,133,102,79,255,128,62,,,,,,,,,,,,,,,,,
142713,142713,Mk10,12:28:37 08-Aug-2016,,,B,21.3287,-86.7686,CRC 24581.63974,06:30:00 06-Aug-2016,Behavior,182,0,82,12,103,184,19,28,83,140,210,119,56,49,161,24,178,163,115,249,101,201,221,4,81,14,140,69,247,169,199,
142713,142713,Mk10,12:52:53 08-Aug-2016,,,B,21.3289,-86.7696,CRC 50043.51624,03:11:00 06-Aug-2016,Behavior,188,55,178,12,50,248,70,144,210,91,229,252,122,162,172,16,233,145,159,246,229,1,31,144,114,245,180,95,17,84,4,
142713,142713,Mk10,15:24:55 08-Aug-2016,,,B,21.3365,-86.7145,CRC 10612.60537,00:00:00 05-Aug-2016,TimeSeries,210,151,66,10,8,3,37,153,169,147,19,178,215,50,193,45,93,42,102,33,214,162,26,97,161,170,37,145,154,101,24,
142713,142713,Mk10,16:20:13 08-Aug-2016,,,B,21.3575,-86.7441,CRC 57502.32921,12:00:00 07-Aug-2016,DiveDepth,62,9,226,14,192,23,129,2,16,8,0,,,,,,,,,,,,,,,,,,,,,
142713,142713,Mk10,16:27:38 08-Aug-2016,,,B,21.3575,-86.7441,CRC 2384.63825,23:14:00 04-Aug-2016,Behavior,176,149,2,9,115,184,9,4,88,100,242,2,64,234,34,64,4,129,193,150,72,9,2,177,10,16,18,8,164,234,100,
142713,142713,Mk10,21:02:26 08-Aug-2016,,,B,21.3985,-86.7899,CRC 8296.48911,00:00:00 07-Aug-2016,TimeSeries,210,6,130,14,8,0,68,170,179,187,190,251,251,186,21,197,85,85,89,85,73,85,86,69,161,160,154,223,228,138,218,
142713,142713,Mk10,23:39:21 08-Aug-2016,,,B,21.4237,-86.8014,CRC 56316.51315,20:37:49 06-Aug-2016,Fast-GPS,125,191,194,13,70,92,89,130,215,199,28,113,227,135,15,30,30,97,225,8,224,200,140,119,71,140,168,,,,,
142713,142713,Mk10,04:27:40 09-Aug-2016,,,B,21.4211,-86.8154,CRC 34023.4589,03:57:00 05-Aug-2016,Behavior,184,78,114,10,62,71,12,217,236,200,201,87,191,71,189,232,153,135,231,248,248,240,200,157,119,229,248,193,119,57,28,
142713,142713,Mk10,08:00:19 09-Aug-2016,,,B,21.3696,-86.8178,CRC 24581.16489,06:30:00 06-Aug-2016,Behavior,182,0,82,12,103,184,19,3,98,161,144,18,8,144,225,192,4,130,55,144,9,65,32,182,67,136,9,65,32,145,148,
142713,142713,Mk10,10:52:26 09-Aug-2016,,,A,21.3457,-86.7487,CRC 42207.35397,18:00:00 06-Aug-2016,TAD,26,77,242,13,39,0,134,3,10,5,3,204,204,204,204,,,,,,,,,,,,,,,,,
142713,142713,Mk10,11:23:23 09-Aug-2016,,,B,21.3492,-86.7466,CRC 10758.32808,08:00:00 31-Dec-2015,TimeSeries,210,160,111,62,133,134,31,186,139,230,116,143,143,230,29,72,79,222,51,186,143,68,152,133,131,68,37,99,110,23,32,
142713,142713,Mk10,12:31:48 09-Aug-2016,,,A,21.3722,-86.7321,CRC 50311.29737,16:00:00 03-Aug-2016,TimeSeries,220,72,114,7,8,0,229,21,197,21,213,157,85,221,12,213,71,252,213,80,53,84,93,233,81,78,47,213,142,12,154,
142713,142713,Mk10,16:50:45 09-Aug-2016,,,A,21.3828,-86.7285,CRC 47361.62139,00:00:00 09-Aug-2016,DiveDuration,75,144,18,18,14,128,2,0,8,32,17,192,197,62,136,237,106,110,12,,,,,,,,,,,,,
142713,142713,Mk10,19:09:26 09-Aug-2016,,,B,21.3844,-86.7537,CRC 16934.64039,00:48:00 06-Aug-2016,Behavior,180,34,98,12,12,56,108,91,176,3,17,20,215,46,131,33,18,45,228,6,64,72,1,208,64,2,65,27,216,12,128,
142713,142713,Mk10,19:18:04 09-Aug-2016,,,B,21.3844,-86.7537,CRC 23124.45572,19:54:00 05-Aug-2016,Behavior,181,165,66,11,61,184,9,2,252,0,185,74,29,196,65,229,197,50,161,169,238,13,41,183,230,220,215,88,128,99,20,
142713,142713,Mk10,22:00:15 09-Aug-2016,,,B,21.3936,-86.7560,CRC 26079.42078,20:17:40 09-Aug-2016,Fast-GPS,118,93,242,19,69,26,22,117,241,203,123,28,76,83,140,46,34,49,97,25,44,160,46,,,,,,,,,
142713,142713,Mk10,23:41:47 09-Aug-2016,,,B,21.3860,-86.7463,CRC 45952.39508,12:00:00 07-Aug-2016,PDT,155,56,2,14,192,128,177,18,96,204,241,224,228,137,87,142,113,177,34,,,,,,,,,,,,,
142713,142713,Mk10,23:41:47 09-Aug-2016,,,B,21.3265,-86.7562,CRC 45952.36915,12:00:00 07-Aug-2016,PDT,155,56,2,14,192,128,177,18,96,204,241,96,247,176,240,240,83,188,191,,,,,,,,,,,,,
142713,142713,Mk10,04:09:04 10-Aug-2016,,,B,21.3100,-86.7843,CRC 42330.13321,00:00:00 25-Aug-2016,Percent,106,85,162,50,12,96,120,1,128,4,199,112,112,7,119,119,119,0,0,,,,,,,,,,,,,
142713,142713,Mk10,09:32:46 10-Aug-2016,,,B,21.3046,-86.7903,CRC 53674.15263,12:00:00 08-Aug-2016,TAD,29,26,162,16,201,0,139,13,251,62,33,139,25,3,0,,,,,,,,,,,,,,,,,
142713,142713,Mk10,12:04:03 10-Aug-2016,,,B,21.3118,-86.7815,CRC 17274.58623,02:55:00 07-Aug-2016,Behavior,180,55,162,14,45,248,9,5,32,177,96,2,64,251,162,192,4,184,133,161,118,41,249,214,242,51,185,147,204,214,6,
142713,142713,Mk10,13:42:03 10-Aug-2016,,,B,21.3125,-86.7640,CRC 28632.43170,06:00:00 07-Aug-2016,DiveDuration,70,253,130,14,110,129,0,1,0,58,64,144,201,3,112,98,210,37,174,,,,,,,,,,,,,
142713,142713,Mk10,14:46:19 10-Aug-2016,,,B,21.3135,-86.7619,CRC 52810.41768,13:31:00 14-Sep-2016,Behavior,188,228,162,92,215,253,55,165,251,238,207,53,227,200,201,231,200,132,63,194,205,78,118,199,132,120,188,33,55,241,248,
142713,142713,Mk10,16:24:52 10-Aug-2016,,,B,21.3207,-86.7632,CRC 28134.3932,05:00:00 13-Nov-2016,TAT,166,222,98,218,87,53,246,224,128,94,145,253,249,255,141,60,67,253,153,239,128,91,255,95,233,31,155,199,179,15,113,
142713,142713,Mk10,19:04:59 10-Aug-2016,,,B,21.3203,-86.7578,CRC 65319.6018,19:04:59 10-Aug-2016,Fast-GPS,127,242,121,131,91,244,196,130,109,184,103,103,188,82,87,15,174,216,212,12,247,39,22,59,229,163,202,,,,,
142713,142713,Mk10,23:26:00 10-Aug-2016,,,B,21.3309,-86.7122,CRC 62463.1223,00:00:00 09-Aug-2016,DiveDepth,63,63,242,18,0,53,138,155,5,15,88,,,,,,,,,,,,,,,,,,,,,
142713,142713,Mk10,11:36:08 11-Aug-2016,,,B,21.3185,-86.7740,CRC 64283.27233,09:50:00 09-Aug-2016,Behavior,191,177,178,18,156,184,9,3,176,41,0,18,6,247,12,0,36,21,21,6,72,9,4,201,209,66,14,65,160,38,188,
142713,142713,Mk10,13:29:12 11-Aug-2016,,,B,21.3526,-86.7754,CRC 37085.28034,,Behavior,185,13,217,239,212,194,88,11,65,219,4,141,155,236,115,100,1,162,249,219,32,171,235,13,128,143,243,27,154,247,16,
142713,142713,Mk10,13:31:55 11-Aug-2016,,,B,21.3526,-86.7754,CRC 24465.15324,18:00:00 07-Apr-2016,TimeSeries,213,249,17,15,45,162,151,234,92,11,102,49,206,160,181,67,127,95,184,113,38,208,128,6,237,25,232,220,238,59,248,
142713,142713,Mk10,20:34:23 11-Aug-2016,,,B,21.3491,-86.8053,CRC 20285.12582,13:01:27 08-Aug-2016,Fast-GPS,116,243,210,16,212,22,228,239,198,80,192,101,102,153,7,133,21,201,253,211,242,78,251,248,124,206,253,13,7,36,23,
142713,142713,Mk10,22:44:11 11-Aug-2016,,,B,21.3223,-86.7743,CRC 37565.13084,00:00:00 11-Aug-2016,DiveDepth,57,43,210,22,0,54,138,3,150,255,255,,,,,,,,,,,,,,,,,,,,,
142713,142713,Mk10,00:27:31 12-Aug-2016,,,B,21.3156,-86.7729,CRC 1294.52652,10:00:00 11-Aug-2016,TwentyMinTimeline,80,80,226,22,169,85,106,170,213,85,106,170,170,228,35,225,173,255,238,,,,,,,,,,,,,
142713,142713,Mk10,01:37:51 12-Aug-2016,,,B,21.3268,-86.7581,CRC 19415.32938,10:00:00 10-Aug-2016,DiveDuration,68,189,114,20,167,225,64,12,37,133,189,222,184,53,241,119,3,91,4,,,,,,,,,,,,,
142713,142713,Mk10,02:35:46 12-Aug-2016,,,B,21.3374,-86.7514,CRC 4195.54948,11:26:00 10-Aug-2016,Behavior,177,6,50,20,182,184,9,2,254,129,16,18,5,128,2,32,36,20,202,1,8,9,4,134,240,66,2,64,0,8,9,
142713,142713,Mk10,11:42:04 12-Aug-2016,,,A,21.3463,-86.7601,CRC 54499.46575,18:00:00 10-Aug-2016,TAT,45,78,50,21,32,156,154,252,129,43,30,,,,,,,,,,,,,,,,,,,,,
142713,142713,Mk10,12:54:09 12-Aug-2016,,,B,21.3314,-86.7648,CRC 52508.28457,00:00:00 11-Aug-2016,TimeSeries,220,209,194,22,8,0,167,251,209,134,44,89,17,153,5,145,186,83,107,233,102,42,169,144,34,178,54,86,230,187,112,
142713,142713,Mk10,15:49:21 12-Aug-2016,,,B,21.3629,-86.7586,CRC 42331.11079,,Percent,106,85,178,23,140,49,188,35,16,0,59,0,112,15,127,220,232,158,239,,,,,,,,,,,,,
142713,142713,Mk10,18:43:34 12-Aug-2016,,,B,21.3585,-86.7496,CRC 63351.50785,18:00:00 14-Aug-2016,DiveDepth,63,119,114,29,32,246,155,5,30,191,140,,,,,,,,,,,,,,,,,,,,,
142713,142713,Mk10,20:20:29 12-Aug-2016,,,B,21.3562,-86.7314,CRC 49871.63703,08:47:59 11-Aug-2016,Fast-GPS,124,44,242,22,134,254,223,245,242,136,11,244,122,163,117,44,84,28,43,110,217,62,0,116,89,68,160,68,0,32,88,
142713,142713,Mk10,20:23:13 12-Aug-2016,,,B,21.3562,-86.7314,CRC 11983.4450,07:53:00 09-Aug-2016,Behavior,178,236,242,18,125,120,9,3,98,137,0,18,6,127,18,0,36,4,57,198,16,32,156,210,35,6,89,177,233,6,37,
142713,142713,Mk10,22:01:01 12-Aug-2016,,,B,21.3539,-86.7199,CRC 30910.38445,01:00:00 12-Aug-2016,TAD,23,139,226,24,31,0,152,201,112,215,28,229,134,47,223,,,,,,,,,,,,,,,,,
142713,142713,Mk10,23:02:05 12-Aug-2016,,,B,21.3344,-86.7849,CRC 42204.36393,16:51:00 08-Aug-2016,Behavior,186,77,194,17,12,196,131,213,98,2,65,88,49,76,128,144,254,0,255,224,0,240,240,112,124,88,28,120,56,105,254,
142713,142713,Mk10,00:42:13 13-Aug-2016,,,B,21.3124,-86.7885,CRC 47465.688,00:00:00 12-Aug-2016,TimeSeries,219,150,146,24,8,0,64,253,207,199,2,64,253,155,83,209,85,107,236,104,230,239,134,235,144,244,102,238,82,104,173,
142713,142713,Mk10,08:57:17 13-Aug-2016,,,B,21.3279,-86.8025,CRC 11818.19536,,TAD,18,226,170,171,255,253,80,10,160,31,15,30,241,241,199,,,,,,,,,,,,,,,,,
142713,142713,Mk10,08:58:49 13-Aug-2016,,,B,21.3279,-86.8025,CRC 7225.56568,00:00:00 12-Aug-2016,Percent,97,195,146,24,0,91,7,119,7,0,112,119,0,0,1,,,,,,,,,,,,,,,,,
142713,142713,Mk10,11:25:05 13-Aug-2016,,,A,21.3394,-86.7697,CRC 17172.46243,00:00:00 13-Aug-2016,TimeSeries,212,49,66,26,8,0,103,185,233,205,81,81,217,148,153,89,89,153,153,153,85,22,89,197,51,79,99,95,107,162,246,
142713,142713,Mk10,11:26:19 13-Aug-2016,,,A,21.3394,-86.7697,CRC 33861.45133,,DiveDepth,56,68,93,33,189,60,153,,,,,,,,,,,,,,,,,,,,,,,,,
142713,142713,Mk10,11:31:31 13-Aug-2016,,,A,21.3394,-86.7697,CRC 30206.4925,18:00:00 11-Aug-2016,TAT,39,95,226,23,32,4,50,17,129,136,213,176,236,144,60,,,,,,,,,,,,,,,,,
142713,142713,Mk10,12:27:19 13-Aug-2016,,,B,21.3354,-86.7810,CRC 51887.57522,12:00:00 11-Aug-2016,PDT,156,170,242,22,192,64,163,13,90,146,159,147,174,2,195,,,,,,,,,,,,,,,,,
142713,142713,Mk10,12:38:38 13-Aug-2016,,,B,21.3330,-86.7786,CRC 23548.30382,15:41:57 11-Aug-2016,Fast-GPS,117,191,194,22,246,158,95,210,242,156,189,126,102,108,75,16,26,129,133,165,140,228,31,128,71,245,202,125,35,186,4,
142713,142713,Mk10,14:38:18 13-Aug-2016,,,B,21.3280,-86.8007,CRC 38144.39219,00:00:00 11-Aug-2016,DiveDuration,73,80,2,22,0,94,130,8,4,24,16,0,1,64,16,,,,,,,,,,,,,,,,,
142713,142713,Mk10,15:21:56 13-Aug-2016,,,A,21.3434,-86.7755,CRC 50792.1625,18:00:00 10-Aug-2016,DiveDepth,60,102,130,21,32,22,132,,,,,,,,,,,,,,,,,,,,,,,,,
142713,142713,Mk10,15:28:54 13-Aug-2016,,,A,21.3434,-86.7755,CRC 51142.14583,02:45:09 11-Aug-2016,Fast-GPS,124,124,98,22,38,210,98,137,139,113,117,230,92,223,192,25,234,185,96,95,115,143,142,1,128,244,225,120,80,120,224,
142713,142713,Mk10,15:30:12 13-Aug-2016,,,A,21.3434,-86.7755,CRC 59738.28645,08:00:00 12-Aug-2016,TimeSeries,222,149,162,24,136,0,165,73,25,17,24,139,152,135,185,12,73,144,123,219,191,252,115,240,212,44,121,217,159,156,186,
142713,142713,Mk10,16:24:01 13-Aug-2016,,,B,21.3428,-86.7779,CRC 10116.8543,12:00:00 10-Aug-2016,PDT,146,120,66,20,192,64,179,182,112,58,245,13,145,8,75,,,,,,,,,,,,,,,,,
142713,142713,Mk10,04:24:58 14-Aug-2016,,,A,21.3334,-86.7742,CRC 53882.60064,19:42:00 12-Aug-2016,Behavior,189,39,162,25,58,133,64,144,74,27,199,183,95,96,68,234,32,134,192,91,223,24,162,246,147,253,155,220,13,43,83,
142713,142713,Mk10,07:02:28 14-Aug-2016,,,B,21.3320,-86.7773,CRC 47465.31094,00:00:00 12-Aug-2016,TimeSeries,219,150,146,24,8,0,68,247,153,122,186,80,160,209,85,78,25,89,90,25,158,34,34,25,209,29,153,157,157,157,76,
142713,142713,Mk10,08:46:43 14-Aug-2016,,,B,21.3430,-86.7720,CRC 14785.19920,18:00:00 13-Aug-2016,PDT,147,156,18,27,32,64,178,18,128,207,146,117,190,179,144,,,,,,,,,,,,,,,,,
142713,142713,Mk10,12:53:51 14-Aug-2016,,,B,21.3516,-86.7613,CRC 9250.13801,08:46:45 11-Nov-2016,Status,0,2,214,139,173,36,34,,,,,,,,,,,,,,,,,,,,,,,,,
142713,142713,Mk10,14:18:32 14-Aug-2016,,,B,21.3520,-86.7569,CRC 15516.12814,00:00:00 13-Aug-2016,DiveDuration,67,201,194,26,0,94,129,0,128,0,24,96,0,131,0,,,,,,,,,,,,,,,,,
142713,142713,Mk10,21:40:03 14-Aug-2016,,,B,21.3194,-86.7224,CRC 60427.64943,06:00:00 14-Aug-2016,DiveDepth,62,192,178,28,109,128,1,4,73,0,0,,,,,,,,,,,,,,,,,,,,,
142713,142713,Mk10,00:28:33 15-Aug-2016,,,B,21.3296,-86.7558,CRC 16824.31897,04:17:00 12-Aug-2016,Behavior,180,27,130,24,68,120,9,4,178,17,64,7,20,165,98,0,4,129,83,132,0,43,215,251,169,0,76,244,107,18,0,
142713,142713,Mk10,00:50:23 15-Aug-2016,,,B,21.3266,-86.7628,CRC 43952.64451,07:00:00 07-Jan-2016,TAD,26,187,0,78,120,30,139,57,147,63,254,24,201,57,76,,,,,,,,,,,,,,,,,
142713,142713,Mk10,02:18:33 15-Aug-2016,,,B,21.3233,-86.7622,CRC 10858.65091,08:00:00 14-Aug-2016,TimeSeries,210,166,162,28,136,0,165,247,142,25,238,230,3,160,196,239,216,74,4,92,70,3,143,255,190,245,87,125,91,187,246,
142713,142713,Mk10,11:37:00 15-Aug-2016,,,B,21.3667,-86.7492,CRC 16966.60385,12:16:00 06-Apr-2013,Behavior,180,36,101,12,196,45,151,137,7,190,247,106,10,122,20,10,28,159,182,245,100,208,96,112,169,80,82,149,165,107,90,
142713,142713,Mk10,13:16:12 15-Aug-2016,,,B,21.3859,-86.7329,CRC 22092.9766,06:00:00 13-Aug-2016,DiveDuration,69,100,194,26,108,128,0,4,9,95,203,128,101,70,153,228,141,203,229,,,,,,,,,,,,,
142713,142713,Mk10,13:16:12 15-Aug-2016,,,B,21.3742,-86.7373,CRC 22092.25970,06:00:00 13-Aug-2016,DiveDuration,69,100,194,26,108,128,0,4,8,16,70,44,72,57,249,31,246,64,133,,,,,,,,,,,,,
142713,142713,Mk10,14:51:15 15-Aug-2016,,,B,21.4006,-86.7245,CRC 52486.12076,22:19:00 13-Aug-2016,Behavior,188,208,98,27,100,248,19,2,232,1,16,18,10,60,96,132,24,49,177,64,8,9,3,78,201,1,149,60,206,94,36,
142713,142713,Mk10,15:45:13 15-Aug-2016,,,B,21.4001,-86.7237,CRC 41452.31213,18:00:00 12-Aug-2016,TAT,42,30,194,25,32,141,127,139,144,221,53,,,,,,,,,,,,,,,,,,,,,
142713,142713,Mk10,16:29:27 15-Aug-2016,,,B,21.3718,-86.7468,CRC 34196.26508,10:08:00 13-Aug-2016,Behavior,184,89,66,26,162,0,91,40,5,232,23,104,88,0,144,43,216,176,1,32,117,180,18,2,65,22,144,12,128,144,0,
142713,142713,Mk10,16:30:16 15-Aug-2016,,,B,21.3718,-86.7468,CRC 6072.43419,00:15:00 13-Oct-2016,Behavior,177,123,130,154,3,196,84,4,122,2,64,77,6,0,18,2,56,32,68,197,34,97,254,41,144,252,121,9,252,39,240,
142713,142713,Mk10,19:42:56 15-Aug-2016,,,3,21.3964,-86.7549,CRC 12984.12064,,Behavior,179,43,130,28,191,120,244,58,113,217,90,128,116,30,151,191,130,7,38,63,223,253,240,31,249,255,245,242,231,143,255,
142713,142713,Mk10,19:48:30 15-Aug-2016,,,3,21.3964,-86.7549,CRC 26262.26529,06:52:00 12-Aug-2016,Behavior,182,105,98,24,109,56,9,2,197,8,0,18,6,62,18,0,36,6,136,144,1,32,88,100,72,246,73,100,56,240,66,
142713,142713,Mk10,19:53:00 15-Aug-2016,,,3,21.3964,-86.7549,CRC 47465.22330,,TimeSeries,219,150,144,56,173,147,24,231,78,219,98,231,244,216,233,127,128,34,230,203,1,234,249,232,125,108,164,111,197,141,215,
142713,142713,Mk10,21:26:32 15-Aug-2016,,,B,21.3646,-86.7786,CRC 41540.39195,,Behavior,186,36,64,21,12,133,231,32,66,82,5,135,91,203,224,188,32,36,128,251,249,175,213,63,13,223,194,159,143,21,6,
142713,142713,Mk10,22:23:21 15-Aug-2016,,,B,21.3561,-86.7837,CRC 12012.771,11:07:00 15-Aug-2016,Behavior,178,238,194,30,177,196,114,245,2,2,64,193,130,132,14,129,184,197,8,39,4,92,112,224,84,69,5,19,237,248,39,
142713,142713,Mk10,22:43:14 15-Aug-2016,,,B,21.3533,-86.7832,CRC 54019.8167,06:00:00 15-Aug-2016,DiveDuration,77,48,50,30,110,128,4,0,20,1,120,29,29,196,116,110,38,46,165,,,,,,,,,,,,,
142713,142713,Mk10,00:23:15 16-Aug-2016,,,B,21.3500,-86.7794,CRC 20495.346,16:00:00 14-Aug-2016,TimeSeries,213,0,242,29,8,0,135,70,55,112,183,114,26,49,103,137,253,2,237,229,184,75,240,34,212,111,148,239,219,20,184,
142713,142713,Mk10,02:49:20 16-Aug-2016,,,B,21.3277,-86.7856,CRC 24038.19047,12:00:00 14-Aug-2016,DiveDepth,53,222,98,28,193,120,115,,,,,,,,,,,,,,,,,,,,,,,,,
142713,142713,Mk10,10:01:12 16-Aug-2016,,,B,21.3162,-86.7777,CRC 48362.25921,00:36:46 14-Aug-2016,Fast-GPS,123,206,162,28,6,75,158,165,158,91,254,26,129,52,222,21,32,179,1,31,221,197,109,242,217,108,192,84,0,0,0,
142713,142713,Mk10,10:49:28 16-Aug-2016,,,0,21.3318,-86.7659,CRC 12569.16943,08:00:00 29-Nov-2016,TwentyMinTimeline,83,17,146,250,136,34,165,215,41,141,77,160,229,112,237,154,95,33,224,255,183,243,166,93,42,63,250,99,159,152,143,
142713,142713,Mk10,10:57:23 16-Aug-2016,,,0,21.3318,-86.7659,CRC 23132.51440,02:00:00 15-Aug-2016,TAT,37,165,194,30,32,141,5,0,155,154,109,169,108,10,209,,,,,,,,,,,,,,,,,
142713,142713,Mk10,10:57:23 16-Aug-2016,,,B,21.3299,-86.7655,CRC 23132.34508,04:00:00 15-Aug-2016,DiveDepth,53,165,194,30,67,53,126,202,57,228,32,132,103,37,85,,,,,,,,,,,,,,,,,
142713,142713,Mk10,14:22:28 16-Aug-2016,,,B,21.3340,-86.7615,CRC 30652.42689,,DiveDuration,71,123,192,35,223,230,113,86,123,127,255,255,255,255,255,,,,,,,,,,,,,,,,,
142713,142713,Mk10,15:16:25 16-Aug-2016,,,B,21.3350,-86.7580,CRC 10858.12138,08:00:00 14-Aug-2016,TimeSeries,210,166,162,28,136,0,165,246,133,122,169,118,203,167,134,231,96,85,49,187,186,229,226,231,85,234,174,242,183,119,96,
142713,142713,Mk10,21:13:46 16-Aug-2016,,,B,21.3481,-86.7335,CRC 35268.35886,09:38:08 15-Aug-2016,Fast-GPS,120,156,66,30,150,98,36,115,17,173,35,78,237,70,226,193,12,159,33,92,27,75,129,250,9,24,25,203,49,249,252,
142713,142713,Mk10,23:53:17 16-Aug-2016,,,B,21.3321,-86.7514,CRC 11158.42699,23:00:00 14-Aug-2016,PDT,146,185,98,29,112,245,118,126,178,129,196,114,14,2,59,,,,,,,,,,,,,,,,,
142713,142713,Mk10,15:45:07 17-Aug-2016,,,A,21.3570,-86.7666,CRC 58479.3182,21:04:57 14-Aug-2016,Fast-GPS,126,70,242,29,84,78,100,169,238,133,249,143,63,241,88,158,56,196,102,167,152,185,239,65,155,155,230,159,23,145,120,
142713,142713,Mk10,15:47:10 17-Aug-2016,,,A,21.3570,-86.7666,CRC 10858.51662,08:00:00 14-Aug-2016,TimeSeries,210,166,162,28,136,0,165,246,133,122,169,118,203,167,134,231,96,85,49,187,187,228,246,248,208,9,139,49,102,228,153,
142713,142713,Mk10,15:53:20 17-Aug-2016,,,A,21.3570,-86.7666,CRC 17908.48365,,TAT,164,95,64,28,174,203,141,34,144,18,5,173,18,0,32,16,38,64,200,9,1,202,6,64,72,36,30,129,144,18,0,
142713,142713,Mk10,20:57:49 17-Aug-2016,,,1,21.3252,-86.7701,CRC 57128.7401,06:00:00 17-Aug-2016,PDT,157,242,130,34,96,96,177,114,32,206,194,0,238,110,224,,,,,,,,,,,,,,,,,
142713,142713,Mk10,21:03:50 17-Aug-2016,,,1,21.3252,-86.7701,CRC 39431.39901,06:00:00 17-Aug-2016,TAD,25,160,114,34,104,0,163,56,187,233,83,116,209,216,3,,,,,,,,,,,,,,,,,
142713,142713,Mk10,21:06:51 17-Aug-2016,,,1,21.3252,-86.7701,CRC 11712.45324,00:00:00 17-Aug-2016,DiveDuration,66,220,2,34,0,78,129,4,4,8,40,91,57,217,181,,,,,,,,,,,,,,,,,
142713,142713,Mk10,23:41:05 17-Aug-2016,,,B,21.3246,-86.7765,CRC 18936.15343,21:31:00 15-Aug-2016,Behavior,180,159,130,31,87,194,174,139,0,18,3,249,36,128,144,80,83,0,32,36,13,48,48,0,72,35,209,190,32,82,0,
142713,142713,Mk10,02:57:00 18-Aug-2016,,,B,21.3255,-86.7829,CRC 7901.17637,09:10:00 15-Aug-2016,Behavior,177,237,210,30,146,131,163,193,16,18,2,224,32,0,144,13,1,64,4,130,120,162,163,1,48,95,212,210,2,64,0,
142713,142713,Mk10,10:19:33 18-Aug-2016,,,A,21.3604,-86.7577,CRC 18940.17817,16:11:00 03-Apr-2016,Behavior,180,159,193,7,2,219,165,131,84,205,86,153,129,37,152,130,167,173,171,25,49,122,69,18,212,189,1,167,94,8,193,
142713,142713,Mk10,10:20:20 18-Aug-2016,,,A,21.3604,-86.7577,CRC 32073.25175,16:00:00 15-Aug-2016,TimeSeries,215,212,146,31,8,2,231,99,81,191,147,225,153,161,162,19,26,46,1,124,14,128,10,13,162,63,255,197,249,184,88,
142713,142713,Mk10,10:21:09 18-Aug-2016,,,A,21.3604,-86.7577,CRC 50840.21865,18:21:00 15-Aug-2016,Behavior,188,105,130,31,37,67,178,140,0,18,8,243,170,68,4,130,53,68,121,1,32,127,176,162,2,64,67,8,0,83,85,
142713,142713,Mk10,11:41:02 18-Aug-2016,,,B,21.3598,-86.7374,CRC 27602.13203,09:24:00 26-Aug-2016,Fast-GPS,118,189,34,52,157,128,32,117,33,55,118,23,163,215,34,3,76,131,72,71,233,103,6,95,242,125,27,17,112,164,212,
142713,142713,Mk10,11:55:51 18-Aug-2016,,,B,21.3538,-86.7434,CRC 48986.32619,12:00:00 17-Aug-2016,DiveDepth,59,245,162,34,192,54,129,2,28,64,0,,,,,,,,,,,,,,,,,,,,,
142713,142713,Mk10,13:41:29 18-Aug-2016,,,B,21.3689,-86.7290,CRC 56547.56931,20:21:07 17-Aug-2016,Fast-GPS,125,206,50,35,69,81,212,196,50,10,69,85,129,98,39,88,215,44,2,25,165,4,34,,,,,,,,,
142713,142713,Mk10,13:49:52 18-Aug-2016,,,B,21.3694,-86.7646,CRC 22339.31309,06:24:00 18-Aug-2016,Behavior,181,116,50,36,102,2,184,138,0,18,8,150,130,128,9,129,122,68,128,8,2,213,42,17,216,17,124,139,35,20,127,
142713,142713,Mk10,13:55:30 18-Aug-2016,,,B,21.3694,-86.7646,CRC 6992.9588,00:00:00 18-Aug-2016,TimeSeries,209,181,2,36,8,0,71,247,183,187,255,121,26,232,247,239,194,181,54,170,131,153,254,241,162,149,185,239,254,167,26,
142713,142713,Mk10,14:41:03 18-Aug-2016,,,B,21.3691,-86.7654,CRC 7274.52668,,PDT,145,198,160,193,223,249,89,55,9,251,201,184,174,212,47,,,,,,,,,,,,,,,,,
142713,142713,Mk10,15:22:21 18-Aug-2016,,,B,21.3599,-86.7649,CRC 8779.6526,,Percent,98,36,179,170,4,213,66,253,162,68,253,65,211,64,74,19,134,22,252,,,,,,,,,,,,,
142713,142713,Mk10,16:21:00 18-Aug-2016,,,B,21.3584,-86.7603,CRC 8696.60658,08:00:00 17-Aug-2016,TimeSeries,210,31,130,34,136,3,6,238,34,230,73,146,162,115,22,59,170,221,62,143,206,200,33,121,111,20,136,190,215,240,80,
142713,142713,Mk10,16:21:52 18-Aug-2016,,,B,21.3584,-86.7603,CRC 29403.16497,,Behavior,183,45,178,34,191,195,71,201,225,92,117,255,253,45,35,199,89,141,163,200,44,128,231,203,9,166,44,239,97,230,178,
142713,142713,Mk10,22:21:40 18-Aug-2016,,,B,21.3391,-86.7978,Too short,,DiveDepth,57,102,114,,,,,,,,,,,,,,,,,,,,,,,,,,,,,
142713,142713,Mk10,23:07:17 18-Aug-2016,,,B,21.3265,-86.7901,CRC 7901.10964,09:10:00 15-Aug-2016,Behavior,177,237,210,30,146,131,163,193,31,201,248,73,40,110,135,168,154,35,174,69,89,128,108,161,239,56,198,189,95,139,48,
142713,142713,Mk10,23:12:01 18-Aug-2016,,,B,21.3265,-86.7901,CRC 28340.13913,06:23:00 15-Aug-2016,Behavior,182,235,66,30,101,196,80,65,32,2,65,29,53,120,0,144,13,161,0,4,130,17,123,127,30,124,31,66,84,135,245,
142713,142713,Mk10,01:44:02 19-Aug-2016,,,B,21.3202,-86.7806,CRC 24807.41118,06:00:00 18-Aug-2016,TAD,22,14,114,36,104,1,46,90,45,218,95,227,74,0,0,,,,,,,,,,,,,,,,,
142713,142713,Mk10,02:32:09 19-Aug-2016,,,B,21.3257,-86.7770,CRC 14257.36958,03:19:00 18-Aug-2016,Behavior,179,123,18,36,52,196,76,209,32,7,20,193,130,64,4,129,207,148,220,32,194,251,80,94,115,141,63,86,151,219,155,
142713,142713,Mk10,11:37:52 19-Aug-2016,,,A,21.3503,-86.7640,CRC 50697.26186,08:59:00 18-Aug-2016,Behavior,188,96,146,36,142,196,79,240,34,8,197,216,49,133,85,41,77,77,206,251,255,195,49,2,133,77,36,208,144,140,120,
142713,142713,Mk10,12:03:29 19-Aug-2016,,,1,21.3573,-86.7588,CRC 53176.3961,18:00:00 15-Aug-2016,DiveDuration,76,251,130,31,32,78,129,2,4,0,0,32,64,1,5,,,,,,,,,,,,,,,,,
142713,142713,Mk10,23:22:56 19-Aug-2016,,,B,21.4059,-86.7324,CRC 5463.35597,20:55:00 19-Aug-2016,Behavior,177,85,114,39,77,199,246,255,186,136,0,72,0,0,232,88,56,123,195,240,33,182,254,30,57,44,249,188,196,253,253,
142713,142713,Mk10,20:24:33 20-Aug-2016,,,B,21.3889,-86.7271,CRC 5463.55124,20:08:00 19-Aug-2016,Behavior,177,85,114,39,66,56,9,0,68,8,0,72,34,0,11,16,18,7,53,21,32,236,171,20,42,64,232,24,128,92,128,
142713,142713,Mk10,20:25:22 20-Aug-2016,,,B,21.3889,-86.7271,CRC 6633.62103,17:24:00 19-Aug-2016,Behavior,177,158,146,39,22,56,39,3,148,140,16,18,2,64,48,1,65,104,75,209,48,62,69,194,240,111,3,220,224,233,97,
142713,142713,Mk10,23:11:09 20-Aug-2016,,,B,21.3766,-86.7154,CRC 32659.29534,08:07:00 19-Aug-2016,Behavior,183,249,50,38,129,248,9,4,84,97,64,2,64,197,226,128,4,130,49,128,176,1,32,84,224,34,2,64,202,225,128,
142713,142713,Mk10,07:18:21 21-Aug-2016,,,B,21.3548,-86.7112,CRC 7678.2209,00:00:00 18-Aug-2016,TAD,17,223,226,36,7,0,20,169,84,169,90,165,122,171,90,,,,,,,,,,,,,,,,,
142713,142713,Mk10,10:46:52 21-Aug-2016,,,A,21.3542,-86.7251,CRC 53005.56867,11:26:53 19-Aug-2016,Fast-GPS,124,240,210,38,181,173,111,11,83,123,60,121,1,1,72,135,242,59,233,105,114,131,169,134,213,199,41,86,84,172,157,
142713,142713,Mk10,11:43:36 21-Aug-2016,,,A,21.3685,-86.7301,CRC 15450.57641,18:00:00 01-Aug-2016,DiveDepth,51,197,162,3,35,53,91,101,3,205,247,,,,,,,,,,,,,,,,,,,,,
142713,142713,Mk10,11:44:22 21-Aug-2016,,,A,21.3685,-86.7301,CRC 35692.34443,,Behavior,184,182,203,106,105,176,70,66,108,110,18,31,241,207,206,144,173,207,135,,,,,,,,,,,,,
142713,142713,Mk10,11:45:09 21-Aug-2016,,,B,21.3686,-86.7298,CRC 5145.185,18:00:00 20-Aug-2016,TAT,33,65,146,41,32,172,101,115,66,0,0,,,,,,,,,,,,,,,,,,,,,
142713,142713,Mk10,12:34:11 21-Aug-2016,,,B,21.3710,-86.7311,CRC 23493.47925,20:05:00 20-Aug-2016,Behavior,181,188,82,41,65,67,38,138,16,78,118,57,22,32,236,13,99,14,28,56,112,225,199,14,56,112,241,158,28,113,241,
142713,142713,Mk10,14:22:23 21-Aug-2016,,,B,21.3696,-86.7262,CRC 25584.60915,18:14:00 20-Aug-2016,Behavior,182,63,2,41,35,132,68,177,50,14,208,42,54,156,19,120,197,221,200,129,187,60,205,85,50,231,170,162,78,93,86,
142713,142713,Mk10,23:38:47 21-Aug-2016,,,A,21.3648,-86.7414,CRC 51009.26317,12:00:00 18-Aug-2016,DiveDuration,76,116,18,36,192,126,129,2,4,0,0,0,132,18,1,,,,,,,,,,,,,,,,,
142713,142713,Mk10,01:51:37 22-Aug-2016,,,B,21.3610,-86.7553,CRC 18578.34991,12:00:00 21-Aug-2016,DiveDuration,68,137,34,42,205,128,4,0,0,0,0,129,2,4,5,16,16,0,0,,,,,,,,,,,,,
142713,142713,Mk10,11:57:57 22-Aug-2016,,,B,21.3427,-86.7891,CRC 131.15611,18:00:00 19-Aug-2016,DiveDepth,48,8,50,39,38,128,0,1,0,1,96,,,,,,,,,,,,,,,,,,,,,
142713,142713,Mk10,16:32:27 22-Aug-2016,,,B,21.3541,-86.7757,CRC 1591.11518,00:00:00 19-Aug-2016,TAD,16,99,114,38,7,0,157,144,27,92,122,254,1,222,90,,,,,,,,,,,,,,,,,
142713,142713,Mk10,01:17:50 23-Aug-2016,,,B,21.3735,-86.7749,CRC 44984.3257,00:00:00 21-Aug-2016,DiveDepth,58,251,130,42,0,103,135,64,189,135,70,,,,,,,,,,,,,,,,,,,,,
142713,142713,Mk10,02:04:16 23-Aug-2016,,,B,21.3655,-86.7435,CRC 53817.612,02:59:30 21-Aug-2016,Fast-GPS,125,35,146,42,39,183,156,18,215,21,159,7,73,243,249,17,131,198,236,19,198,163,76,9,207,173,11,135,212,89,245,
142713,142713,Mk10,17:02:45 23-Aug-2016,,,B,21.3691,-86.7679,CRC 9971.24499,08:00:00 22-Aug-2016,TimeSeries,210,111,50,44,136,3,71,255,255,255,255,255,255,255,255,247,211,253,47,255,191,255,255,243,255,127,255,11,250,255,79,
142713,142713,Mk10,17:03:36 23-Aug-2016,,,B,21.3691,-86.7679,CRC 41946.23482,10:15:00 22-Aug-2016,Behavior,186,61,162,44,163,211,163,205,38,181,222,82,180,155,118,6,148,183,147,64,154,118,116,103,30,66,215,92,99,52,8,
142713,142713,Mk10,22:34:41 23-Aug-2016,,,B,21.3583,-86.7768,CRC 46258.64571,16:19:25 21-Aug-2014,Fast-GPS,123,75,42,43,5,54,84,199,117,60,39,66,59,53,121,26,16,104,235,153,221,52,32,,,,,,,,,
142713,142713,Mk10,10:14:16 24-Aug-2016,,,B,21.3642,-86.7363,CRC 57084.32811,12:00:00 22-Aug-2016,TAD,29,239,194,44,192,128,241,210,0,209,113,224,241,81,225,17,81,160,0,,,,,,,,,,,,,
142713,142713,Mk10,10:58:24 24-Aug-2016,,,B,21.3591,-86.7345,CRC 5650.59377,06:00:00 22-Oct-2016,DiveDepth,49,97,34,172,101,179,167,105,68,209,228,,,,,,,,,,,,,,,,,,,,,
142713,142713,Mk10,10:59:11 24-Aug-2016,,,B,21.3591,-86.7345,CRC 17910.25381,05:29:05 23-Aug-2016,Fast-GPS,116,95,98,46,85,209,93,91,249,127,72,200,28,243,101,157,79,50,162,156,225,227,73,81,221,236,34,41,45,35,156,
142713,142713,Mk10,11:19:27 24-Aug-2016,,,B,21.3591,-86.7350,CRC 52293.31795,09:22:00 23-Aug-2016,Behavior,188,196,82,46,149,184,128,76,75,145,146,29,149,20,108,71,242,78,234,192,197,89,106,217,173,156,211,134,79,37,174,
142713,142713,Mk10,21:29:46 24-Aug-2016,,,B,21.3809,-86.7570,CRC 46514.13303,21:29:46 24-Aug-2016,Fast-GPS,123,91,34,43,229,86,94,199,117,52,37,66,61,84,131,90,16,104,239,153,221,60,32,,,,,,,,,
142713,142713,Mk10,23:58:27 24-Aug-2016,,,B,21.3735,-86.7480,CRC 30908.48829,18:00:00 23-Aug-2016,TAD,23,139,194,47,41,0,136,128,128,128,128,131,116,5,8,,,,,,,,,,,,,,,,,
142713,142713,Mk10,03:46:21 25-Aug-2016,,,B,21.3671,-86.7421,CRC 26404.58764,00:00:00 23-Aug-2016,PDT,150,114,66,46,0,128,177,210,0,209,113,224,241,88,150,22,37,172,182,,,,,,,,,,,,,
142713,142713,Mk10,11:16:54 25-Aug-2016,,,B,21.3694,-86.7315,CRC 64864.31019,18:00:00 21-Aug-2016,TAD,31,214,2,43,41,0,134,129,128,7,4,128,16,247,64,,,,,,,,,,,,,,,,,
142713,142713,Mk10,12:58:41 25-Aug-2016,,,B,21.3592,-86.7264,CRC 65232.40200,18:00:00 12-Aug-2014,DiveDepth,63,237,10,25,34,225,178,12,18,255,186,,,,,,,,,,,,,,,,,,,,,
142713,142713,Mk10,19:37:04 25-Aug-2016,,,A,21.3727,-86.7836,CRC 20802.57173,08:13:00 22-Aug-2016,Behavior,181,20,34,44,131,68,95,65,146,39,207,22,224,100,137,242,197,129,25,33,17,160,232,49,234,102,162,114,213,170,90,
142713,142713,Mk10,21:19:37 25-Aug-2016,,,B,21.3860,-86.7704,CRC 24513.29093,,,245,252,29,224,61,145,238,6,150,77,192,133,177,240,242,206,35,243,33,123,225,253,16,243,170,105,166,135,79,59,197,
142713,142713,Mk10,01:22:57 26-Aug-2016,,,A,21.3695,-86.7513,CRC 23141.33404,08:00:00 25-Aug-2016,TimeSeries,213,166,82,50,136,67,71,255,63,255,255,253,63,252,191,221,63,248,191,255,247,254,63,255,255,255,255,255,253,127,248,
142713,142713,Mk10,04:24:25 26-Aug-2016,,,B,21.3726,-86.7222,CRC 54785.5802,06:00:00 25-Aug-2016,TAD,29,96,18,50,96,55,129,0,0,88,0,,,,,,,,,,,,,,,,,,,,,
142713,142713,Mk10,10:43:00 26-Aug-2016,,,B,21.3641,-86.6917,CRC 7643.3259,12:00:00 24-Aug-2016,DiveDepth,49,221,178,48,192,86,132,18,0,128,0,,,,,,,,,,,,,,,,,,,,,
142713,142713,Mk10,13:42:02 26-Aug-2016,,,B,21.3762,-86.7305,CRC 3384.44721,18:00:00 23-Oct-2016,DiveDepth,48,211,130,175,32,87,135,14,0,0,2,,,,,,,,,,,,,,,,,,,,,
142713,142713,Mk10,16:03:38 26-Aug-2016,,,B,21.3766,-86.7289,CRC 19787.36426,12:00:00 23-Aug-2016,DiveDepth,52,212,178,46,199,128,0,4,0,0,134,,,,,,,,,,,,,,,,,,,,,
142713,142713,Mk10,19:23:52 26-Aug-2016,,,B,21.3818,-86.7279,CRC 47337.9888,18:00:00 22-Aug-2016,DiveDuration,75,142,146,45,32,109,129,2,28,0,32,112,115,99,130,,,,,,,,,,,,,,,,,
142713,142713,Mk10,21:57:08 26-Aug-2016,,,B,21.3812,-86.7293,CRC 42696.41290,09:00:00 16-Aug-2016,PDT,154,108,130,32,159,135,135,135,135,135,135,135,135,7,131,192,248,113,31,,,,,,,,,,,,,
142713,142713,Mk10,23:08:23 26-Aug-2016,,,B,21.3449,-86.7384,CRC 32077.37264,19:24:00 26-Aug-2016,Behavior,183,212,210,53,54,56,19,1,232,54,80,200,6,51,12,16,18,5,81,22,32,76,14,85,16,15,251,237,57,151,255,
142713,142713,Mk10,23:37:01 26-Aug-2016,,,A,21.3644,-86.7401,CRC 52283.64743,00:00:00 26-Aug-2016,PDT,156,195,178,52,0,128,177,179,64,209,242,64,240,209,1,24,199,56,198,,,,,,,,,,,,,
142713,142713,Mk10,08:01:32 27-Aug-2016,,,A,21.3536,-86.7364,CRC 37646.783,18:00:00 24-Aug-2016,TAD,25,48,226,49,41,0,9,1,1,0,128,131,115,5,128,,,,,,,,,,,,,,,,,
142713,142713,Mk10,11:32:19 27-Aug-2016,,,B,21.3458,-86.7220,CRC 46268.892,09:03:00 25-Aug-2016,Behavior,187,75,194,50,144,196,67,33,162,19,193,17,224,104,138,133,68,145,21,2,57,107,12,52,66,224,4,224,38,68,187,
142713,142713,Mk10,11:44:40 27-Aug-2016,,,B,21.3458,-86.7220,CRC 45824.34546,06:55:00 25-Aug-2016,Behavior,187,48,2,50,109,248,79,60,77,112,160,108,27,85,151,132,205,233,239,179,149,71,39,51,242,26,213,55,187,9,225,
142713,142713,Mk10,13:16:33 27-Aug-2016,,,B,21.3769,-86.7534,CRC 58044.25934,12:27:58 27-Aug-2016,Fast-GPS,126,43,194,54,197,190,170,252,84,20,103,200,5,198,172,35,26,188,45,198,198,237,187,225,38,8,71,140,52,10,114,
142713,142713,Mk10,13:17:22 27-Aug-2016,,,B,21.3769,-86.7534,CRC 59580.65485,00:00:00 25-Aug-2016,TimeSeries,222,139,194,50,8,3,164,251,187,187,187,187,187,187,187,187,187,187,187,187,187,187,187,187,185,187,182,187,191,185,14,
142713,142713,Mk10,13:58:53 27-Aug-2016,,,B,21.3687,-86.7413,CRC 44653.57848,18:00:00 23-Aug-2016,PDT,154,230,210,47,32,161,243,57,67,75,85,125,238,200,218,37,156,178,22,,,,,,,,,,,,,
142713,142713,Mk10,14:57:41 27-Aug-2016,,,B,21.3731,-86.7452,CRC 13398.46852,23:26:00 24-Aug-2016,Behavior,179,69,98,49,118,185,58,123,253,140,144,216,181,193,25,32,193,135,240,185,4,231,137,44,50,67,179,34,15,12,144,
142713,142713,Mk10,15:34:48 27-Aug-2016,,,B,21.3738,-86.7442,CRC 302.15499,06:00:00 27-Aug-2016,TAD,16,18,226,54,105,0,6,132,24,224,190,132,248,156,192,,,,,,,,,,,,,,,,,
142713,142713,Mk10,16:12:12 28-Aug-2016,,,B,21.4051,-86.7981,CRC 51573.65397,21:20:00 25-Aug-2016,Behavior,188,151,82,51,85,56,9,2,129,140,144,38,6,142,24,33,17,15,86,50,65,132,162,88,12,144,18,0,178,33,0,
142713,142713,Mk10,18:54:13 28-Aug-2016,,,A,21.3240,-86.7578,CRC 2778.64218,15:37:00 25-Aug-2016,Behavior,176,173,162,50,249,120,9,3,113,140,144,177,24,135,131,4,14,129,74,197,200,98,75,113,140,152,78,4,217,24,32,
142713,142713,Mk10,18:55:09 28-Aug-2016,,,A,21.3240,-86.7578,CRC 26413.64161,13:34:00 25-Aug-2016,Behavior,182,114,210,50,216,184,59,56,67,167,195,248,246,106,26,193,33,109,104,126,2,20,67,202,145,52,4,167,199,75,252,
142713,142713,Mk10,23:50:03 28-Aug-2016,,,B,21.3093,-86.7797,CRC 25627.8085,16:00:00 08-Feb-2016,TAD,22,65,176,145,15,131,170,162,236,30,102,222,121,173,6,,,,,,,,,,,,,,,,,
142713,142713,Mk10,00:07:57 29-Aug-2016,,,B,21.3250,-86.7633,CRC 33692.13780,16:00:00 28-Aug-2016,TimeSeries,216,57,194,57,8,67,47,187,247,243,102,79,197,168,166,2,192,145,145,130,194,92,41,171,25,21,217,70,49,18,64,
142713,142713,Mk10,00:48:06 29-Aug-2016,,,B,21.3325,-86.7721,CRC 15534.57865,12:00:00 28-Aug-2016,DiveDuration,67,202,226,56,194,110,130,24,229,178,202,243,136,9,169,,,,,,,,,,,,,,,,,
142713,142713,Mk10,00:51:29 29-Aug-2016,,,B,21.3325,-86.7721,CRC 30983.47384,04:23:00 26-Aug-2016,Fast-GPS,119,144,114,52,69,112,18,91,100,21,142,244,8,192,254,155,145,34,20,2,128,0,0,,,,,,,,,
142713,142713,Mk10,04:13:26 29-Aug-2016,,,B,21.3395,-86.7884,CRC 15146.43521,18:00:00 27-Aug-2016,TAT,35,178,162,55,32,170,219,142,152,0,0,,,,,,,,,,,,,,,,,,,,,
142713,142713,Mk10,09:05:45 29-Aug-2016,,,A,21.3396,-86.7672,CRC 31548.47367,,TAT,39,179,200,151,159,172,122,140,128,0,0,,,,,,,,,,,,,,,,,,,,,
142713,142713,Mk10,09:08:29 29-Aug-2016,,,A,21.3396,-86.7672,CRC 58300.41680,12:27:58 27-Aug-2016,Fast-GPS,126,59,194,54,197,190,162,232,92,18,181,157,117,240,208,207,24,254,247,185,1,139,193,25,183,63,53,163,84,132,0,
142713,142713,Mk10,10:50:55 29-Aug-2016,,,A,21.3367,-86.7646,CRC 20730.40564,00:00:00 26-Aug-2016,TimeSeries,213,15,162,52,8,3,39,255,253,63,255,255,255,239,255,224,0,65,1,31,30,121,149,128,8,127,128,187,72,0,199,
142713,142713,Mk10,10:51:51 29-Aug-2016,,,A,21.3367,-86.7646,CRC 48582.8589,18:00:00 25-Aug-2016,PDT,155,220,98,51,32,128,177,178,160,209,18,32,240,248,15,224,63,128,127,,,,,,,,,,,,,
142713,142713,Mk10,14:57:53 29-Aug-2016,,,B,21.3603,-86.7532,CRC 21284.16932,06:00:00 28-Aug-2016,TAT,37,50,66,56,96,172,68,112,0,0,60,,,,,,,,,,,,,,,,,,,,,
142713,142713,Mk10,18:43:45 29-Aug-2016,,,B,21.3614,-86.7595,CRC 19852.39166,08:06:00 28-Aug-2016,Behavior,180,216,194,56,129,128,78,8,0,72,26,156,100,136,167,196,55,25,32,76,0,232,64,6,12,140,56,50,64,72,0,
142713,142713,Mk10,20:30:51 29-Aug-2016,,,B,21.3272,-86.7667,CRC 39434.22667,20:30:48 29-Aug-2016,Status,4,2,59,71,176,154,10,52,87,225,224,3,32,120,63,73,64,0,64,,,,,,,,,,,,,
142713,142713,Mk10,21:55:36 29-Aug-2016,,,B,21.3244,-86.7675,CRC 27487.60876,08:00:00 27-Aug-2016,TimeSeries,214,181,242,54,136,67,37,63,255,227,255,255,227,255,252,191,234,219,35,187,187,187,187,158,175,148,201,95,115,90,36,
142713,142713,Mk10,23:27:41 29-Aug-2016,,,B,21.3250,-86.7775,CRC 17039.47065,,TAD,20,40,244,10,158,96,131,1,46,23,234,92,4,136,204,,,,,,,,,,,,,,,,,
142713,142713,Mk10,23:32:10 29-Aug-2016,,,B,21.3251,-86.7832,CRC 32827.55641,17:28:27 18-Aug-2016,Fast-GPS,120,3,178,37,25,198,229,220,20,220,146,161,42,240,129,45,11,190,210,81,75,89,206,42,8,213,1,187,25,175,253,
142713,142713,Mk10,23:34:46 29-Aug-2016,,,B,21.3251,-86.7832,CRC 21863.25955,03:26:00 27-Aug-2016,Behavior,181,86,114,54,54,132,80,65,130,34,145,19,192,96,137,70,68,205,25,34,81,81,73,134,8,138,92,85,145,146,0,
142713,142713,Mk10,03:01:26 30-Aug-2016,,,B,21.3292,-86.7853,CRC 4400.11372,06:24:16 29-Aug-2016,Fast-GPS,113,19,2,58,109,132,0,6,40,160,0,,,,,,,,,,,,,,,,,,,,,
142713,142713,Mk10,08:59:53 30-Aug-2016,,,B,21.3298,-86.7843,CRC 42058.62060,02:00:00 22-Nov-2013,PDT,154,68,166,236,41,107,126,160,114,3,192,97,241,81,161,17,81,128,0,,,,,,,,,,,,,
142713,142713,Mk10,10:33:19 30-Aug-2016,,,B,21.3316,-86.7887,CRC 15146.59800,18:00:00 27-Aug-2016,TAT,35,178,162,55,32,174,118,144,198,58,243,,,,,,,,,,,,,,,,,,,,,
142713,142713,Mk10,11:30:24 30-Aug-2016,,,B,21.3279,-86.7798,CRC 60338.20182,16:00:00 27-Aug-2016,TimeSeries,222,187,34,55,8,3,135,187,191,187,187,187,187,185,56,123,102,23,111,255,255,255,255,255,255,254,191,255,239,253,60,
142713,142713,Mk10,12:13:48 30-Aug-2016,,,A,21.3374,-86.7656,CRC 35980.46543,07:00:00 27-Aug-2016,DiveDuration,72,200,194,54,126,128,10,8,8,48,0,1,171,127,237,127,127,191,255,,,,,,,,,,,,,
142713,142713,Mk10,13:17:41 30-Aug-2016,,,B,21.3425,-86.7553,CRC 27487.59070,08:00:00 27-Aug-2016,TimeSeries,214,181,242,54,136,67,37,63,255,227,255,255,227,255,252,111,138,219,35,187,47,179,153,182,139,143,172,49,229,28,119,
142713,142713,Mk10,21:54:40 30-Aug-2016,,,B,21.3977,-86.6764,CRC 9143.17123,06:00:00 29-Aug-2016,DiveDuration,66,59,114,58,108,128,2,4,72,0,64,192,131,0,0,32,0,0,128,,,,,,,,,,,,,
142713,142713,Mk10,22:56:24 30-Aug-2016,,,B,21.3718,-86.7079,CRC 28474.2084,08:51:00 29-Aug-2016,Behavior,182,243,162,58,140,196,79,248,66,14,158,219,32,132,24,128,35,217,13,52,64,147,4,187,104,148,97,103,177,13,243,
142713,142713,Mk10,07:05:54 31-Aug-2016,,,B,21.3194,-86.7937,CRC 29949.43356,00:00:00 28-Aug-2016,TAT,39,79,210,56,0,172,124,11,0,128,45,,,,,,,,,,,,,,,,,,,,,
142713,142713,Mk10,11:23:38 31-Aug-2016,,,B,21.3224,-86.8002,CRC 43974.29105,08:14:51 29-Aug-2016,Fast-GPS,122,188,98,58,132,236,226,236,165,45,216,81,208,14,6,6,248,7,87,136,182,135,111,77,192,241,128,108,129,155,207,
142713,142713,Mk10,11:33:28 31-Aug-2016,,,B,21.3258,-86.7924,CRC 23336.4911,14:19:00 30-Aug-2016,Behavior,181,178,130,60,228,248,19,2,227,2,16,146,5,199,119,157,32,247,244,201,201,63,216,185,3,16,18,7,71,6,32,
142713,142713,Mk10,16:02:33 31-Aug-2016,,,,,,CRC 28423.24271,16:00:00 29-Aug-2016,TimeSeries,214,240,114,59,8,65,7,187,151,251,131,187,151,54,213,115,81,86,157,198,243,50,142,41,137,208,155,99,68,17,143,
142713,142713,Mk10,20:10:13 31-Aug-2016,,,B,21.3098,-86.8415,CRC 51141.23747,00:00:00 29-Aug-2016,DiveDepth,60,124,82,58,0,54,136,8,98,116,241,,,,,,,,,,,,,,,,,,,,,
142713,142713,Mk10,22:19:00 31-Aug-2016,,,B,21.3127,-86.8235,CRC 35534.19338,18:00:00 28-Aug-2016,PDT,152,172,226,57,32,128,177,242,225,93,115,143,6,1,227,116,49,9,254,,,,,,,,,,,,,
142713,142713,Mk10,22:53:30 31-Aug-2016,,,B,21.3225,-86.8032,CRC 18718.28616,00:00:00 28-Aug-2016,DiveDepth,52,145,226,56,12,0,8,0,0,0,0,0,0,34,7,0,247,0,0,,,,,,,,,,,,,
142713,142713,Mk10,01:30:46 01-Sep-2016,,,,,,CRC 54315.5375,19:00:00 31-Aug-2016,TAD,29,66,178,63,56,0,4,3,2,131,131,240,133,0,0,,,,,,,,,,,,,,,,,
142713,142713,Mk10,04:00:35 01-Sep-2016,,,B,21.3165,-86.7908,CRC 432.33428,12:00:00 01-Aug-2016,TAT,32,27,2,2,192,200,14,,,,,,,,,,,,,,,,,,,,,,,,,
142713,142713,Mk10,08:35:26 01-Sep-2016,,,B,21.3331,-86.7867,CRC 1969.32564,14:58:00 29-Aug-2016,Behavior,176,123,18,58,238,184,9,4,91,208,114,2,65,20,96,28,128,144,86,140,16,240,110,227,127,181,184,167,56,205,121,
142713,142713,Mk10,12:56:15 01-Sep-2016,,,B,21.3295,-86.7694,CRC 2291.56066,00:00:00 01-Sep-2016,TimeSeries,208,143,50,66,8,64,103,248,45,252,92,55,152,225,239,145,254,24,232,208,119,142,131,92,16,121,93,33,119,101,32,
142713,142713,Mk10,12:56:15 01-Sep-2016,,,B,21.3293,-86.7690,CRC 2291.18366,00:00:00 01-Sep-2016,TimeSeries,208,143,50,66,8,64,103,249,96,245,242,211,54,11,157,72,148,99,166,168,80,20,178,14,216,206,7,39,28,113,148,
142713,142713,Mk10,23:29:36 01-Sep-2016,,,B,21.3235,-86.7636,CRC 43698.1727,23:43:00 30-Sep-2013,Behavior,186,171,38,125,122,248,9,230,54,15,181,157,6,245,10,11,62,65,39,190,203,193,19,133,97,54,155,121,155,105,109,
142713,142713,Mk10,01:12:49 02-Sep-2016,,,B,21.3295,-86.7697,CRC 8781.57878,00:00:00 30-Aug-2016,Percent,98,36,210,60,12,0,7,0,0,0,0,7,0,0,0,0,113,24,0,,,,,,,,,,,,,
142713,142713,Mk10,03:34:33 02-Sep-2016,,,B,21.3360,-86.7662,CRC 15674.16784,21:24:00 31-Aug-2016,Behavior,179,211,162,63,86,56,9,4,71,208,82,9,206,252,64,164,14,41,209,193,72,9,4,79,0,82,2,64,222,64,68,
142713,142713,Mk10,04:28:14 02-Sep-2016,,,B,21.3392,-86.7751,CRC 26639.29125,03:42:55 30-Aug-2016,Fast-GPS,118,128,242,60,54,173,220,10,155,101,66,60,233,6,37,15,231,248,10,177,22,202,65,10,112,207,253,48,25,212,54,
142713,142713,Mk10,04:29:17 02-Sep-2016,,,B,21.3392,-86.7751,CRC 44996.40393,17:52:00 31-Aug-2016,Behavior,186,252,66,63,29,4,67,32,98,2,64,230,96,164,4,130,69,208,49,1,32,142,94,12,64,72,29,49,205,226,143,
142713,142713,Mk10,10:12:08 02-Sep-2016,,,B,21.3390,-86.7921,CRC 2408.48004,01:04:08 01-Sep-2016,Fast-GPS,112,150,130,66,20,66,31,29,34,1,196,128,132,43,20,249,62,74,79,31,28,2,170,151,154,121,112,56,0,0,0,
142713,142713,Mk10,12:10:44 02-Sep-2016,,,B,21.3508,-86.7706,RTC minutes: 60,12:10:44 02-Sep-2016,Status,0,77,95,63,33,172,143,,,,,,,,,,,,,,,,,,,,,,,,,
142713,142713,Mk10,12:29:32 02-Sep-2016,,,B,21.3481,-86.7611,CRC 59833.10683,18:00:00 31-Aug-2016,PDT,158,155,146,63,32,64,177,113,160,209,81,160,0,4,0,,,,,,,,,,,,,,,,,
142713,142713,Mk10,12:44:52 02-Sep-2016,,,A,21.3483,-86.7583,CRC 45136.39952,10:25:00 01-Sep-2016,Behavior,187,5,2,66,166,120,29,5,239,224,98,2,65,19,152,24,129,48,70,178,6,32,36,18,196,129,136,9,0,0,111,
142713,142713,Mk10,15:15:26 02-Sep-2016,,,A,21.3652,-86.7188,CRC 8377.43783,02:29:00 01-Sep-2016,Behavior,178,11,146,66,39,120,9,0,78,16,0,72,26,176,104,0,144,52,192,208,1,32,146,200,52,0,221,152,199,131,187,
142713,142713,Mk10,15:16:28 02-Sep-2016,,,A,21.3652,-86.7188,CRC 14790.8939,00:14:00 01-Sep-2016,Behavior,179,156,98,66,3,184,29,3,61,1,144,136,215,56,3,33,57,109,218,6,66,194,162,212,128,144,18,1,135,118,135,
142713,142713,Mk10,19:43:13 02-Sep-2016,,,B,21.3863,-86.7023,CRC 44546.2541,09:05:00 31-Aug-2016,Behavior,186,224,34,62,145,120,9,2,202,10,0,78,5,58,20,2,95,229,79,134,14,28,26,189,215,127,103,152,231,252,239,
142713,142713,Mk10,12:25:30 03-Sep-2016,,,A,21.3857,-86.7498,CRC 61209.7140,,Behavior,190,241,146,126,153,161,135,123,203,70,172,177,54,36,116,9,13,88,8,214,210,134,141,112,197,36,194,162,196,116,12,
142713,142713,Mk10,12:27:19 03-Sep-2016,,,A,21.3857,-86.7498,CRC 11321.36315,08:00:00 31-Aug-2016,TimeSeries,210,195,146,62,136,64,132,85,157,221,157,197,221,208,115,185,118,60,66,17,200,38,13,5,116,45,240,192,76,202,60,
142713,142713,Mk10,15:45:12 03-Sep-2016,,,B,21.4234,-86.7763,CRC 54843.60868,11:11:00 03-Sep-2016,Behavior,189,99,178,70,178,248,188,132,71,209,130,30,169,22,172,92,128,80,46,248,153,135,12,103,181,170,212,192,178,130,4,
142713,142713,Mk10,21:10:41 03-Sep-2016,,,B,21.4001,-86.7492,CRC 16716.24390,12:15:00 02-Sep-2016,Behavior,180,20,194,68,195,195,168,198,144,18,6,32,151,32,236,172,14,44,64,72,1,208,192,9,158,166,131,4,4,128,0,
142713,142713,Mk10,22:04:14 03-Sep-2016,,,B,21.3971,-86.7478,CRC 56491.52695,,Percent,109,202,179,234,22,238,41,243,64,167,9,,,,,,,,,,,,,,,,,,,,,
142713,142713,Mk10,00:04:33 04-Sep-2016,,,B,21.3512,-86.7660,CRC 4421.4764,18:00:00 03-Sep-2016,DiveDepth,49,20,82,71,32,87,133,2,0,34,133,,,,,,,,,,,,,,,,,,,,,
142713,142713,Mk10,00:55:27 04-Sep-2016,,,B,21.3593,-86.7808,CRC 2291.48813,00:00:00 01-Sep-2016,TimeSeries,208,143,50,66,8,64,103,251,191,191,191,249,210,100,142,102,166,58,47,117,77,248,228,135,58,86,165,83,212,34,221,
142713,142713,Mk10,07:59:17 04-Sep-2016,,,B,21.3191,-86.8012,CRC 55496.6793,12:00:00 02-Sep-2016,PDT,157,140,130,68,192,128,177,145,224,208,81,224,240,49,1,16,48,64,7,,,,,,,,,,,,,
142713,142713,Mk10,11:44:08 04-Sep-2016,,,B,21.3287,-86.7897,CRC 37997.42986,18:00:00 03-Sep-2016,TAT,41,70,210,71,32,172,249,48,96,65,2,,,,,,,,,,,,,,,,,,,,,
142713,142713,Mk10,12:52:18 04-Sep-2016,,,B,21.3277,-86.7931,CRC 2291.30822,00:00:00 01-Sep-2016,TimeSeries,208,143,50,66,8,64,103,251,191,191,191,249,210,100,142,102,164,222,68,217,229,176,20,76,160,238,99,114,135,236,54,
142713,142713,Mk10,14:35:44 04-Sep-2016,,,B,21.3337,-86.7856,CRC 8441.8377,02:29:00 01-Sep-2016,Behavior,178,15,146,66,39,120,9,0,78,16,0,72,26,176,104,0,144,52,192,208,1,32,146,200,52,0,72,36,128,9,0,
142713,142713,Mk10,15:26:42 04-Sep-2016,,,B,21.3457,-86.7794,CRC 65028.9549,18:40:00 03-Sep-2016,Fast-GPS,127,224,66,71,38,128,24,193,22,196,206,53,128,99,10,240,70,113,124,35,98,23,101,215,216,127,247,,,,,
142713,142713,Mk10,15:32:26 04-Sep-2016,,,B,21.3457,-86.7794,CRC 52052.9552,,Behavior,188,181,66,72,111,235,226,187,51,217,103,243,63,137,162,39,100,80,154,123,4,197,153,218,185,77,181,173,100,25,107,
142713,142713,Mk10,16:19:57 04-Sep-2016,,,B,21.3482,-86.7678,CRC 1274.34009,00:00:00 01-Sep-2016,TAD,16,79,162,66,7,0,17,150,152,54,152,125,0,0,0,,,,,,,,,,,,,,,,,
142713,142713,Mk10,20:54:02 04-Sep-2016,,,B,21.3469,-86.7680,CRC 10572.30643,00:06:00 03-Sep-2016,Behavior,178,148,194,70,1,184,99,52,97,33,162,39,207,21,180,108,196,246,76,26,221,71,4,128,205,73,45,44,146,211,203,
142713,142713,Mk10,22:53:09 04-Sep-2016,,,B,21.3608,-86.7525,CRC 47797.22780,12:32:00 18-Jan-2016,Behavior,187,171,80,100,200,2,154,141,33,80,18,87,88,231,107,189,79,128,59,38,73,239,247,111,18,249,187,20,130,4,58,
142713,142713,Mk10,23:34:06 04-Sep-2016,,,B,21.3479,-86.7430,CRC 46315.13066,00:00:00 03-Sep-2016,Percent,107,78,178,70,12,128,128,0,0,0,0,38,163,3,14,16,144,144,233,,,,,,,,,,,,,
142713,142713,Mk10,23:33:09 04-Sep-2016,,,B,21.3288,-86.7701,CRC 57962.54623,18:00:00 03-Sep-2016,TAD,30,38,162,71,41,0,6,22,2,172,53,68,245,128,128,,,,,,,,,,,,,,,,,
142713,142713,Mk10,23:34:06 04-Sep-2016,,,B,21.3288,-86.7701,CRC 46315.26400,00:00:00 03-Sep-2016,Percent,107,78,178,70,12,0,128,0,0,0,0,0,0,0,2,88,149,254,195,,,,,,,,,,,,,
142713,142713,Mk10,01:17:15 05-Sep-2016,,,B,21.3310,-86.7698,CRC 34461.44282,22:14:00 01-Sep-2016,Behavior,184,105,210,67,99,184,9,3,191,2,144,56,168,171,192,100,4,129,230,66,192,28,2,145,60,242,196,202,115,119,8,
142713,142713,Mk10,01:48:13 05-Sep-2016,,,B,21.3147,-86.7672,CRC 18646.5110,16:04:03 04-Sep-2016,Fast-GPS,116,141,98,73,8,64,199,184,82,251,57,243,82,239,187,183,179,115,123,119,71,55,48,119,107,187,187,187,187,186,240,
142713,142713,Mk10,03:31:30 05-Sep-2016,,,B,21.2956,-86.7653,CRC 40315.47039,12:23:00 04-Sep-2016,Behavior,185,215,178,72,197,248,9,4,98,96,50,7,20,188,128,100,4,130,59,88,24,11,124,199,134,182,0,184,159,59,215,
142713,142713,Mk10,07:59:15 05-Sep-2016,,,B,21.3328,-86.7599,CRC 39305.47297,22:00:00 13-Sep-2016,DiveDepth,57,152,146,91,102,110,147,86,31,234,30,,,,,,,,,,,,,,,,,,,,,
142713,142713,Mk10,10:40:22 05-Sep-2016,,,B,21.3358,-86.7706,CRC 25206.18516,08:00:00 02-Sep-2016,TimeSeries,214,39,98,68,136,67,70,33,161,224,154,17,162,227,232,175,190,171,230,90,105,250,242,79,189,59,31,25,129,241,196,
142713,142713,Mk10,11:16:58 05-Sep-2016,,,B,21.3353,-86.7676,CRC 41371.64550,12:00:00 04-Sep-2016,PDT,154,25,178,72,192,64,178,18,64,210,18,64,73,146,100,,,,,,,,,,,,,,,,,
142713,142713,Mk10,12:06:39 05-Sep-2016,,,B,21.3382,-86.7645,CRC 62090.6913,06:00:00 04-Sep-2016,DiveDuration,79,40,162,72,109,128,10,0,2,18,69,206,72,104,164,164,211,34,77,,,,,,,,,,,,,
142713,142713,Mk10,13:46:18 05-Sep-2016,,,B,21.3531,-86.7741,CRC 46048.29985,03:32:00 05-Sep-2016,Behavior,187,62,2,74,56,56,9,1,42,36,0,72,21,216,72,0,144,50,224,160,2,96,100,49,96,22,40,207,234,192,15,
142713,142713,Mk10,15:53:25 05-Sep-2016,,,2,21.3558,-86.7617,CRC 18934.53340,16:00:00 04-Sep-2016,TimeSeries,212,159,98,73,8,64,199,184,18,251,57,243,82,239,187,183,179,115,123,119,71,49,67,198,20,142,46,140,162,107,117,
142713,142713,Mk10,23:16:42 05-Sep-2016,,,B,21.3377,-86.7660,CRC 10572.60017,00:06:00 03-Sep-2016,Behavior,178,148,194,70,1,184,99,52,99,115,8,238,161,105,215,102,130,218,183,151,101,20,220,167,212,226,113,164,127,233,9,
142713,142713,Mk10,04:44:15 06-Sep-2016,,,B,21.3325,-86.7955,CRC 49144.32681,04:44:12 06-Sep-2016,Status,4,2,76,75,12,191,248,51,120,3,0,3,224,104,63,33,73,0,64,,,,,,,,,,,,,
142713,142713,Mk10,09:25:25 06-Sep-2016,,,A,21.3309,-86.7746,CRC 42248.52211,19:56:13 04-Sep-2016,Fast-GPS,122,80,130,73,55,131,97,157,145,10,237,146,146,225,51,192,205,183,225,251,102,250,109,233,14,64,243,17,203,248,127,
142713,142713,Mk10,12:35:42 06-Sep-2016,,,B,21.3374,-86.7493,CRC 32649.32712,06:00:00 03-Sep-2016,DiveDepth,55,248,146,70,103,128,0,4,1,0,65,128,1,0,0,,,,,,,,,,,,,,,,,
142713,142713,Mk10,21:58:35 06-Sep-2016,,,B,21.3788,-86.6992,CRC 11679.55807,10:55:07 06-Sep-2016,Fast-GPS,114,217,242,76,167,113,229,119,214,19,171,153,77,61,235,211,236,215,32,100,82,99,244,4,48,190,146,43,200,130,200,
142713,142713,Mk10,21:59:23 06-Sep-2016,,,B,21.3788,-86.6992,CRC 39450.26907,02:43:00 04-Sep-2016,Behavior,185,161,162,72,42,248,9,2,159,138,0,18,5,38,18,0,153,234,46,40,0,72,25,116,80,0,144,43,56,160,0,
142713,142713,Mk10,04:22:27 07-Sep-2016,,,0,21.3494,-86.7410,CRC 61834.47745,,Behavior,191,24,160,12,252,38,117,88,60,44,224,27,228,228,215,191,151,38,41,64,2,65,28,208,72,0,144,42,152,192,1,
142713,142713,Mk10,07:35:26 07-Sep-2016,,,B,21.3382,-86.7872,CRC 27062.2484,,DiveDepth,54,155,98,64,192,69,137,,,,,,,,,,,,,,,,,,,,,,,,,
142713,142713,Mk10,11:57:11 07-Sep-2016,,,B,21.3347,-86.8035,CRC 25244.41612,06:18:00 05-Sep-2016,Behavior,182,41,194,74,100,184,9,2,187,10,0,18,0,236,72,0,144,17,98,64,4,129,189,197,1,9,3,76,11,0,0,
142713,142713,Mk10,20:27:43 07-Sep-2016,,,B,21.3675,-86.7248,CRC 39450.26444,02:43:00 04-Sep-2016,Behavior,185,161,162,72,42,248,9,2,159,138,0,18,5,38,18,0,153,234,46,63,35,208,0,13,94,219,168,126,255,143,33,
142713,142713,Mk10,22:08:37 07-Sep-2016,,,B,21.3643,-86.7680,CRC 1988.6203,16:16:00 03-Sep-2016,Behavior,176,124,66,71,4,56,48,99,111,12,144,18,7,1,24,32,234,139,30,46,65,132,162,92,140,16,38,6,12,24,32,
142713,142713,Mk10,22:51:42 07-Sep-2016,,,B,21.3699,-86.7691,CRC 15839.38346,,Behavior,179,221,240,227,162,31,64,25,161,5,209,190,210,149,128,103,168,55,113,156,21,15,20,54,57,32,183,24,77,92,152,
142713,142713,Mk10,23:13:12 07-Sep-2016,,,B,21.3599,-86.7433,CRC 24532.37845,12:00:00 06-Sep-2016,DiveDepth,53,253,66,76,192,71,129,10,12,0,16,,,,,,,,,,,,,,,,,,,,,
142713,142713,Mk10,00:33:13 08-Sep-2016,,,A,21.3535,-86.7409,CRC 34667.47263,22:51:39 07-Sep-2016,Fast-GPS,120,118,178,79,103,57,221,227,251,106,115,54,134,90,186,168,9,169,105,36,138,147,11,254,58,221,220,184,0,48,0,
142713,142713,Mk10,03:11:13 08-Sep-2016,,,B,21.3532,-86.7372,CRC 36748.30089,15:33:10 07-Sep-2016,Fast-GPS,120,248,194,78,246,18,158,121,60,253,65,151,136,187,205,194,68,83,46,198,128,60,245,163,26,217,200,52,32,0,0,
142713,142713,Mk10,09:00:08 08-Sep-2016,,,A,21.3738,-86.7651,CRC 31364.45635,02:48:00 06-Sep-2016,Behavior,183,168,66,76,44,56,9,2,149,138,0,56,165,33,20,0,76,11,20,40,1,56,20,152,106,119,233,148,77,253,11,
142713,142713,Mk10,09:00:55 08-Sep-2016,,,A,21.3738,-86.7651,CRC 20766.385,01:42:00 06-Sep-2016,Behavior,181,17,226,76,26,184,137,0,190,138,0,121,250,226,20,0,156,234,66,40,0,226,153,232,88,1,48,42,72,160,0,
142713,142713,Mk10,10:42:53 08-Sep-2016,,,B,21.3732,-86.7714,CRC 58917.59289,,TAT,46,98,83,74,96,188,122,,,,,,,,,,,,,,,,,,,,,,,,,
142713,142713,Mk10,11:24:38 08-Sep-2016,,,B,21.3655,-86.7578,CRC 61346.19840,14:10:00 05-Sep-2016,Behavior,190,250,34,74,226,132,81,128,99,2,69,17,244,156,128,2,72,121,231,223,219,238,70,124,55,230,248,254,125,223,255,
142713,142713,Mk10,11:25:34 08-Sep-2016,,,B,21.3655,-86.7578,CRC 11496.20309,08:00:00 05-Sep-2016,TimeSeries,210,206,130,74,136,65,4,84,212,204,196,88,142,29,220,128,217,43,194,238,229,197,132,66,87,72,214,54,47,187,184,
142713,142713,Mk10,20:22:17 08-Sep-2016,,,B,21.3814,-86.7550,CRC 20796.36232,18:08:00 07-Jan-2016,Behavior,181,19,192,79,34,3,190,8,128,38,7,216,25,0,225,94,222,54,64,72,153,148,100,146,112,113,44,126,53,231,204,
142713,142713,Mk10,23:05:26 08-Sep-2016,,,B,21.3665,-86.7441,CRC 64478.48427,22:00:00 06-Sep-2016,PDT,159,189,226,77,96,128,186,83,97,210,90,232,245,178,65,17,142,0,0,,,,,,,,,,,,,
142713,142713,Mk10,00:48:03 09-Sep-2016,,,A,21.3648,-86.7450,CRC 25081.41768,15:07:00 06-Sep-2016,Behavior,182,31,146,76,241,248,28,84,84,241,130,2,65,61,120,84,130,115,181,216,185,1,32,144,2,50,98,116,192,0,0,
142713,142713,Mk10,02:52:17 09-Sep-2016,,,A,21.3581,-86.7430,CRC 16684.50105,06:25:00 06-Sep-2016,Behavior,180,18,194,76,102,120,9,2,159,138,0,118,86,2,20,0,113,75,170,40,36,155,152,0,23,238,204,4,5,66,28,
142713,142713,Mk10,12:53:37 09-Sep-2016,,,B,21.3727,-86.7565,CRC 24436.60970,06:00:00 09-Sep-2016,DiveDuration,69,247,66,82,109,129,0,0,0,0,0,0,128,2,20,0,113,24,137,,,,,,,,,,,,,
142713,142713,Mk10,12:53:37 09-Sep-2016,,,B,21.3716,-86.7576,CRC 24436.48651,06:00:00 09-Sep-2016,DiveDuration,69,247,66,82,109,129,0,0,0,0,0,0,128,2,97,12,194,48,230,,,,,,,,,,,,,
142713,142713,Mk10,14:58:12 10-Sep-2016,,,B,21.4034,-86.7390,CRC 41860.46208,18:00:00 09-Sep-2016,TAD,26,56,66,83,40,0,8,2,1,1,128,135,122,145,24,,,,,,,,,,,,,,,,,
142713,142713,Mk10,16:41:38 10-Sep-2016,,,B,21.4004,-86.7504,CRC 32490.53784,04:33:00 06-Sep-2016,Behavior,183,238,162,76,72,67,141,12,0,103,2,179,89,63,194,3,89,139,253,207,191,56,226,33,49,241,90,198,72,138,89,
142713,142713,Mk10,17:29:01 10-Sep-2016,,,B,21.3974,-86.7536,Too short,,DiveDepth,54,105,82,,,,,,,,,,,,,,,,,,,,,,,,,,,,,
142713,142713,Mk10,08:17:49 11-Sep-2016,,,B,21.4636,-86.7436,CRC 28761.30355,06:51:00 10-Sep-2016,Behavior,183,5,146,84,108,196,92,193,146,47,23,21,240,72,139,50,197,69,26,34,204,49,76,71,72,168,100,169,81,162,0,
142713,142713,Mk10,13:44:25 11-Sep-2016,,,B,21.4921,-86.7711,CRC 62101.9370,08:00:00 09-Sep-2016,TimeSeries,223,41,82,82,136,3,135,253,62,23,110,64,251,247,242,18,20,219,192,51,9,170,105,199,243,204,34,222,255,123,162,
142713,142713,Mk10,13:44:25 11-Sep-2016,,,B,21.4776,-86.7682,CRC 62101.32386,08:00:00 09-Sep-2016,TimeSeries,223,41,82,82,136,3,87,221,59,62,80,147,251,197,166,155,138,95,26,190,11,251,224,50,134,76,226,201,205,131,136,
142713,142713,Mk10,23:12:24 11-Sep-2016,,,A,21.3605,-86.7575,CRC 61245.55450,05:14:02 08-Sep-2016,Fast-GPS,126,243,210,80,84,224,156,18,18,180,84,186,10,16,202,134,195,121,138,42,204,194,242,14,221,118,179,43,126,188,64,
142713,142713,Mk10,23:12:24 11-Sep-2016,,,B,21.3817,-86.7095,CRC 61245.12210,05:14:02 08-Sep-2016,Fast-GPS,126,243,210,80,84,224,156,24,117,27,64,31,137,25,233,14,54,192,63,243,35,28,245,134,129,154,77,99,194,60,15,
142713,142713,Mk10,23:57:46 11-Sep-2016,,,B,21.3815,-86.7134,CRC 1310.11478,06:39:00 11-Sep-2016,Behavior,176,81,226,86,105,248,69,4,90,225,162,7,64,19,131,0,38,8,173,163,100,79,28,157,221,153,177,27,51,119,179,
142713,142713,Mk10,08:13:15 12-Sep-2016,,,3,21.3617,-86.7303,CRC 28252.39810,22:10:00 09-Sep-2016,Behavior,182,229,194,83,98,131,26,11,144,78,7,111,193,144,196,56,233,120,144,215,156,34,116,175,197,95,91,225,160,31,111,
142713,142713,Mk10,10:32:56 13-Sep-2016,,,B,21.3461,-86.7042,CRC 52453.3740,22:37:00 12-Sep-2016,Behavior,188,206,82,89,105,104,146,87,228,65,174,10,65,20,56,104,137,242,198,28,26,34,164,113,132,134,136,189,32,0,0,
142713,142713,Mk10,10:33:44 13-Sep-2016,,,B,21.3461,-86.7042,CRC 36496.51900,,TimeSeries,216,233,4,41,225,75,75,75,75,75,75,75,75,82,218,58,198,16,215,214,168,136,130,33,179,118,181,177,189,41,26,
142713,142713,Mk10,11:27:39 13-Sep-2016,,,0,21.3638,-86.7370,CRC 50489.33379,23:33:00 11-Sep-2016,Behavior,188,83,146,87,120,120,58,83,106,4,236,57,104,238,98,158,171,116,232,18,191,138,111,187,46,4,48,134,95,160,199,
142713,142713,Mk10,12:54:57 13-Sep-2016,,,B,21.3558,-86.7620,CRC 53830.37765,14:00:00 01-Feb-2014,TAT,45,36,104,130,234,136,53,61,41,6,225,,,,,,,,,,,,,,,,,,,,,
142713,142713,Mk10,12:59:42 13-Sep-2016,,,B,21.3558,-86.7620,CRC 16215.46734,16:00:00 11-Sep-2016,TimeSeries,211,245,114,87,8,3,71,187,187,187,187,185,186,187,147,100,58,211,255,255,254,255,255,255,243,255,191,255,203,255,252,
142713,142713,Mk10,16:21:06 13-Sep-2016,,,B,21.3546,-86.8032,CRC 6299.21855,02:55:00 11-Sep-2016,Behavior,177,137,178,86,45,196,83,17,162,44,196,88,62,16,13,183,116,161,112,240,80,187,159,251,131,81,41,42,208,63,255,
142713,142713,Mk10,20:53:25 13-Sep-2016,,,B,21.3529,-86.7848,CRC 38200.29549,,DiveDepth,57,83,130,165,200,102,158,160,111,175,229,,,,,,,,,,,,,,,,,,,,,
142713,142713,Mk10,01:36:02 14-Sep-2016,,,B,21.3723,-86.7754,CRC 5119.11324,20:04:00 13-Sep-2016,Behavior,177,63,242,91,65,40,9,4,72,33,194,9,206,166,163,36,9,129,107,68,200,48,147,197,120,237,77,4,67,113,194,
142713,142713,Mk10,01:36:49 14-Sep-2016,,,B,21.3723,-86.7754,CRC 44068.64723,17:13:00 13-Sep-2016,Behavior,186,194,66,91,19,120,58,84,93,17,162,2,64,19,130,0,76,44,19,131,37,64,57,114,198,74,49,51,1,12,144,
142713,142713,Mk10,11:59:59 14-Sep-2016,,,3,21.3726,-86.7360,CRC 26576.13197,18:00:00 11-Sep-2016,PDT,150,125,2,87,32,128,178,50,224,209,18,160,240,53,169,229,140,94,230,,,,,,,,,,,,,
142713,142713,Mk10,15:21:51 14-Sep-2016,,,B,21.3708,-86.7108,CRC 56168.60701,02:25:01 12-Sep-2016,Fast-GPS,125,182,130,88,37,144,93,78,195,156,153,58,22,156,228,227,239,52,93,57,188,185,36,202,219,196,204,6,149,127,15,
142713,142713,Mk10,20:51:09 14-Sep-2016,,,A,21.3777,-86.6844,CRC 4951.23235,20:51:09 14-Sep-2016,Fast-GPS,113,53,115,198,173,228,101,54,231,98,12,201,48,180,150,109,183,132,115,188,112,27,117,178,91,17,228,32,0,0,0,
142713,142713,Mk10,20:53:56 14-Sep-2016,,,A,21.3777,-86.6844,CRC 45426.9441,15:45:00 11-Sep-2016,Behavior,187,23,34,86,251,120,51,156,72,38,229,43,243,121,2,35,81,61,66,56,49,146,69,40,81,111,206,98,25,29,142,
142713,142713,Mk10,01:37:43 15-Sep-2016,,,1,21.3678,-86.7204,CRC 53096.53583,17:29:00 14-Sep-2016,Behavior,188,246,130,93,23,68,78,177,146,7,65,39,112,96,128,144,62,152,201,1,32,145,166,50,64,232,23,196,15,161,199,
142713,142713,Mk10,02:27:29 15-Sep-2016,,,0,21.3553,-86.7271,CRC 9839.58446,18:00:00 13-Sep-2016,PDT,146,102,242,91,32,128,177,242,64,209,50,32,208,81,193,16,80,192,0,,,,,,,,,,,,,
142713,142713,Mk10,02:28:16 15-Sep-2016,,,0,21.3553,-86.7271,CRC 42634.23683,18:00:00 13-Sep-2016,TAT,42,104,162,91,32,156,45,116,19,30,216,,,,,,,,,,,,,,,,,,,,,
142713,142713,Mk10,04:07:22 15-Sep-2016,,,B,21.3624,-86.7468,CRC 59480.10713,14:03:00 14-Sep-2016,Behavior,190,133,130,92,224,248,9,4,145,65,178,9,159,24,52,108,131,167,197,239,26,32,156,13,118,50,64,152,0,0,2,
142713,142713,Mk10,04:08:09 15-Sep-2016,,,B,21.3624,-86.7468,CRC 32362.13787,08:00:00 14-Sep-2016,TimeSeries,215,230,162,92,136,67,103,255,255,255,255,255,243,255,255,255,255,239,250,54,207,235,110,215,148,28,207,238,237,7,168,
142713,142713,Mk10,09:13:35 15-Sep-2016,,,B,21.3590,-86.8002,CRC 41994.51352,18:00:00 12-Sep-2016,TAD,26,64,162,89,41,1,239,129,67,86,170,243,170,68,153,,,,,,,,,,,,,,,,,
142713,142713,Mk10,14:07:45 15-Sep-2016,,,B,21.3731,-86.7466,CRC 50019.930,00:00:00 13-Sep-2016,TimeSeries,220,54,50,90,8,3,103,255,255,255,239,255,252,191,255,255,255,255,255,255,255,255,255,255,253,63,255,211,255,255,253,
142713,142713,Mk10,16:38:53 15-Sep-2016,,,B,21.3820,-86.7384,CRC 48234.29547,16:00:00 12-Sep-2016,TimeSeries,219,198,162,89,8,67,38,127,187,178,31,187,147,251,251,187,187,186,11,187,187,255,199,255,203,255,254,127,223,255,240,
142713,142713,Mk10,18:56:11 15-Sep-2016,,,A,21.4155,-86.7273,CRC 8665.43524,16:33:00 12-Sep-2016,Behavior,178,29,146,89,8,67,126,74,144,18,9,73,226,164,4,2,162,248,177,2,32,156,116,42,192,72,20,234,84,128,0,
142713,142713,Mk10,18:56:58 15-Sep-2016,,,A,21.4155,-86.7273,CRC 9887.35364,12:29:00 12-Sep-2016,Behavior,178,105,242,88,199,64,107,202,34,0,179,30,37,108,128,144,68,170,22,32,36,3,108,144,1,32,126,193,98,2,64,
142713,142713,Mk10,14:40:21 16-Sep-2016,,,B,21.3624,-86.7381,Too short,,TAT,33,242,2,,,,,,,,,,,,,,,,,,,,,,,,,,,,,
142713,142713,Mk10,16:23:26 16-Sep-2016,,,A,21.3373,-86.7002,CRC 24447.24063,02:43:00 13-Sep-2016,Behavior,181,247,242,90,42,248,9,0,148,12,1,217,98,177,141,17,140,200,172,99,68,64,158,38,104,209,14,231,0,0,6,
142713,142713,Mk10,16:24:12 16-Sep-2016,,,A,21.3373,-86.7002,CRC 60519.26712,01:56:00 13-Feb-2016,Behavior,190,198,112,154,30,17,199,66,39,99,142,83,249,26,227,84,32,119,162,15,4,110,121,102,117,5,113,236,144,102,240,
142713,142713,Mk10,02:40:29 17-Sep-2016,,,0,21.4097,-86.7390,CRC 41696.61895,16:00:00 15-Sep-2016,TimeSeries,218,46,2,95,8,3,71,187,167,187,147,187,255,191,240,0,0,1,220,157,253,255,253,255,255,255,255,255,255,229,254,
142713,142713,Mk10,02:41:26 17-Sep-2016,,,0,21.4097,-86.7390,CRC 17785.17495,,Behavior,180,87,151,215,113,29,229,117,112,136,135,255,168,244,123,251,252,14,193,14,12,199,75,67,239,214,0,22,139,118,63,
142713,142713,Mk10,10:36:47 17-Sep-2016,,,1,21.3863,-86.7614,CRC 46940.3189,12:00:00 15-Sep-2016,PDT,155,117,194,94,192,128,177,210,96,209,50,32,239,202,126,120,238,222,218,,,,,,,,,,,,,
142713,142713,Mk10,10:37:34 17-Sep-2016,,,1,21.3863,-86.7614,CRC 60513.58209,12:00:00 13-Sep-2016,TAT,46,198,18,90,192,156,34,236,164,0,0,,,,,,,,,,,,,,,,,,,,,
142713,142713,Mk10,18:33:46 17-Sep-2016,,,B,21.4163,-86.6970,CRC 10329.39472,13:58:00 17-Sep-2016,Behavior,178,133,146,98,222,130,252,14,16,119,84,215,236,122,28,32,102,49,161,137,165,204,60,62,137,97,82,58,219,125,91,
