Prog,PTT,Len,Satellite,Class,Pass,PassDate,PassTime,Latitude,Longitude,Comment,Frequency,Power,IQ,Dups,MsgDate,MsgTime,Latitude2,Longitude2,Duration,Error radius,Error Semi-major axis,Error Semi-minor axis,Error Ellipse orientation,Offset,Offset orientation,SENSOR #01,SENSOR #02,SENSOR #03,SENSOR #04,SENSOR #05,SENSOR #06,SENSOR #07,SENSOR #08,SENSOR #09,SENSOR #10,SENSOR #11,SENSOR #12,SENSOR #13,SENSOR #14,SENSOR #15,SENSOR #16,SENSOR #17,SENSOR #18,SENSOR #19,SENSOR #20,SENSOR #21,SENSOR #22,SENSOR #23,SENSOR #24,SENSOR #25,SENSOR #26,SENSOR #27,SENSOR #28,SENSOR #29,SENSOR #30,SENSOR #31,SENSOR #32
6056,169269,3,NP, ,1,26-Apr-2017,08:46:04,,,,401650000,-137,,0,26-Apr-2017,08:46:04,,,,,,,,,,26,17,19,,,,,,,,,,,,,,,,,,,,,,,,,,,,,
6056,169269,23,SR,3,2,27-Apr-2017,23:05:56,30.4307,-84.2739,,401677427,-128,60,0,27-Apr-2017,23:04:35,30.4307,-84.2739,289,147,218,99,168,,,75,240,90,12,40,167,165,52,61,220,72,86,84,5,51,18,1,255,255,213,128,0,0,,,,,,,,,
6056,169269,3,SR,3,2,27-Apr-2017,23:05:56,30.4307,-84.2739,,401677427,-128,60,0,27-Apr-2017,23:06:02,30.4307,-84.2739,289,147,218,99,168,,,77,86,5,,,,,,,,,,,,,,,,,,,,,,,,,,,,,
6056,169269,3,SR,3,2,27-Apr-2017,23:05:56,30.4307,-84.2739,,401677427,-128,60,0,27-Apr-2017,23:06:31,30.4307,-84.2739,289,147,218,99,168,,,10,0,16,,,,,,,,,,,,,,,,,,,,,,,,,,,,,
6056,169269,3,SR,3,2,27-Apr-2017,23:05:56,30.4307,-84.2739,,401677427,-128,60,1,27-Apr-2017,23:07:29,30.4307,-84.2739,289,147,218,99,168,,,26,17,19,,,,,,,,,,,,,,,,,,,,,,,,,,,,,
6056,169269,3,SR,3,2,27-Apr-2017,23:05:56,30.4307,-84.2739,,401677427,-128,60,0,27-Apr-2017,23:07:58,30.4307,-84.2739,289,147,218,99,168,,,41,160,2,,,,,,,,,,,,,,,,,,,,,,,,,,,,,
6056,169269,3,SR,3,2,27-Apr-2017,23:05:56,30.4307,-84.2739,,401677427,-128,60,0,27-Apr-2017,23:08:27,30.4307,-84.2739,289,147,218,99,168,,,71,84,5,,,,,,,,,,,,,,,,,,,,,,,,,,,,,
6056,169269,23,SR,3,2,27-Apr-2017,23:05:56,30.4307,-84.2739,,401677427,-128,60,0,27-Apr-2017,23:09:24,30.4307,-84.2739,289,147,218,99,168,,,91,240,90,12,40,167,165,52,61,220,149,150,20,5,71,18,1,250,222,213,32,32,0,,,,,,,,,
6056,169269,3,NN,3,3,27-Apr-2017,23:22:53,30.4312,-84.2734,,401677427,-133,56,0,27-Apr-2017,23:20:29,30.4312,-84.2734,290,167,243,114,23,,,72,71,5,,,,,,,,,,,,,,,,,,,,,,,,,,,,,
6056,169269,3,NN,3,3,27-Apr-2017,23:22:53,30.4312,-84.2734,,401677427,-133,56,0,27-Apr-2017,23:22:25,30.4312,-84.2734,290,167,243,114,23,,,47,190,2,,,,,,,,,,,,,,,,,,,,,,,,,,,,,
6056,169269,3,NN,3,3,27-Apr-2017,23:22:53,30.4312,-84.2734,,401677427,-133,56,1,27-Apr-2017,23:23:23,30.4312,-84.2734,290,167,243,114,23,,,10,0,16,,,,,,,,,,,,,,,,,,,,,,,,,,,,,
6056,169269,23,NN,3,3,27-Apr-2017,23:22:53,30.4312,-84.2734,,401677427,-133,56,0,27-Apr-2017,23:23:52,30.4312,-84.2734,290,167,243,114,23,,,89,176,90,12,40,167,165,52,61,221,124,85,212,5,131,18,1,255,255,212,32,0,0,,,,,,,,,
6056,169269,3,NN,3,3,27-Apr-2017,23:22:53,30.4312,-84.2734,,401677427,-133,56,0,27-Apr-2017,23:24:21,30.4312,-84.2734,290,167,243,114,23,,,26,17,19,,,,,,,,,,,,,,,,,,,,,,,,,,,,,
6056,169269,3,NN,3,3,27-Apr-2017,23:22:53,30.4312,-84.2734,,401677427,-133,56,0,27-Apr-2017,23:24:50,30.4312,-84.2734,290,167,243,114,23,,,37,195,2,,,,,,,,,,,,,,,,,,,,,,,,,,,,,
6056,169269,3,NN,3,3,27-Apr-2017,23:22:53,30.4312,-84.2734,,401677427,-133,56,0,27-Apr-2017,23:25:19,30.4312,-84.2734,290,167,243,114,23,,,73,66,5,,,,,,,,,,,,,,,,,,,,,,,,,,,,,
6056,169269,23,NK,3,4,27-Apr-2017,23:24:20,30.4308,-84.2729,,401677427,-124,56,0,27-Apr-2017,23:21:27,30.4308,-84.2729,232,167,871,32,76,,,95,48,90,12,40,167,165,52,61,221,85,118,86,21,169,74,214,160,0,53,79,251,254,,,,,,,,,
6056,169269,3,NK,3,4,27-Apr-2017,23:24:20,30.4308,-84.2729,,401677427,-124,56,0,27-Apr-2017,23:21:56,30.4308,-84.2729,232,167,871,32,76,,,26,17,19,,,,,,,,,,,,,,,,,,,,,,,,,,,,,
6056,169269,3,NK,3,4,27-Apr-2017,23:24:20,30.4308,-84.2729,,401677427,-124,56,0,27-Apr-2017,23:23:23,30.4308,-84.2729,232,167,871,32,76,,,10,0,16,,,,,,,,,,,,,,,,,,,,,,,,,,,,,
6056,169269,23,NK,3,4,27-Apr-2017,23:24:20,30.4308,-84.2729,,401677427,-124,56,0,27-Apr-2017,23:23:52,30.4308,-84.2729,232,167,871,32,76,,,89,176,90,12,40,167,165,52,61,221,124,85,212,5,131,18,1,255,255,212,32,0,0,,,,,,,,,
6056,169269,3,NK,3,4,27-Apr-2017,23:24:20,30.4308,-84.2729,,401677427,-124,56,0,27-Apr-2017,23:24:21,30.4308,-84.2729,232,167,871,32,76,,,26,17,24,,,,,,,,,,,,,,,,,,,,,,,,,,,,,
6056,169269,3,NK,3,4,27-Apr-2017,23:24:20,30.4308,-84.2729,,401677427,-124,56,0,27-Apr-2017,23:24:50,30.4308,-84.2729,232,167,871,32,76,,,37,195,2,,,,,,,,,,,,,,,,,,,,,,,,,,,,,
6056,169269,3,NK,3,4,27-Apr-2017,23:24:20,30.4308,-84.2729,,401677427,-124,56,0,27-Apr-2017,23:25:19,30.4308,-84.2729,232,167,871,32,76,,,73,66,5,,,,,,,,,,,,,,,,,,,,,,,,,,,,,
6056,169269,3,NK,3,5,28-Apr-2017,22:58:12,30.4311,-84.2772,,401677352,-130,50,0,28-Apr-2017,22:56:33,30.4311,-84.2772,203,179,463,69,45,,,41,224,3,,,,,,,,,,,,,,,,,,,,,,,,,,,,,
6056,169269,3,NK,3,5,28-Apr-2017,22:58:12,30.4311,-84.2772,,401677352,-130,50,0,28-Apr-2017,22:57:02,30.4311,-84.2772,203,179,463,69,45,,,77,118,5,,,,,,,,,,,,,,,,,,,,,,,,,,,,,
6056,169269,23,NK,3,5,28-Apr-2017,22:58:12,30.4311,-84.2772,,401677352,-130,50,0,28-Apr-2017,22:58:00,30.4311,-84.2772,203,179,463,69,45,,,78,16,90,12,40,167,165,52,62,91,158,86,84,7,199,16,1,255,255,215,128,0,0,,,,,,,,,
6056,169269,3,NK,3,5,28-Apr-2017,22:58:12,30.4311,-84.2772,,401677352,-130,50,0,28-Apr-2017,22:58:58,30.4311,-84.2772,203,179,463,69,45,,,40,229,3,,,,,,,,,,,,,,,,,,,,,,,,,,,,,
6056,169269,3,NK,3,5,28-Apr-2017,22:58:12,30.4311,-84.2772,,401677352,-130,50,0,28-Apr-2017,22:59:27,30.4311,-84.2772,203,179,463,69,45,,,68,123,5,,,,,,,,,,,,,,,,,,,,,,,,,,,,,
6056,169269,3,NK,3,5,28-Apr-2017,22:58:12,30.4311,-84.2772,,401677352,-130,50,1,28-Apr-2017,22:59:56,30.4311,-84.2772,203,179,463,69,45,,,10,0,16,,,,,,,,,,,,,,,,,,,,,,,,,,,,,
6056,169269,3,NN, ,6,01-May-2017,14:34:32,,,,401650000,-135,,0,01-May-2017,14:34:32,,,,,,,,,,32,161,6,,,,,,,,,,,,,,,,,,,,,,,,,,,,,
6056,169269,23,NN,Z,7,01-May-2017,22:31:14,27.0004,-76.7984,,401676816,-133,31,0,01-May-2017,22:30:16,27.0004,-76.7984,116,339098,,,,,,86,208,90,76,40,167,165,52,48,217,227,22,20,13,183,14,1,255,255,208,192,0,0,,,,,,,,,
6056,169269,3,NN,Z,7,01-May-2017,22:31:14,27.0004,-76.7984,,401676816,-133,31,0,01-May-2017,22:30:45,27.0004,-76.7984,116,339098,,,,,,26,17,19,,,,,,,,,,,,,,,,,,,,,,,,,,,,,
6056,169269,3,NN,Z,7,01-May-2017,22:31:14,27.0004,-76.7984,,401676816,-133,31,0,01-May-2017,22:31:14,27.0004,-76.7984,116,339098,,,,,,47,221,6,,,,,,,,,,,,,,,,,,,,,,,,,,,,,
6056,169269,3,NN,Z,7,01-May-2017,22:31:14,27.0004,-76.7984,,401676816,-133,31,0,01-May-2017,22:31:43,27.0004,-76.7984,116,339098,,,,,,64,32,5,,,,,,,,,,,,,,,,,,,,,,,,,,,,,
6056,169269,3,NN,Z,7,01-May-2017,22:31:14,27.0004,-76.7984,,401676816,-133,31,0,01-May-2017,22:32:12,27.0004,-76.7984,116,339098,,,,,,10,0,16,,,,,,,,,,,,,,,,,,,,,,,,,,,,,
6056,169269,3,SR,3,8,01-May-2017,22:47:22,25.6959,-79.2989,,401677395,-129,60,0,01-May-2017,22:43:17,20.5309,-54.7291,346,250,868,71,63,,,40,246,6,,,,,,,,,,,,,,,,,,,,,,,,,,,,,
6056,169269,23,SR,3,8,01-May-2017,22:47:22,25.6959,-79.2989,,401677395,-129,60,0,01-May-2017,22:44:43,20.5309,-54.7291,346,250,868,71,63,,,67,240,90,12,40,167,165,52,48,218,201,215,84,13,243,16,1,255,255,214,224,0,0,,,,,,,,,
6056,169269,23,SR,3,8,01-May-2017,22:47:22,25.6959,-79.2989,,401677395,-129,60,0,01-May-2017,22:47:08,20.5309,-54.7291,346,250,868,71,63,,,80,16,90,12,40,167,165,52,48,218,177,22,146,13,253,16,1,255,255,215,16,0,0,,,,,,,,,
6056,169269,3,SR,3,8,01-May-2017,22:47:22,25.6959,-79.2989,,401677395,-129,60,1,01-May-2017,22:47:37,20.5309,-54.7291,346,250,868,71,63,,,26,17,19,,,,,,,,,,,,,,,,,,,,,,,,,,,,,
6056,169269,3,SR,3,8,01-May-2017,22:47:22,25.6959,-79.2989,,401677395,-129,60,1,01-May-2017,22:49:03,20.5309,-54.7291,346,250,868,71,63,,,10,0,16,,,,,,,,,,,,,,,,,,,,,,,,,,,,,
6056,169269,23,NK,3,9,01-May-2017,23:19:02,25.7000,-79.3036,,401677382,-129,58,0,01-May-2017,23:18:26,25.7000,-79.3036,521,178,612,51,77,,,83,48,90,12,40,167,165,52,48,221,37,150,148,14,127,14,1,255,255,211,224,0,0,,,,,,,,,
6056,169269,3,NK,3,9,01-May-2017,23:19:02,25.7000,-79.3036,,401677382,-129,58,0,01-May-2017,23:19:24,25.7000,-79.3036,521,178,612,51,77,,,38,65,7,,,,,,,,,,,,,,,,,,,,,,,,,,,,,
6056,169269,3,NK,3,9,01-May-2017,23:19:02,25.7000,-79.3036,,401677382,-129,58,1,01-May-2017,23:20:22,25.7000,-79.3036,521,178,612,51,77,,,10,0,16,,,,,,,,,,,,,,,,,,,,,,,,,,,,,
6056,169269,3,NK,3,9,01-May-2017,23:19:02,25.7000,-79.3036,,401677382,-129,58,0,01-May-2017,23:21:49,25.7000,-79.3036,521,178,612,51,77,,,45,70,2,,,,,,,,,,,,,,,,,,,,,,,,,,,,,
6056,169269,3,NK,3,9,01-May-2017,23:19:02,25.7000,-79.3036,,401677382,-129,58,0,01-May-2017,23:22:18,25.7000,-79.3036,521,178,612,51,77,,,77,57,5,,,,,,,,,,,,,,,,,,,,,,,,,,,,,
6056,169269,3,NK,3,9,01-May-2017,23:19:02,25.7000,-79.3036,,401677382,-129,58,0,01-May-2017,23:23:45,25.7000,-79.3036,521,178,612,51,77,,,26,17,19,,,,,,,,,,,,,,,,,,,,,,,,,,,,,
6056,169269,3,NK,3,9,01-May-2017,23:19:02,25.7000,-79.3036,,401677382,-129,58,0,01-May-2017,23:24:13,25.7000,-79.3036,521,178,612,51,77,,,36,75,7,,,,,,,,,,,,,,,,,,,,,,,,,,,,,
6056,169269,3,NK,3,9,01-May-2017,23:19:02,25.7000,-79.3036,,401677382,-129,58,0,01-May-2017,23:24:42,25.7000,-79.3036,521,178,612,51,77,,,75,55,5,,,,,,,,,,,,,,,,,,,,,,,,,,,,,
6056,169269,3,NK,3,9,01-May-2017,23:19:02,25.7000,-79.3036,,401677382,-129,58,2,01-May-2017,23:25:11,25.7000,-79.3036,521,178,612,51,77,,,10,0,16,,,,,,,,,,,,,,,,,,,,,,,,,,,,,
6056,169269,3,NK,3,9,01-May-2017,23:19:02,25.7000,-79.3036,,401677382,-129,58,0,01-May-2017,23:26:38,25.7000,-79.3036,521,178,612,51,77,,,35,80,7,,,,,,,,,,,,,,,,,,,,,,,,,,,,,
6056,169269,3,NK,3,9,01-May-2017,23:19:02,25.7000,-79.3036,,401677382,-129,58,0,01-May-2017,23:27:07,25.7000,-79.3036,521,178,612,51,77,,,68,52,5,,,,,,,,,,,,,,,,,,,,,,,,,,,,,
6056,169269,23,NN,3,10,02-May-2017,00:15:40,25.7000,-79.2998,,401677380,-126,58,0,02-May-2017,00:13:51,25.7000,-79.2998,261,127,168,96,99,,,80,240,74,12,44,231,229,52,49,0,219,151,22,3,52,96,53,219,255,209,160,0,0,,,,,,,,,
6056,169269,3,NN,3,10,02-May-2017,00:15:40,25.7000,-79.2998,,401677380,-126,58,0,02-May-2017,00:14:49,25.7000,-79.2998,261,127,168,96,99,,,34,180,7,,,,,,,,,,,,,,,,,,,,,,,,,,,,,
6056,169269,23,NN,3,10,02-May-2017,00:15:40,25.7000,-79.2998,,401677380,-126,58,0,02-May-2017,00:16:16,25.7000,-79.2998,261,127,168,96,99,,,86,48,90,12,40,167,165,52,49,1,3,22,212,15,111,12,1,255,255,209,160,0,0,,,,,,,,,
6056,169269,3,NN,3,10,02-May-2017,00:15:40,25.7000,-79.2998,,401677380,-126,58,2,02-May-2017,00:16:45,25.7000,-79.2998,261,127,168,96,99,,,26,17,19,,,,,,,,,,,,,,,,,,,,,,,,,,,,,
6056,169269,3,NN,3,10,02-May-2017,00:15:40,25.7000,-79.2998,,401677380,-126,58,0,02-May-2017,00:17:14,25.7000,-79.2998,261,127,168,96,99,,,43,185,7,,,,,,,,,,,,,,,,,,,,,,,,,,,,,
6056,169269,3,NN,3,10,02-May-2017,00:15:40,25.7000,-79.2998,,401677380,-126,58,0,02-May-2017,00:17:43,25.7000,-79.2998,261,127,168,96,99,,,66,26,5,,,,,,,,,,,,,,,,,,,,,,,,,,,,,
6056,169269,3,NN,3,10,02-May-2017,00:15:40,25.7000,-79.2998,,401677380,-126,58,0,02-May-2017,00:18:12,25.7000,-79.2998,261,127,168,96,99,,,10,0,16,,,,,,,,,,,,,,,,,,,,,,,,,,,,,
6056,169269,3,SR,3,11,02-May-2017,00:24:48,25.6987,-79.2990,,401677381,-129,56,0,02-May-2017,00:19:38,25.6987,-79.2990,492,124,135,113,76,,,32,158,7,,,,,,,,,,,,,,,,,,,,,,,,,,,,,
6056,169269,23,SR,3,11,02-May-2017,00:24:48,25.6987,-79.2990,,401677381,-129,56,0,02-May-2017,00:21:05,25.6987,-79.2990,492,124,135,113,76,,,73,176,90,12,40,167,165,52,49,1,80,85,212,15,131,12,1,255,255,209,160,0,0,,,,,,,,,
6056,169269,3,SR,3,11,02-May-2017,00:24:48,25.6987,-79.2990,,401677381,-129,56,0,02-May-2017,00:22:03,25.6987,-79.2990,492,124,135,113,76,,,42,195,7,,,,,,,,,,,,,,,,,,,,,,,,,,,,,
6056,169269,3,SR,3,11,02-May-2017,00:24:48,25.6987,-79.2990,,401677381,-129,56,1,02-May-2017,00:23:01,25.6987,-79.2990,492,124,135,113,76,,,10,0,16,,,,,,,,,,,,,,,,,,,,,,,,,,,,,
6056,169269,23,SR,3,11,02-May-2017,00:24:48,25.6987,-79.2990,,401677381,-129,56,0,02-May-2017,00:23:30,25.6987,-79.2990,492,124,135,113,76,,,64,176,90,12,40,167,165,52,49,1,118,87,84,15,141,12,1,255,255,209,160,0,0,,,,,,,,,
6056,169269,3,SR,3,11,02-May-2017,00:24:48,25.6987,-79.2990,,401677381,-129,56,0,02-May-2017,00:23:59,25.6987,-79.2990,492,124,135,113,76,,,26,17,19,,,,,,,,,,,,,,,,,,,,,,,,,,,,,
6056,169269,3,SR,3,11,02-May-2017,00:24:48,25.6987,-79.2990,,401677381,-129,56,0,02-May-2017,00:24:28,25.6987,-79.2990,492,124,135,113,76,,,45,200,7,,,,,,,,,,,,,,,,,,,,,,,,,,,,,
6056,169269,3,SR,3,11,02-May-2017,00:24:48,25.6987,-79.2990,,401677381,-129,56,2,02-May-2017,00:24:56,25.6987,-79.2990,492,124,135,113,76,,,71,27,5,,,,,,,,,,,,,,,,,,,,,,,,,,,,,
6056,169269,23,SR,3,11,02-May-2017,00:24:48,25.6987,-79.2990,,401677381,-129,56,0,02-May-2017,00:25:54,25.6987,-79.2990,492,124,135,113,76,,,76,48,90,12,40,167,165,52,49,1,156,151,148,15,151,12,1,255,255,208,177,1,120,,,,,,,,,
6056,169269,3,SR,3,11,02-May-2017,00:24:48,25.6987,-79.2990,,401677381,-129,56,0,02-May-2017,00:27:50,25.6987,-79.2990,492,124,135,113,76,,,42,0,16,,,,,,,,,,,,,,,,,,,,,,,,,,,,,
6056,169269,3,MA,B,12,02-May-2017,16:44:46,25.7447,-79.2420,,401677373,-133,,0,02-May-2017,16:44:03,25.7447,-79.2420,87,1999,9331,428,48,,,78,231,5,,,,,,,,,,,,,,,,,,,,,,,,,,,,,
6056,169269,3,MA,B,12,02-May-2017,16:44:46,25.7447,-79.2420,,401677373,-133,,0,02-May-2017,16:45:30,25.7447,-79.2420,87,1999,9331,428,48,,,26,17,19,,,,,,,,,,,,,,,,,,,,,,,,,,,,,
6056,169269,3,NP,B,13,03-May-2017,07:22:58,25.7415,-79.2360,,401677393,-132,,0,03-May-2017,07:22:59,25.7415,-79.2360,391,3188,94172,107,35,,,34,61,152,,,,,,,,,,,,,,,,,,,,,,,,,,,,,
6056,169269,3,NP,B,13,03-May-2017,07:22:58,25.7415,-79.2360,,401677393,-132,,0,03-May-2017,07:29:30,25.7415,-79.2360,391,3188,94172,107,35,,,10,8,16,,,,,,,,,,,,,,,,,,,,,,,,,,,,,
6056,169269,23,SR,B,14,03-May-2017,23:16:52,25.6937,-79.2735,,401677372,-120,,0,03-May-2017,23:16:52,25.6937,-79.2735,246,2830,265265,30,102,,,93,80,90,12,40,62,35,211,94,130,254,57,129,253,214,136,0,189,13,232,104,0,2,,,,,,,,,
6056,169269,3,SR,B,14,03-May-2017,23:16:52,25.6937,-79.2735,,401677372,-120,,0,03-May-2017,23:20:58,25.6937,-79.2735,246,2830,265265,30,102,,,26,17,19,,,,,,,,,,,,,,,,,,,,,,,,,,,,,
6056,169269,3,NN,B,15,03-May-2017,23:53:19,25.6924,-79.2682,,401677376,-126,8,0,03-May-2017,23:52:06,25.6924,-79.2682,146,1112,25074,49,75,,,26,17,19,,,,,,,,,,,,,,,,,,,,,,,,,,,,,
6056,169269,3,NN,B,15,03-May-2017,23:53:19,25.6924,-79.2682,,401677376,-126,8,0,03-May-2017,23:54:32,25.6924,-79.2682,146,1112,25074,49,75,,,45,226,9,,,,,,,,,,,,,,,,,,,,,,,,,,,,,
6056,169269,3,MA,B,16,04-May-2017,01:56:05,25.6923,-79.2679,,401677373,-127,8,0,04-May-2017,01:56:06,25.6923,-79.2679,,1811,2861,1145,82,,,237,96,14,,,,,,,,,,,,,,,,,,,,,,,,,,,,,
6056,169269,23,MA,B,17,04-May-2017,03:41:43,25.6945,-79.2670,,401677376,-129,8,0,04-May-2017,03:41:44,25.6945,-79.2670,,2229,3241,1532,86,,,93,112,90,9,223,134,61,26,48,14,153,150,212,20,47,14,1,111,21,213,64,0,0,,,,,,,,,
6056,169269,3,SR,B,18,04-May-2017,10:28:22,25.6997,-79.2669,,401677378,-134,8,0,04-May-2017,10:28:23,25.6997,-79.2669,,3075,5654,1672,91,,,4,36,5,,,,,,,,,,,,,,,,,,,,,,,,,,,,,
6056,169269,3,NK,B,19,04-May-2017,23:46:30,25.6954,-79.2602,,401677376,-135,,0,04-May-2017,23:46:31,25.6954,-79.2602,,3968,8774,1794,64,,,26,17,19,,,,,,,,,,,,,,,,,,,,,,,,,,,,,
6056,169269,23,MA,B,20,05-May-2017,01:41:16,25.6943,-79.2596,,401677381,-121,8,0,05-May-2017,01:41:17,25.6943,-79.2596,,3635,6268,2108,73,,,93,144,90,12,40,167,169,0,114,168,106,151,21,5,141,14,1,80,18,215,80,0,0,,,,,,,,,
6056,169269,23,MB,B,21,05-May-2017,14:56:54,25.6830,-79.2640,,401677383,-126,,0,05-May-2017,14:56:55,25.6830,-79.2640,,4294,14010,1316,82,,,87,16,74,5,39,178,113,192,232,64,180,250,213,77,191,15,13,65,143,16,183,87,246,,,,,,,,,
6056,169269,3,NN,B,22,05-May-2017,23:25:15,25.6843,-79.2683,,401677385,-129,8,0,05-May-2017,23:25:16,25.6843,-79.2683,551,2429,35866,164,147,,,26,17,19,,,,,,,,,,,,,,,,,,,,,,,,,,,,,
6056,169269,3,NN,B,22,05-May-2017,23:25:15,25.6843,-79.2683,,401677385,-129,8,0,05-May-2017,23:34:27,25.6843,-79.2683,551,2429,35866,164,147,,,67,80,5,,,,,,,,,,,,,,,,,,,,,,,,,,,,,
6056,169269,3,NK,B,23,05-May-2017,23:25:15,25.6844,-79.2684,,401677388,-128,,0,05-May-2017,23:25:16,25.6844,-79.2684,,2357,33778,164,147,,,26,17,19,,,,,,,,,,,,,,,,,,,,,,,,,,,,,
6056,169269,3,SR,B,24,05-May-2017,23:57:19,25.6868,-79.2631,,401677385,-127,8,0,05-May-2017,23:57:19,25.6868,-79.2631,211,1253,24108,65,153,,,34,144,11,,,,,,,,,,,,,,,,,,,,,,,,,,,,,
6056,169269,3,SR,B,24,05-May-2017,23:57:19,25.6868,-79.2631,,401677385,-127,8,0,06-May-2017,00:00:50,25.6868,-79.2631,211,1253,24108,65,153,,,69,78,5,,,,,,,,,,,,,,,,,,,,,,,,,,,,,
6056,169269,3,MA,B,25,06-May-2017,01:18:46,25.6916,-79.2609,,401677388,-132,8,0,06-May-2017,01:18:47,25.6916,-79.2609,,1297,1370,1227,116,,,26,17,19,,,,,,,,,,,,,,,,,,,,,,,,,,,,,
6056,169269,3,MB,B,26,06-May-2017,02:11:23,25.6917,-79.2604,,401677387,-133,8,0,06-May-2017,02:11:24,25.6917,-79.2604,,1455,2041,1037,91,,,10,53,189,,,,,,,,,,,,,,,,,,,,,,,,,,,,,
6056,169269,3,MA,B,27,07-May-2017,00:58:16,25.7299,-79.2103,,401677389,-131,,0,07-May-2017,00:58:16,25.7299,-79.2103,,4528,7026,2917,65,,,26,17,19,,,,,,,,,,,,,,,,,,,,,,,,,,,,,
6056,169269,3,SR,B,28,08-May-2017,00:37:21,25.6995,-79.2410,,401677393,-135,,0,08-May-2017,00:37:21,25.6995,-79.2410,,5932,19814,1776,82,,,26,17,19,,,,,,,,,,,,,,,,,,,,,,,,,,,,,
6056,169269,3,MA,B,29,08-May-2017,02:21:51,25.7048,-79.2121,,401677393,-129,8,0,08-May-2017,02:21:51,25.7048,-79.2121,,6345,27030,1489,82,,,44,228,13,,,,,,,,,,,,,,,,,,,,,,,,,,,,,
6056,169269,3,MA,B,30,09-May-2017,01:54:35,25.6896,-79.2232,,401677392,-130,,0,09-May-2017,01:54:35,25.6896,-79.2232,,6854,39930,1176,93,,,39,82,13,,,,,,,,,,,,,,,,,,,,,,,,,,,,,
6056,169269,3,MB,B,31,09-May-2017,15:15:14,25.6775,-79.2199,,401677394,-134,,0,09-May-2017,15:15:15,25.6775,-79.2199,,6996,59139,827,102,,,32,152,13,,,,,,,,,,,,,,,,,,,,,,,,,,,,,
6056,169269,3,NK,B,32,09-May-2017,23:16:03,25.6740,-79.2018,,401677393,-133,8,0,09-May-2017,23:16:03,25.6740,-79.2018,,7598,27459,2102,102,,,43,192,13,,,,,,,,,,,,,,,,,,,,,,,,,,,,,
6056,169269,3,MA,B,33,10-May-2017,01:31:18,25.6730,-79.2239,,401677389,-133,8,0,10-May-2017,01:31:18,25.6730,-79.2239,,6576,22886,1889,109,,,45,222,13,,,,,,,,,,,,,,,,,,,,,,,,,,,,,
6056,169269,23,MA,B,34,11-May-2017,01:18:37,25.6679,-79.2649,,401677390,-131,,0,11-May-2017,01:18:38,25.6679,-79.2649,,5138,6505,4058,21,,,88,48,90,13,62,165,165,52,61,133,39,215,114,12,209,16,1,93,16,215,224,0,0,,,,,,,,,
6056,169269,23,NN,B,35,11-May-2017,11:00:10,25.6845,-79.2742,,401677388,-133,8,0,11-May-2017,11:00:11,25.6845,-79.2742,,4550,11506,1799,68,,,82,144,90,12,40,163,229,112,28,45,141,88,204,149,139,161,11,203,163,166,100,24,186,,,,,,,,,
6056,169269,23,NK,A,36,11-May-2017,11:18:12,25.6909,-79.2678,,401677392,-124,6,0,11-May-2017,11:15:04,25.6909,-79.2678,298,573,7369,44,89,,,77,176,90,12,40,167,181,14,41,150,84,53,254,177,71,135,121,28,71,235,74,217,105,,,,,,,,,
6056,169269,3,NK,A,36,11-May-2017,11:18:12,25.6909,-79.2678,,401677392,-124,6,0,11-May-2017,11:19:31,25.6909,-79.2678,298,573,7369,44,89,,,10,0,16,,,,,,,,,,,,,,,,,,,,,,,,,,,,,
6056,169269,23,NK,A,36,11-May-2017,11:18:12,25.6909,-79.2678,,401677392,-124,6,0,11-May-2017,11:20:02,25.6909,-79.2678,298,573,7369,44,89,,,70,240,90,12,40,167,165,52,53,173,61,90,146,29,173,14,1,90,16,197,34,32,42,,,,,,,,,
6056,169269,23,NP,B,37,11-May-2017,20:30:17,25.6775,-79.2680,,401677381,-132,8,0,11-May-2017,20:30:18,25.6775,-79.2680,492,2239,50824,98,34,,,69,240,90,12,40,167,165,32,104,46,173,33,225,75,64,139,226,111,66,190,6,9,71,,,,,,,,,
6056,169269,23,NP,B,37,11-May-2017,20:30:17,25.6775,-79.2680,,401677381,-132,8,0,11-May-2017,20:38:30,25.6775,-79.2680,492,2239,50824,98,34,,,80,240,90,12,40,167,165,52,53,210,101,83,84,30,157,16,1,130,17,249,224,48,32,,,,,,,,,
6056,169269,23,SR,A,38,11-May-2017,22:34:03,25.6926,-79.2648,,401677382,-127,8,0,11-May-2017,22:28:53,25.6926,-79.2648,310,230,456,115,1,,,71,48,90,12,40,167,165,52,53,217,203,23,148,30,237,14,1,93,16,216,112,0,0,,,,,,,,,
6056,169269,3,SR,A,38,11-May-2017,22:34:03,25.6926,-79.2648,,401677382,-127,8,0,11-May-2017,22:30:43,25.6926,-79.2648,310,230,456,115,1,,,10,5,18,,,,,,,,,,,,,,,,,,,,,,,,,,,,,
6056,169269,3,SR,A,38,11-May-2017,22:34:03,25.6926,-79.2648,,401677382,-127,8,0,11-May-2017,22:34:03,25.6926,-79.2648,310,230,456,115,1,,,109,141,213,,,,,,,,,,,,,,,,,,,,,,,,,,,,,
6056,169269,3,NK,B,39,11-May-2017,22:32:23,25.6836,-79.2688,,401677383,-124,8,0,11-May-2017,22:30:43,25.6836,-79.2688,200,1437,25531,80,8,,,26,17,19,,,,,,,,,,,,,,,,,,,,,,,,,,,,,
6056,169269,3,NK,B,39,11-May-2017,22:32:23,25.6836,-79.2688,,401677383,-124,8,0,11-May-2017,22:34:03,25.6836,-79.2688,200,1437,25531,80,8,,,76,150,218,,,,,,,,,,,,,,,,,,,,,,,,,,,,,
6056,169269,3,MA,B,40,12-May-2017,00:53:32,25.6966,-79.2661,,401677383,-132,8,0,12-May-2017,00:53:33,25.6966,-79.2661,,1546,1893,1262,80,,,10,0,16,,,,,,,,,,,,,,,,,,,,,,,,,,,,,
6056,169269,23,SR,B,41,12-May-2017,11:16:47,25.6985,-79.2740,,401677389,-128,8,0,12-May-2017,11:16:48,25.6985,-79.2740,,3554,3963,3186,56,,,71,208,90,12,104,189,214,49,123,37,202,223,12,56,248,152,126,58,147,175,65,32,190,,,,,,,,,
6056,169269,3,SR,B,42,12-May-2017,22:02:58,25.7205,-79.2824,,401677389,-140,8,0,12-May-2017,22:02:59,25.7205,-79.2824,,4017,7405,2178,96,,,14,187,56,,,,,,,,,,,,,,,,,,,,,,,,,,,,,
6056,169269,3,NK,B,43,12-May-2017,22:06:03,25.7005,-79.2843,,401677378,-129,6,0,12-May-2017,22:06:04,25.7005,-79.2843,,3608,13531,962,101,,,68,138,5,,,,,,,,,,,,,,,,,,,,,,,,,,,,,
6056,169269,3,NN,B,44,12-May-2017,22:06:03,25.7004,-79.2847,,401677380,-137,,0,12-May-2017,22:06:04,25.7004,-79.2847,,3596,13608,950,101,,,208,200,5,,,,,,,,,,,,,,,,,,,,,,,,,,,,,
6056,169269,23,SR,B,45,13-May-2017,10:49:13,25.7063,-79.2785,,401677379,-138,,0,13-May-2017,10:48:11,25.7063,-79.2785,125,1164,11262,120,156,,,90,144,90,12,40,167,164,52,38,136,111,11,178,220,199,227,255,131,248,208,128,4,0,,,,,,,,,
6056,169269,3,SR,B,45,13-May-2017,10:49:13,25.7063,-79.2785,,401677379,-138,,0,13-May-2017,10:50:16,25.7063,-79.2785,125,1164,11262,120,156,,,71,59,5,,,,,,,,,,,,,,,,,,,,,,,,,,,,,
6056,169269,3,NN,B,46,13-May-2017,23:38:16,25.7049,-79.2716,,401677375,-131,,0,13-May-2017,23:38:16,25.7049,-79.2716,,3207,5240,1961,63,,,10,0,16,,,,,,,,,,,,,,,,,,,,,,,,,,,,,
6056,169269,3,NK, ,47,15-May-2017,00:35:43,,,,401650000,-130,,0,15-May-2017,00:35:43,,,,,,,,,,78,73,5,,,,,,,,,,,,,,,,,,,,,,,,,,,,,
6056,169269,3,NN, ,48,15-May-2017,13:33:05,,,,401650000,-129,,0,15-May-2017,13:33:05,,,,,,,,,,78,73,5,,,,,,,,,,,,,,,,,,,,,,,,,,,,,
6056,169269,3,NN, ,49,15-May-2017,23:12:38,,,,401650000,-137,,0,15-May-2017,23:12:38,,,,,,,,,,26,17,19,,,,,,,,,,,,,,,,,,,,,,,,,,,,,
6056,169269,3,NK, ,50,16-May-2017,23:49:32,,,,401650000,-131,,0,16-May-2017,23:49:32,,,,,,,,,,26,17,19,,,,,,,,,,,,,,,,,,,,,,,,,,,,,
6056,169269,23,SR, ,51,17-May-2017,22:39:10,,,,401650000,-136,,0,17-May-2017,22:39:10,,,,,,,,,,80,16,222,125,184,1,126,31,205,27,112,60,142,175,73,182,30,176,255,168,87,192,252,,,,,,,,,
6056,169269,3,MA, ,52,18-May-2017,14:31:44,,,,401650000,-123,,0,18-May-2017,14:31:44,,,,,,,,,,26,17,19,,,,,,,,,,,,,,,,,,,,,,,,,,,,,
6056,169269,23,NN, ,53,18-May-2017,22:42:25,,,,401650000,-135,,0,18-May-2017,22:42:25,,,,,,,,,,84,16,90,12,40,160,63,255,15,15,160,30,31,131,216,26,11,176,189,11,224,43,162,,,,,,,,,
6056,169269,3,NN, ,54,19-May-2017,00:16:17,,,,401650000,-131,,0,19-May-2017,00:16:17,,,,,,,,,,26,17,19,,,,,,,,,,,,,,,,,,,,,,,,,,,,,
6056,169269,23,MA, ,55,19-May-2017,15:49:43,,,,401650000,-126,,0,19-May-2017,15:49:43,,,,,,,,,,88,80,90,12,40,167,165,52,57,191,23,152,148,43,189,14,1,78,15,215,96,0,0,,,,,,,,,
6056,169269,23,SR, ,56,20-May-2017,12:06:34,,,,401650000,-135,,0,20-May-2017,12:06:34,,,,,,,,,,84,176,90,12,40,167,167,52,58,32,138,138,122,22,131,168,0,166,63,138,16,7,1,,,,,,,,,
6056,169269,23,MA, ,57,20-May-2017,15:38:08,,,,401650000,-126,,0,20-May-2017,15:38:08,,,,,,,,,,75,176,90,12,40,135,151,207,187,195,109,196,58,52,209,152,61,22,28,170,19,205,242,,,,,,,,,
6056,169269,3,NP, ,58,21-May-2017,08:57:13,,,,401650000,-132,,0,21-May-2017,08:57:13,,,,,,,,,,234,162,213,,,,,,,,,,,,,,,,,,,,,,,,,,,,,
6056,169269,3,NP, ,59,21-May-2017,20:19:18,,,,401650000,-136,,0,21-May-2017,20:19:18,,,,,,,,,,47,179,19,,,,,,,,,,,,,,,,,,,,,,,,,,,,,
6056,169269,3,MA, ,60,22-May-2017,02:30:26,,,,401650000,-135,,0,22-May-2017,02:30:26,,,,,,,,,,26,17,19,,,,,,,,,,,,,,,,,,,,,,,,,,,,,
6056,169269,3,MA, ,61,22-May-2017,14:55:02,,,,401650000,-135,,0,22-May-2017,14:55:02,,,,,,,,,,65,98,69,,,,,,,,,,,,,,,,,,,,,,,,,,,,,
6056,169269,3,NN,B,62,22-May-2017,23:39:22,25.7690,-79.3891,,401677378,-131,,0,22-May-2017,23:29:46,25.7690,-79.3891,576,10145,732468,140,122,,,36,126,24,,,,,,,,,,,,,,,,,,,,,,,,,,,,,
6056,169269,23,NN,B,62,22-May-2017,23:39:22,25.7690,-79.3891,,401677378,-131,,0,22-May-2017,23:39:22,25.7690,-79.3891,576,10145,732468,140,122,,,66,144,90,12,40,167,165,52,59,94,114,24,120,66,112,32,248,99,51,89,168,24,96,,,,,,,,,
6056,169269,3,SR, ,63,22-May-2017,23:29:46,,,,401650000,-137,,0,22-May-2017,23:29:46,,,,,,,,,,36,126,24,,,,,,,,,,,,,,,,,,,,,,,,,,,,,
6056,169269,3,SR,B,64,23-May-2017,22:57:09,25.6894,-79.2792,,401677387,-125,,0,23-May-2017,22:57:09,25.6894,-79.2792,,5723,32831,997,90,,,26,17,51,,,,,,,,,,,,,,,,,,,,,,,,,,,,,
6056,169269,3,NK,B,65,24-May-2017,00:16:05,25.6918,-79.2655,,401677390,-132,8,0,24-May-2017,00:16:05,25.6918,-79.2655,,4751,25668,879,96,,,10,0,16,,,,,,,,,,,,,,,,,,,,,,,,,,,,,
6056,169269,3,SR,B,66,24-May-2017,00:33:46,25.6916,-79.2654,,401677390,-130,6,0,24-May-2017,00:33:46,25.6916,-79.2654,,2508,7362,854,108,,,35,90,25,,,,,,,,,,,,,,,,,,,,,,,,,,,,,
6056,169269,3,MA,B,67,24-May-2017,01:47:46,25.6942,-79.2655,,401677392,-123,8,0,24-May-2017,01:47:46,25.6942,-79.2655,,2401,5135,1122,100,,,154,17,19,,,,,,,,,,,,,,,,,,,,,,,,,,,,,
6056,169269,3,MA,B,68,24-May-2017,14:09:03,25.6931,-79.2379,,401677396,-125,,0,24-May-2017,14:09:04,25.6931,-79.2379,,3527,7651,1625,69,,,17,145,87,,,,,,,,,,,,,,,,,,,,,,,,,,,,,
6056,169269,3,SR,B,69,25-May-2017,00:07:43,25.7042,-79.2308,,401677394,-126,8,0,25-May-2017,00:01:25,25.7042,-79.2308,379,3717,231013,59,64,,,74,182,193,,,,,,,,,,,,,,,,,,,,,,,,,,,,,
6056,169269,3,SR,B,69,25-May-2017,00:07:43,25.7042,-79.2308,,401677394,-126,8,0,25-May-2017,00:07:44,25.7042,-79.2308,379,3717,231013,59,64,,,32,84,26,,,,,,,,,,,,,,,,,,,,,,,,,,,,,
6056,169269,3,MA,B,70,25-May-2017,01:21:58,25.6952,-79.2484,,401677388,-125,8,0,25-May-2017,01:21:58,25.6952,-79.2484,,2143,5695,806,70,,,41,50,43,,,,,,,,,,,,,,,,,,,,,,,,,,,,,
6056,169269,3,MB,B,71,25-May-2017,02:13:12,25.6935,-79.2512,,401677391,-134,8,0,25-May-2017,02:13:13,25.6935,-79.2512,,2279,4766,1089,72,,,30,17,89,,,,,,,,,,,,,,,,,,,,,,,,,,,,,
6056,169269,3,MA,B,72,25-May-2017,03:03:03,25.6943,-79.2552,,401677393,-121,8,0,25-May-2017,03:03:03,25.6943,-79.2552,,2265,5016,1022,64,,,69,108,5,,,,,,,,,,,,,,,,,,,,,,,,,,,,,
6056,169269,3,MA,B,73,26-May-2017,02:47:18,25.6924,-79.3117,,401677399,-129,,0,26-May-2017,02:47:19,25.6924,-79.3117,,5059,6480,3949,106,,,64,71,120,,,,,,,,,,,,,,,,,,,,,,,,,,,,,
6056,169269,3,MA,B,74,27-May-2017,02:19:17,25.6665,-79.3288,,401677387,-121,,0,27-May-2017,02:19:18,25.6665,-79.3288,313,5477,508335,59,66,,,41,248,27,,,,,,,,,,,,,,,,,,,,,,,,,,,,,
6056,169269,3,MA,B,74,27-May-2017,02:19:17,25.6665,-79.3288,,401677387,-121,,0,27-May-2017,02:24:31,25.6665,-79.3288,313,5477,508335,59,66,,,68,154,5,,,,,,,,,,,,,,,,,,,,,,,,,,,,,
6056,169269,3,SR,B,75,27-May-2017,22:29:29,25.6653,-79.3511,,401677387,-137,,0,27-May-2017,22:29:29,25.6653,-79.3511,,7347,25821,2090,67,,,10,0,16,,,,,,,,,,,,,,,,,,,,,,,,,,,,,
6056,169269,3,NK,B,76,27-May-2017,22:29:29,25.6725,-79.3090,,401677386,-130,,0,27-May-2017,22:29:29,25.6725,-79.3090,,5526,11231,2718,89,,,10,0,16,,,,,,,,,,,,,,,,,,,,,,,,,,,,,
6056,169269,3,MA,B,77,28-May-2017,02:02:15,25.6922,-79.2660,,401677385,-127,8,0,28-May-2017,02:02:15,25.6922,-79.2660,234,2312,128461,41,92,,,26,19,145,,,,,,,,,,,,,,,,,,,,,,,,,,,,,
6056,169269,3,MA,B,77,28-May-2017,02:02:15,25.6922,-79.2660,,401677385,-127,8,0,28-May-2017,02:06:09,25.6922,-79.2660,234,2312,128461,41,92,,,32,232,28,,,,,,,,,,,,,,,,,,,,,,,,,,,,,
6056,169269,3,MB,B,78,28-May-2017,02:52:07,25.6928,-79.2625,,401677373,-134,8,0,28-May-2017,02:52:08,25.6928,-79.2625,,2493,9670,642,92,,,193,50,7,,,,,,,,,,,,,,,,,,,,,,,,,,,,,
6056,169269,3,NK,1,79,28-May-2017,22:09:09,25.6935,-79.2677,,401677369,-129,50,0,28-May-2017,22:04:42,25.6935,-79.2677,425,533,610,465,140,,,36,156,29,,,,,,,,,,,,,,,,,,,,,,,,,,,,,
6056,169269,3,NK,1,79,28-May-2017,22:09:09,25.6935,-79.2677,,401677369,-129,50,0,28-May-2017,22:06:56,25.6935,-79.2677,425,533,610,465,140,,,79,194,5,,,,,,,,,,,,,,,,,,,,,,,,,,,,,
6056,169269,3,NK,1,79,28-May-2017,22:09:09,25.6935,-79.2677,,401677369,-129,50,0,28-May-2017,22:08:46,25.6935,-79.2677,425,533,610,465,140,,,10,0,16,,,,,,,,,,,,,,,,,,,,,,,,,,,,,
6056,169269,3,NK,1,79,28-May-2017,22:09:09,25.6935,-79.2677,,401677369,-129,50,0,28-May-2017,22:11:47,25.6935,-79.2677,425,533,610,465,140,,,26,21,17,,,,,,,,,,,,,,,,,,,,,,,,,,,,,
6056,169269,3,NN,B,80,28-May-2017,22:24:39,25.6969,-79.2734,,401677369,-140,6,0,28-May-2017,22:24:40,25.6969,-79.2734,,587,694,496,102,,,69,192,5,,,,,,,,,,,,,,,,,,,,,,,,,,,,,
6056,169269,3,SR,A,81,28-May-2017,23:38:01,25.6920,-79.2671,,401677376,-126,8,0,28-May-2017,23:36:00,25.6920,-79.2671,527,335,2094,53,113,,,26,17,19,,,,,,,,,,,,,,,,,,,,,,,,,,,,,
6056,169269,3,SR,A,81,28-May-2017,23:38:01,25.6920,-79.2671,,401677376,-126,8,0,28-May-2017,23:40:04,25.6920,-79.2671,527,335,2094,53,113,,,78,168,5,,,,,,,,,,,,,,,,,,,,,,,,,,,,,
6056,169269,23,SR,A,81,28-May-2017,23:38:01,25.6920,-79.2671,,401677376,-126,8,0,28-May-2017,23:44:47,25.6920,-79.2671,527,335,2094,53,113,,,69,112,90,12,40,167,165,52,62,94,199,87,18,58,137,81,163,126,15,91,205,56,0,,,,,,,,,
6056,169269,23,NK,B,82,28-May-2017,23:45:54,25.6945,-79.2684,,401677376,-127,6,0,28-May-2017,23:44:47,25.6945,-79.2684,134,395,2261,69,90,,,69,112,90,12,40,167,165,52,62,94,199,87,18,59,153,24,5,118,175,224,145,18,8,,,,,,,,,
6056,169269,3,NK,B,82,28-May-2017,23:45:54,25.6945,-79.2684,,401677376,-127,6,0,28-May-2017,23:47:01,25.6945,-79.2684,134,395,2261,69,90,,,26,17,19,,,,,,,,,,,,,,,,,,,,,,,,,,,,,
6056,169269,3,NP,B,83,29-May-2017,18:49:20,25.7113,-79.2376,,401677377,-133,,0,29-May-2017,18:49:21,25.7113,-79.2376,,3899,6834,2224,58,,,26,17,19,,,,,,,,,,,,,,,,,,,,,,,,,,,,,
6056,169269,3,NN,B,84,29-May-2017,22:12:25,25.7002,-79.2492,,401677373,-133,8,0,29-May-2017,22:12:25,25.7002,-79.2492,,4427,7489,2616,63,,,45,160,30,,,,,,,,,,,,,,,,,,,,,,,,,,,,,
6056,169269,3,MB,B,85,30-May-2017,02:09:28,25.6943,-79.2441,,401677377,-132,8,0,30-May-2017,02:09:29,25.6943,-79.2441,256,3121,179024,54,88,,,164,148,155,,,,,,,,,,,,,,,,,,,,,,,,,,,,,
6056,169269,3,MB,B,85,30-May-2017,02:09:28,25.6943,-79.2441,,401677377,-132,8,0,30-May-2017,02:13:45,25.6943,-79.2441,256,3121,179024,54,88,,,67,161,5,,,,,,,,,,,,,,,,,,,,,,,,,,,,,
6056,169269,3,SR,B,86,30-May-2017,22:44:06,25.6823,-79.2445,,401677383,-135,,0,30-May-2017,22:44:07,25.6823,-79.2445,,4519,6346,3217,127,,,10,8,16,,,,,,,,,,,,,,,,,,,,,,,,,,,,,
6056,169269,3,NK,B,87,30-May-2017,22:57:13,25.6914,-79.2553,,401677382,-127,6,0,30-May-2017,22:57:14,25.6914,-79.2553,,3308,14678,745,95,,,10,0,16,,,,,,,,,,,,,,,,,,,,,,,,,,,,,
6056,169269,3,NN,B,88,30-May-2017,23:43:44,25.6907,-79.2543,,401677384,-127,8,0,30-May-2017,23:43:45,25.6907,-79.2543,,3407,12938,897,95,,,68,154,5,,,,,,,,,,,,,,,,,,,,,,,,,,,,,
6056,169269,23,NN,B,89,31-May-2017,12:16:18,25.6794,-79.2356,,401677397,-130,,0,31-May-2017,12:16:18,25.6794,-79.2356,,5041,8433,3013,94,,,67,80,90,12,40,167,165,52,63,176,254,151,82,64,93,16,1,126,14,231,7,23,63,,,,,,,,,
6056,169269,3,MB,B,90,31-May-2017,14:18:01,25.6994,-79.2665,,401677391,-133,8,0,31-May-2017,14:18:02,25.6994,-79.2665,,4083,10620,1569,67,,,8,93,191,,,,,,,,,,,,,,,,,,,,,,,,,,,,,
6056,169269,3,MA,B,91,31-May-2017,15:10:15,25.7012,-79.2694,,401677391,-125,8,0,31-May-2017,15:10:15,25.7012,-79.2694,,4107,11556,1459,68,,,35,93,32,,,,,,,,,,,,,,,,,,,,,,,,,,,,,
6056,169269,3,NP,B,92,31-May-2017,20:00:24,25.6927,-79.3030,,401677377,-133,8,0,31-May-2017,20:00:24,25.6927,-79.3030,,4342,8405,2243,74,,,105,47,113,,,,,,,,,,,,,,,,,,,,,,,,,,,,,
6056,169269,3,NN,B,93,31-May-2017,23:32:51,25.6772,-79.2858,,401677376,-127,8,0,31-May-2017,23:32:52,25.6772,-79.2858,122,3123,32808,297,44,,,70,149,5,,,,,,,,,,,,,,,,,,,,,,,,,,,,,
6056,169269,3,NN,B,93,31-May-2017,23:32:51,25.6772,-79.2858,,401677376,-127,8,0,31-May-2017,23:34:54,25.6772,-79.2858,122,3123,32808,297,44,,,10,0,250,,,,,,,,,,,,,,,,,,,,,,,,,,,,,
6056,169269,3,NK,B,94,01-Jun-2017,00:10:09,25.6946,-79.2708,,401677382,-128,8,0,01-Jun-2017,00:07:46,25.6946,-79.2708,287,846,8864,80,99,,,10,0,16,,,,,,,,,,,,,,,,,,,,,,,,,,,,,
6056,169269,3,NK,B,94,01-Jun-2017,00:10:09,25.6946,-79.2708,,401677382,-128,8,0,01-Jun-2017,00:12:33,25.6946,-79.2708,287,846,8864,80,99,,,26,17,19,,,,,,,,,,,,,,,,,,,,,,,,,,,,,
6056,169269,3,NN,B,95,01-Jun-2017,01:07:33,25.7020,-79.2647,,401677381,-131,8,0,01-Jun-2017,01:07:33,25.7020,-79.2647,,1265,2031,787,95,,,10,0,16,,,,,,,,,,,,,,,,,,,,,,,,,,,,,
6056,169269,3,SR,B,96,01-Jun-2017,01:26:05,25.6992,-79.2648,,401677387,-134,6,0,01-Jun-2017,01:26:05,25.6992,-79.2648,,1488,2479,892,92,,,34,198,32,,,,,,,,,,,,,,,,,,,,,,,,,,,,,
6056,169269,3,NK,B,97,01-Jun-2017,12:35:29,25.6878,-79.2710,,401677390,-127,8,0,01-Jun-2017,12:35:30,25.6878,-79.2710,,3023,6772,1349,111,,,26,17,19,,,,,,,,,,,,,,,,,,,,,,,,,,,,,
6056,169269,3,NN,B,98,01-Jun-2017,23:19:25,25.6845,-79.2504,,401677393,-127,8,0,01-Jun-2017,23:19:25,25.6845,-79.2504,,3839,7789,1891,74,,,10,0,16,,,,,,,,,,,,,,,,,,,,,,,,,,,,,
6056,169269,3,SR,B,99,01-Jun-2017,23:19:25,25.7505,-79.2230,Lat > 4 deviations from mean,401677411,-129,8,0,01-Jun-2017,23:19:25,25.7505,-79.2230,,4605,6308,3362,106,,,10,0,16,,,,,,,,,,,,,,,,,,,,,,,,,,,,,
6056,169269,3,NK,B,100,01-Jun-2017,23:49:24,25.6887,-79.2592,,401677386,-133,6,0,01-Jun-2017,23:49:24,25.6887,-79.2592,,2756,3621,2096,150,,,26,17,19,,,,,,,,,,,,,,,,,,,,,,,,,,,,,
6056,169269,23,MA,B,101,02-Jun-2017,03:42:46,25.7139,-79.2431,,401677377,-129,8,0,02-Jun-2017,03:42:47,25.7139,-79.2431,,3334,3644,3049,149,,,219,57,155,89,4,157,88,116,1,194,218,48,16,122,49,221,226,51,92,35,11,210,208,,,,,,,,,
6056,169269,3,NP,B,102,02-Jun-2017,08:20:50,25.7100,-79.2282,,401677389,-129,8,0,02-Jun-2017,08:20:51,25.7100,-79.2282,,3265,6077,1753,85,,,77,102,5,,,,,,,,,,,,,,,,,,,,,,,,,,,,,
6056,169269,3,SR,B,103,02-Jun-2017,12:00:01,25.7220,-79.2346,,401677395,-137,8,0,02-Jun-2017,12:00:02,25.7220,-79.2346,,3502,6744,1818,59,,,71,84,4,,,,,,,,,,,,,,,,,,,,,,,,,,,,,
6056,169269,3,NK,B,104,02-Jun-2017,12:09:54,25.6968,-79.2589,,401677396,-128,6,0,02-Jun-2017,12:09:54,25.6968,-79.2589,,2339,4863,1125,94,,,71,116,5,,,,,,,,,,,,,,,,,,,,,,,,,,,,,
6056,169269,3,NN, ,105,04-Jun-2017,00:35:44,,,,401650000,-131,,0,04-Jun-2017,00:35:44,,,,,,,,,,26,17,19,,,,,,,,,,,,,,,,,,,,,,,,,,,,,
6056,169269,3,MA, ,106,05-Jun-2017,02:32:56,,,,401650000,-122,,0,05-Jun-2017,02:32:56,,,,,,,,,,88,19,26,,,,,,,,,,,,,,,,,,,,,,,,,,,,,
6056,169269,3,SR, ,107,05-Jun-2017,12:12:53,,,,401650000,-132,,0,05-Jun-2017,12:12:53,,,,,,,,,,35,145,194,,,,,,,,,,,,,,,,,,,,,,,,,,,,,
6056,169269,3,NN,B,108,05-Jun-2017,12:54:10,25.6843,-79.2558,,401677397,-125,,0,05-Jun-2017,12:53:56,25.6843,-79.2558,28,2662,35332,200,122,,,26,17,19,,,,,,,,,,,,,,,,,,,,,,,,,,,,,
6056,169269,3,NN,B,108,05-Jun-2017,12:54:10,25.6843,-79.2558,,401677397,-125,,0,05-Jun-2017,12:54:24,25.6843,-79.2558,28,2662,35332,200,122,,,45,155,35,,,,,,,,,,,,,,,,,,,,,,,,,,,,,
6056,169269,3,NN,B,109,06-Jun-2017,00:08:11,25.6873,-79.2599,,401677399,-125,8,0,06-Jun-2017,00:08:12,25.6873,-79.2599,,3295,4110,2641,61,,,26,17,19,,,,,,,,,,,,,,,,,,,,,,,,,,,,,
6056,169269,3,MA, ,110,07-Jun-2017,01:55:52,,,,401650000,-126,,0,07-Jun-2017,01:55:52,,,,,,,,,,78,89,21,,,,,,,,,,,,,,,,,,,,,,,,,,,,,
6056,169269,3,NK, ,111,08-Jun-2017,00:38:53,,,,401650000,-133,,0,08-Jun-2017,00:38:53,,,,,,,,,,26,17,19,,,,,,,,,,,,,,,,,,,,,,,,,,,,,
6056,169269,3,SR, ,112,08-Jun-2017,22:57:11,,,,401650000,-131,,0,08-Jun-2017,22:57:11,,,,,,,,,,38,17,38,,,,,,,,,,,,,,,,,,,,,,,,,,,,,
6056,169269,3,MA,B,113,09-Jun-2017,02:51:03,25.7349,-78.9672,,401677430,-129,,0,09-Jun-2017,02:48:14,25.7349,-78.9672,340,2956,327332,26,82,,,46,57,38,,,,,,,,,,,,,,,,,,,,,,,,,,,,,
6056,169269,3,MA,B,113,09-Jun-2017,02:51:03,25.7349,-78.9672,,401677430,-129,,0,09-Jun-2017,02:53:54,25.7349,-78.9672,340,2956,327332,26,82,,,10,0,16,,,,,,,,,,,,,,,,,,,,,,,,,,,,,
6056,169269,3,NP,B,114,09-Jun-2017,08:43:19,25.6940,-79.1891,,401677412,-133,8,0,09-Jun-2017,08:43:20,25.6940,-79.1891,,7402,69047,793,90,,,66,69,5,,,,,,,,,,,,,,,,,,,,,,,,,,,,,
6056,169269,23,MA,B,115,09-Jun-2017,15:18:59,25.6947,-79.2532,,401677410,-123,8,0,09-Jun-2017,15:19:00,25.6947,-79.2532,,5416,23388,1254,102,,,95,241,90,92,52,178,131,23,167,157,114,245,218,206,225,17,48,3,15,214,208,0,0,,,,,,,,,
6056,169269,3,MA,B,116,10-Jun-2017,02:34:48,25.6830,-79.3054,,401677405,-133,8,0,10-Jun-2017,02:34:49,25.6830,-79.3054,,5872,25205,1367,97,,,65,108,5,,,,,,,,,,,,,,,,,,,,,,,,,,,,,
6056,169269,3,NP,B,117,10-Jun-2017,08:28:04,25.6878,-79.3177,,401677402,-133,8,0,10-Jun-2017,08:28:04,25.6878,-79.3177,,5862,16164,2126,82,,,26,17,19,,,,,,,,,,,,,,,,,,,,,,,,,,,,,
6056,169269,23,MB,B,118,10-Jun-2017,15:49:06,25.6982,-79.2984,,401677393,-133,8,0,10-Jun-2017,15:49:06,25.6982,-79.2984,,3729,4166,3337,125,,,83,144,90,12,40,167,165,52,49,63,2,20,247,71,27,18,1,76,15,213,32,0,0,,,,,,,,,
6056,169269,3,NK,B,119,11-Jun-2017,01:02:03,25.6922,-79.3268,,401677393,-135,8,0,11-Jun-2017,01:02:03,25.6922,-79.3268,,4119,7809,2172,100,,,40,71,39,,,,,,,,,,,,,,,,,,,,,,,,,,,,,
6056,169269,23,MA,B,120,11-Jun-2017,16:19:23,25.6970,-79.3698,,401677394,-129,,0,11-Jun-2017,16:19:24,25.6970,-79.3698,,5134,16244,1622,90,,,84,208,96,220,153,122,52,62,151,79,80,241,56,153,212,195,128,93,195,246,48,0,0,,,,,,,,,
6056,169269,3,MA,B,121,12-Jun-2017,01:54:33,25.6782,-79.2896,,401677388,-126,8,0,12-Jun-2017,01:54:34,25.6782,-79.2896,,4684,12797,1714,67,,,35,10,40,,,,,,,,,,,,,,,,,,,,,,,,,,,,,
6056,169269,3,SR,B,122,12-Jun-2017,22:37:39,25.6933,-79.3058,,401677381,-131,,0,12-Jun-2017,22:37:40,25.6933,-79.3058,,5631,9486,3341,92,,,26,17,19,,,,,,,,,,,,,,,,,,,,,,,,,,,,,
6056,169269,3,MA,B,123,13-Jun-2017,03:05:24,25.6982,-79.2962,,401677389,-131,8,0,13-Jun-2017,03:05:25,25.6982,-79.2962,,5670,11259,2855,99,,,26,17,19,,,,,,,,,,,,,,,,,,,,,,,,,,,,,
6056,169269,3,NN,B,124,13-Jun-2017,13:00:20,25.6932,-79.2952,,401677390,-135,8,0,13-Jun-2017,13:00:20,25.6932,-79.2952,,5575,31932,973,103,,,38,4,41,,,,,,,,,,,,,,,,,,,,,,,,,,,,,
6056,169269,3,NK, ,125,14-Jun-2017,23:24:43,,,,401650000,-127,,0,14-Jun-2017,23:24:43,,,,,,,,,,79,124,5,,,,,,,,,,,,,,,,,,,,,,,,,,,,,
6056,169269,3,NP, ,126,15-Jun-2017,20:32:24,,,,401650000,-130,,0,15-Jun-2017,20:32:24,,,,,,,,,,41,168,46,,,,,,,,,,,,,,,,,,,,,,,,,,,,,
6056,169269,3,SR, ,127,15-Jun-2017,22:38:27,,,,401650000,-133,,0,15-Jun-2017,22:38:27,,,,,,,,,,45,188,42,,,,,,,,,,,,,,,,,,,,,,,,,,,,,
6056,169269,3,SR,B,128,16-Jun-2017,00:24:07,25.6902,-79.2733,,401677391,-133,,0,16-Jun-2017,00:15:42,25.6902,-79.2733,506,5078,244400,105,15,,,26,145,19,,,,,,,,,,,,,,,,,,,,,,,,,,,,,
6056,169269,3,SR,B,128,16-Jun-2017,00:24:07,25.6902,-79.2733,,401677391,-133,,0,16-Jun-2017,00:24:08,25.6902,-79.2733,506,5078,244400,105,15,,,71,133,13,,,,,,,,,,,,,,,,,,,,,,,,,,,,,
6056,169269,23,MA,B,129,16-Jun-2017,02:08:15,25.6933,-79.2723,,401677391,-126,8,0,16-Jun-2017,02:08:16,25.6933,-79.2723,,1404,1892,1040,68,,,65,176,90,12,40,177,161,220,180,229,122,72,3,1,221,225,221,222,30,29,29,222,5,,,,,,,,,
6056,169269,3,SR, ,130,17-Jun-2017,11:03:40,,,,401650000,-133,,0,17-Jun-2017,11:03:40,,,,,,,,,,14,0,16,,,,,,,,,,,,,,,,,,,,,,,,,,,,,
6056,169269,31,MB, ,131,19-Jun-2017,01:55:32,,,,401650000,-135,,0,19-Jun-2017,01:55:32,,,,,,,,,,71,208,192,177,246,57,174,116,240,115,153,30,133,219,25,7,221,89,186,32,108,89,136,102,241,242,130,11,81,99,100,
6056,169269,3,SR, ,132,19-Jun-2017,23:59:10,,,,401650000,-132,,0,19-Jun-2017,23:59:10,,,,,,,,,,67,112,5,,,,,,,,,,,,,,,,,,,,,,,,,,,,,
6056,169269,3,NP, ,133,20-Jun-2017,10:01:17,,,,401650000,-132,,0,20-Jun-2017,10:01:17,,,,,,,,,,26,17,19,,,,,,,,,,,,,,,,,,,,,,,,,,,,,
6056,169269,3,NK, ,134,20-Jun-2017,11:17:26,,,,401650000,-133,,0,20-Jun-2017,11:17:26,,,,,,,,,,26,17,19,,,,,,,,,,,,,,,,,,,,,,,,,,,,,
6056,169269,3,NK, ,135,20-Jun-2017,12:59:22,,,,401650000,-129,,0,20-Jun-2017,12:59:22,,,,,,,,,,42,147,53,,,,,,,,,,,,,,,,,,,,,,,,,,,,,
6056,169269,23,NN, ,136,20-Jun-2017,13:15:06,,,,401650000,-133,,0,20-Jun-2017,13:15:06,,,,,,,,,,66,176,90,12,40,165,248,133,55,239,139,150,191,69,53,251,69,2,164,75,71,84,249,,,,,,,,,
6056,169269,3,MA, ,137,20-Jun-2017,14:58:00,,,,401650000,-130,,0,20-Jun-2017,14:58:00,,,,,,,,,,26,17,23,,,,,,,,,,,,,,,,,,,,,,,,,,,,,
6056,169269,3,MA, ,138,21-Jun-2017,01:59:40,,,,401650000,-135,,0,21-Jun-2017,01:59:40,,,,,,,,,,26,17,19,,,,,,,,,,,,,,,,,,,,,,,,,,,,,
6056,169269,3,SR, ,139,22-Jun-2017,11:39:35,,,,401650000,-129,,0,22-Jun-2017,11:39:35,,,,,,,,,,79,1,168,,,,,,,,,,,,,,,,,,,,,,,,,,,,,
6056,169269,3,MA, ,140,23-Jun-2017,02:58:52,,,,401650000,-130,,0,23-Jun-2017,02:58:52,,,,,,,,,,26,17,19,,,,,,,,,,,,,,,,,,,,,,,,,,,,,
6056,169269,3,NN, ,141,23-Jun-2017,22:22:01,,,,401650000,-135,,0,23-Jun-2017,22:22:01,,,,,,,,,,10,0,16,,,,,,,,,,,,,,,,,,,,,,,,,,,,,
6056,169269,3,NP, ,142,24-Jun-2017,22:11:47,,,,401650000,-136,,0,24-Jun-2017,22:11:47,,,,,,,,,,26,145,23,,,,,,,,,,,,,,,,,,,,,,,,,,,,,
6056,169269,3,NN, ,143,24-Jun-2017,22:11:47,,,,401650000,-135,,0,24-Jun-2017,22:11:47,,,,,,,,,,26,19,151,,,,,,,,,,,,,,,,,,,,,,,,,,,,,
6056,169269,3,MA, ,144,25-Jun-2017,02:22:27,,,,401677394,-126,,0,25-Jun-2017,02:16:05,,,382,,,,,,,10,0,16,,,,,,,,,,,,,,,,,,,,,,,,,,,,,
6056,169269,23,MA, ,144,25-Jun-2017,02:22:27,,,,401677394,-126,,0,25-Jun-2017,02:22:27,,,382,,,,,,,95,208,90,12,40,167,165,52,60,137,93,86,20,96,51,16,1,80,17,216,224,3,1,,,,,,,,,
6056,169269,3,NN,B,145,25-Jun-2017,23:35:30,25.6930,-79.3004,,401677395,-130,,0,25-Jun-2017,23:35:30,25.6930,-79.3004,,13840,40666,4710,85,,,18,194,247,,,,,,,,,,,,,,,,,,,,,,,,,,,,,
6056,169269,3,NK,B,146,25-Jun-2017,23:49:25,25.6968,-79.2918,,401677395,-133,6,0,25-Jun-2017,23:49:25,25.6968,-79.2918,,12435,75195,2056,92,,,10,20,207,,,,,,,,,,,,,,,,,,,,,,,,,,,,,
6056,169269,23,MA,B,147,26-Jun-2017,01:56:41,25.6978,-79.2914,,401677394,-131,8,0,26-Jun-2017,01:56:41,25.6978,-79.2914,,8911,50810,1562,92,,,68,48,218,187,128,47,37,143,50,203,240,60,3,1,64,183,198,242,86,19,203,192,197,,,,,,,,,
6056,169269,3,SR, ,148,01-Jul-2017,00:51:45,,,,401650000,-134,,0,01-Jul-2017,00:51:45,,,,,,,,,,10,231,247,,,,,,,,,,,,,,,,,,,,,,,,,,,,,
,,,,,,,,,,,,,,,,,,,,,,,,,,,,,,,,,,,,,,,,,,,,,,,,,,,,,,,,,
,,,,,,,,,,,,,,,,,,,,,,,,,,,,,,,,,,,,,,,,,,,,,,,,,,,,,,,,,
PTT,Diags,Passes,Msgs,,,,,,,,,,,,,,,,,,,,,,,,,,,,,,,,,,,,,,,,,,,,,,,,,,,,,,
169269,0,148,247,,,,,,,,,,,,,,,,,,,,,,,,,,,,,,,,,,,,,,,,,,,,,,,,,,,,,,
