Name,Day,Time,Count,Time Offset,LocNumber,Failures,Hauled Out,Satellites,InitLat,InitLon,InitTime,Latitude,Longitude,Height,Bad Sats,Residual,Time Error,TWIC Power,Fastloc Power,Noise,Range Bits,Id,Range,Signal,Doppler,CNR,Id,Range,Signal,Doppler,CNR,Id,Range,Signal,Doppler,CNR,Id,Range,Signal,Doppler,CNR,Id,Range,Signal,Doppler,CNR,Id,Range,Signal,Doppler,CNR,Id,Range,Signal,Doppler,CNR,Id,Range,Signal,Doppler,CNR,Id,Range,Signal,Doppler,CNR,Id,Range,Signal,Doppler,CNR,Id,Range,Signal,Doppler,CNR,Id,Range,Signal,Doppler,CNR,Id,Range,Signal,Doppler,CNR,Id,Range,Signal,Doppler,CNR,Id,Range,Signal,Doppler,CNR
128352,17-Jun-14,15:24:00,14,9,31,2,0,7,,,,28.65098,-82.72148895,,,4.9,0,,,,15,31,15489,,,,3,14314,,,,16,1100,,,,20,26346,,,,19,23038,,,,27,8798,,,,14,24156,,,,,,,,,,,,,,,,,,,,,,,,,,,,,,,,,,,,,,,,,,,
128352,18-Jun-14,3:27:21,2,9,33,2,0,8,28.6719799,-82.69878387,27:29.9,28.6719799,-82.69878387,,,11.4,-0.1,,,,15,12,28634,,,,5,23504,,,,26,2383,,,,25,24321,,,,2,20932,,,,15,107,,,,29,44,,,,4,364,,,,,,,,,,,,,,,,,,,,,,,,,,,,,,,,,,,,,,
128352,18-Jun-14,9:29:19,2,9,34,2,0,7,28.67181396,-82.7024231,29:28.4,28.67181396,-82.7024231,,,9.5,0.5,,,,15,21,19882,,,,18,30820,,,,22,22364,,,,14,10921,,,,12,2075,,,,24,30453,,,,25,22303,,,,,,,,,,,,,,,,,,,,,,,,,,,,,,,,,,,,,,,,,,,
128352,18-Jun-14,15:31:37,2,9,35,,0,8,28.671278,-82.72829437,31:45.9,28.671278,-82.72829437,,,8.9,-0.1,,,,15,23,32036,,,,31,31891,,,,16,5827,,,,27,26898,,,,13,12366,,,,20,13656,,,,3,10401,,,,19,17745,,,,,,,,,,,,,,,,,,,,,,,,,,,,,,,,,,,,,,
128352,19-Jun-14,3:34:29,1,9,37,2,0,8,28.67195892,-82.75157166,34:38.5,28.67195892,-82.75157166,,,5.3,0.5,,,,15,12,2956,,,,5,23280,,,,26,21730,,,,29,15948,,,,10,13271,,,,25,25344,,,,2,18522,,,,6,21249,,,,,,,,,,,,,,,,,,,,,,,,,,,,,,,,,,,,,,
128352,19-Jun-14,15:35:30,2,9,39,2,0,7,28.66469193,-82.73504639,35:39.5,28.66469193,-82.73504639,,,5.5,0.5,,,,15,20,22125,,,,16,25073,,,,13,6011,,,,23,15466,,,,27,14144,,,,3,5980,,,,31,7094,,,,,,,,,,,,,,,,,,,,,,,,,,,,,,,,,,,,,,,,,,,
128352,20-Jun-14,16:12:02,1,9,43,4,0,7,28.66443062,-82.73537445,12:11.5,28.66443062,-82.73537445,,,8.5,0.5,,,,15,23,4690,,,,16,21881,,,,13,32014,,,,3,7612,,,,31,13550,,,,20,10528,,,,27,23221,,,,,,,,,,,,,,,,,,,,,,,,,,,,,,,,,,,,,,,,,,,
128352,21-Jun-14,4:44:44,1,9,45,6,0,6,28.66413689,-82.75063324,6/21/14 4:44,28.66413689,-82.75063324,,,12.1,,,,,15,26,11194,,,,2,24021,,,,15,14077,,,,29,32616,,,,5,10336,,,,12,22935,,,,,,,,,,,,,,,,,,,,,,,,,,,,,,,,,,,,,,,,,,,,,,,,
128352,22-Jun-14,6:15:28,1,10,49,11,0,4,28.68199921,-82.72900391,6/22/14 10:18,28.67454147,-82.72983551,,,0.5,-0.2,,,,15,15,11470,,,,18,29546,,,,29,13486,,,,21,7331,,,,,,,,,,,,,,,,,,,,,,,,,,,,,,,,,,,,,,,,,,,,,,,,,,,,,,,,,,
128352,22-Jun-14,12:21:55,1,9,50,11,0,4,28.68199921,-82.72900391,6/22/14 10:18,28.68484306,-82.71180725,,,0.4,0.5,,,,15,31,9653,,,,14,2256,,,,22,23105,,,,25,3339,,,,,,,,,,,,,,,,,,,,,,,,,,,,,,,,,,,,,,,,,,,,,,,,,,,,,,,,,,
128352,23-Jun-14,12:32:42,1,10,54,11,0,4,28.67900085,-82.72900391,6/23/14 9:08,28.68126106,-82.71593475,,,0.9,-1.8,,,,15,31,24586,,,,14,12750,,,,20,16787,,,,1,696,,,,,,,,,,,,,,,,,,,,,,,,,,,,,,,,,,,,,,,,,,,,,,,,,,,,,,,,,,
128352,23-Jun-14,19:06:35,1,10,55,,0,9,28.67882538,-82.69568634,06:44.1,28.67882538,-82.69568634,,1,8.9,-0.9,,,,15,8,22176,,,,30,17802,,,,7,4944,,,,9,17119,,,,19,16808,,,,3,23271,,,,11,19808,,,,13,19667,,,,28,16007,,,,,,,,,,,,,,,,,,,,,,,,,,,,,,,,,
128352,24-Jun-14,20:33:35,1,9,59,,0,9,28.67527008,-82.69992828,33:44.7,28.67527008,-82.69992828,,1,8.2,0.7,,,,15,8,20077,,,,7,25992,,,,30,25184,,,,1,29834,,,,11,32280,,,,17,14949,,,,28,16907,,,,19,20337,,,,9,17419,,,,,,,,,,,,,,,,,,,,,,,,,,,,,,,,,
128352,25-Jun-14,3:43:46,1,9,60,22,0,8,28.66720581,-82.71247864,43:54.2,28.66720581,-82.71247864,,,4.7,-0.8,,,,15,5,7252,,,,2,15670,,,,26,16670,,,,12,15720,,,,10,29250,,,,15,30102,,,,25,7121,,,,29,1714,,,,,,,,,,,,,,,,,,,,,,,,,,,,,,,,,,,,,,
128352,25-Jun-14,9:45:42,1,9,61,22,0,7,28.64813614,-82.72869873,45:51.1,28.64813614,-82.72869873,,,7.9,0.1,,,,15,12,25086,,,,18,12526,,,,22,4881,,,,31,4924,,,,25,31757,,,,24,1970,,,,14,2361,,,,,,,,,,,,,,,,,,,,,,,,,,,,,,,,,,,,,,,,,,,
128352,25-Jun-14,15:53:17,1,9,62,22,0,7,28.65806389,-82.7245636,53:26.7,28.65806389,-82.7245636,,,6.8,0.7,,,,15,27,4298,,,,19,14901,,,,20,16373,,,,3,22468,,,,23,16461,,,,13,17266,,,,7,26226,,,,,,,,,,,,,,,,,,,,,,,,,,,,,,,,,,,,,,,,,,,
128352,26-Jun-14,11:22:56,1,9,65,27,0,5,28.65402794,-82.72398376,23:05.2,28.65402794,-82.72398376,,,3.9,0.2,,,,15,25,34,,,,31,30397,,,,12,28005,,,,18,31677,,,,22,4192,,,,,,,,,,,,,,,,,,,,,,,,,,,,,,,,,,,,,,,,,,,,,,,,,,,,,
128352,26-Jun-14,17:43:54,1,9,66,,0,9,28.67427063,-82.70236206,44:03.7,28.67427063,-82.70236206,,,9.7,0.7,,,,15,7,16312,,,,13,7346,,,,23,15593,,,,30,7803,,,,8,15746,,,,27,30346,,,,3,2876,,,,19,16022,,,,28,18419,,,,,,,,,,,,,,,,,,,,,,,,,,,,,,,,,
128352,27-Jun-14,6:21:57,2,9,68,30,0,4,28.67200089,-82.69699097,6/27/14 0:28,28.67889214,-82.70024109,,,0.4,0.2,,,,15,29,6912,,,,18,8814,,,,21,26044,,,,15,11964,,,,,,,,,,,,,,,,,,,,,,,,,,,,,,,,,,,,,,,,,,,,,,,,,,,,,,,,,,
128352,27-Jun-14,12:41:03,1,9,69,31,0,5,28.67584991,-82.70572662,41:12.3,28.67584991,-82.70572662,,,6.8,0.3,,,,15,31,5594,,,,25,7372,,,,16,31048,,,,22,4219,,,,14,23950,,,,,,,,,,,,,,,,,,,,,,,,,,,,,,,,,,,,,,,,,,,,,,,,,,,,,
128352,27-Jun-14,18:56:38,1,9,70,32,0,8,28.67694664,-82.69276428,56:47.7,28.67694664,-82.69276428,,1,7.7,0.7,,,,15,28,21025,,,,3,28387,,,,19,20198,,,,9,2699,,,,30,30188,,,,8,5834,,,,7,5666,,,,13,19480,,,,,,,,,,,,,,,,,,,,,,,,,,,,,,,,,,,,,,
128352,28-Jun-14,1:13:55,1,9,71,33,0,7,28.67622185,-82.69393158,14:03.3,28.67622185,-82.69393158,,,3.7,-0.7,,,,15,6,28066,,,,4,21548,,,,10,901,,,,12,518,,,,5,16497,,,,2,22558,,,,13,9233,,,,,,,,,,,,,,,,,,,,,,,,,,,,,,,,,,,,,,,,,,,
128352,28-Jun-14,7:32:46,1,10,72,34,0,6,28.67208862,-82.69577789,32:54.7,28.67208862,-82.69577789,,,7.3,-1.3,,,,15,18,22468,,,,22,21730,,,,21,19489,,,,24,5463,,,,15,3982,,,,14,13958,,,,,,,,,,,,,,,,,,,,,,,,,,,,,,,,,,,,,,,,,,,,,,,,
128352,28-Jun-14,20:09:31,1,10,74,,0,9,28.67567825,-82.71213531,09:40.8,28.67567825,-82.71213531,,1,8.4,-0.2,,,,15,7,3272,,,,17,22447,,,,30,16191,,,,9,6232,,,,8,12992,,,,1,20170,,,,11,8288,,,,28,24824,,,,26,9290,,,,,,,,,,,,,,,,,,,,,,,,,,,,,,,,,
128352,29-Jun-14,2:09:21,1,10,75,36,0,8,28.6709919,-82.7326355,09:29.3,28.6709919,-82.7326355,,,6.6,-1.7,,,,15,6,31143,,,,4,30206,,,,10,23532,,,,12,9651,,,,5,24304,,,,2,16861,,,,26,6968,,,,17,7054,,,,,,,,,,,,,,,,,,,,,,,,,,,,,,,,,,,,,,
128352,30-Jun-14,2:46:25,1,9,79,,0,9,28.67529678,-82.75645447,46:34.8,28.67529678,-82.75645447,,,14,0.8,,,,15,5,15578,,,,12,1755,,,,25,18860,,,,26,30601,,,,2,9993,,,,29,26619,,,,10,19081,,,,6,12772,,,,15,28693,,,,,,,,,,,,,,,,,,,,,,,,,,,,,,,,,
128352,30-Jun-14,15:22:18,1,10,81,40,0,6,28.66472244,-82.7335434,22:26.4,28.66472244,-82.7335434,,,6.8,-1.6,,,,15,27,21420,,,,31,13764,,,,23,4920,,,,3,19835,,,,16,23854,,,,20,20856,,,,,,,,,,,,,,,,,,,,,,,,,,,,,,,,,,,,,,,,,,,,,,,,
128352,30-Jun-14,21:41:37,1,10,82,41,0,7,28.66479874,-82.73390198,41:46.4,28.66479874,-82.73390198,,1,8.8,-0.6,,,,15,4,6297,,,,17,22628,,,,9,10247,,,,1,22757,,,,6,17796,,,,11,22153,,,,30,12420,,,,,,,,,,,,,,,,,,,,,,,,,,,,,,,,,,,,,,,,,,,
128352,1-Jul-14,3:41:53,3,10,83,41,0,6,28.66573524,-82.73429871,42:02.9,28.66573524,-82.73429871,,,5.5,-0.1,,,,15,15,1140,,,,26,30842,,,,25,30030,,,,12,6706,,,,2,28376,,,,29,15260,,,,,,,,,,,,,,,,,,,,,,,,,,,,,,,,,,,,,,,,,,,,,,,,
128352,2-Jul-14,17:31:09,1,9,89,47,0,7,28.66437912,-82.71989441,31:18.9,28.66437912,-82.71989441,,,7.9,0.9,,,,15,23,27828,,,,3,4834,,,,27,13748,,,,13,6740,,,,11,18929,,,,19,26477,,,,1,2502,,,,,,,,,,,,,,,,,,,,,,,,,,,,,,,,,,,,,,,,,,,
128352,4-Jul-14,6:54:02,1,10,95,51,0,6,28.66598129,-82.70871735,54:10.4,28.66598129,-82.70871735,,,5.4,-1.5,,,,15,15,25448,,,,22,22896,,,,18,9316,,,,14,7796,,,,29,22612,,,,24,28109,,,,,,,,,,,,,,,,,,,,,,,,,,,,,,,,,,,,,,,,,,,,,,,,
128352,4-Jul-14,13:09:26,1,9,96,52,0,3,,,,,,,,,,,,,15,16,24617,,,,31,32244,,,,23,15820,,,,,,,,,,,,,,,,,,,,,,,,,,,,,,,,,,,,,,,,,,,,,,,,,,,,,,,,,,,,,,,
128352,4-Jul-14,19:28:18,1,9,97,,0,9,28.66440964,-82.7350235,28:26.5,28.66440964,-82.7350235,,1,7.6,-0.5,,,,15,30,3886,,,,8,6030,,,,17,12060,,,,9,19354,,,,11,2380,,,,28,20112,,,,1,5465,,,,7,580,,,,26,1811,,,,,,,,,,,,,,,,,,,,,,,,,,,,,,,,,
128352,6-Jul-14,20:20:19,1,9,105,,0,9,28.66115952,-82.72866058,20:28.6,28.66115952,-82.72866058,,1,9.9,0.6,,,,15,30,3889,,,,8,8850,,,,7,19475,,,,4,7029,,,,28,4548,,,,17,28079,,,,1,10012,,,,9,6368,,,,11,5987,,,,,,,,,,,,,,,,,,,,,,,,,,,,,,,,,
128352,7-Jul-14,2:20:52,1,9,106,55,0,7,28.66141701,-82.72889709,21:02.1,28.66141701,-82.72889709,,1,12.1,1.1,,,,15,12,27539,,,,10,10924,,,,25,20022,,,,2,9890,,,,5,15903,,,,26,12898,,,,9,23774,,,,,,,,,,,,,,,,,,,,,,,,,,,,,,,,,,,,,,,,,,,
128352,7-Jul-14,8:25:14,1,10,107,55,0,5,28.66689873,-82.71221161,25:24.1,28.66689873,-82.71221161,,,8.5,0.1,,,,15,21,8960,,,,18,26127,,,,14,16897,,,,12,28960,,,,22,11103,,,,,,,,,,,,,,,,,,,,,,,,,,,,,,,,,,,,,,,,,,,,,,,,,,,,,
128352,7-Jul-14,20:27:55,1,10,109,,0,9,28.66174698,-82.73610687,28:04.1,28.66174698,-82.73610687,,1,5.6,-0.9,,,,15,9,31826,,,,7,21700,,,,11,12784,,,,1,2314,,,,17,26308,,,,30,28502,,,,8,25300,,,,4,17417,,,,26,16032,,,,,,,,,,,,,,,,,,,,,,,,,,,,,,,,,
128352,9-Jul-14,4:02:58,2,9,114,60,0,4,28.66799927,-82.70901489,7/10/14 3:28,28.66726685,-82.71250153,,,0.4,1.2,,,,15,29,4138,,,,15,31160,,,,26,31274,,,,2,12527,,,,,,,,,,,,,,,,,,,,,,,,,,,,,,,,,,,,,,,,,,,,,,,,,,,,,,,,,,
128352,9-Jul-14,10:40:42,1,9,115,62,0,3,,,,,,,,,,,,,15,1,5184,,,,22,17234,,,,14,23239,,,,,,,,,,,,,,,,,,,,,,,,,,,,,,,,,,,,,,,,,,,,,,,,,,,,,,,,,,,,,,,
128352,10-Jul-14,5:16:32,2,9,118,64,0,5,28.6672802,-82.71258545,16:41.7,28.6672802,-82.71258545,,,11.4,0.7,,,,15,18,8235,,,,29,30769,,,,26,20138,,,,24,3875,,,,15,18501,,,,,,,,,,,,,,,,,,,,,,,,,,,,,,,,,,,,,,,,,,,,,,,,,,,,,
128352,10-Jul-14,11:37:58,1,9,119,65,0,4,28.66799927,-82.70901489,7/10/14 3:28,28.66798592,-82.71324158,,,1.1,0.2,,,,15,22,20198,,,,31,22690,,,,14,10402,,,,16,24767,,,,,,,,,,,,,,,,,,,,,,,,,,,,,,,,,,,,,,,,,,,,,,,,,,,,,,,,,,
128352,11-Jul-14,0:15:14,1,9,121,67,0,6,28.66353416,-82.72212219,15:23.5,28.66353416,-82.72212219,,,4.8,0.5,,,,15,5,24863,,,,12,19052,,,,10,27279,,,,4,9978,,,,17,27369,,,,2,13828,,,,,,,,,,,,,,,,,,,,,,,,,,,,,,,,,,,,,,,,,,,,,,,,
128352,11-Jul-14,6:18:03,2,9,122,67,0,5,28.66715813,-82.71265411,18:12.7,28.66715813,-82.71265411,,,2.7,0.7,,,,15,15,24503,,,,24,23301,,,,18,6025,,,,22,9972,,,,14,22214,,,,,,,,,,,,,,,,,,,,,,,,,,,,,,,,,,,,,,,,,,,,,,,,,,,,,
128352,12-Jul-14,6:51:30,2,9,126,69,0,6,28.66909599,-82.70795441,51:39.8,28.66909599,-82.70795441,,,7.3,0.8,,,,15,15,22841,,,,24,19855,,,,18,16079,,,,14,32242,,,,21,32688,,,,27,19138,,,,,,,,,,,,,,,,,,,,,,,,,,,,,,,,,,,,,,,,,,,,,,,,
128352,12-Jul-14,12:53:27,1,10,127,69,0,4,28.66699982,-82.71798706,7/13/14 2:23,28.67015266,-82.69487762,,,0.2,2.3,,,,15,31,11990,,,,23,27566,,,,14,1402,,,,16,18998,,,,,,,,,,,,,,,,,,,,,,,,,,,,,,,,,,,,,,,,,,,,,,,,,,,,,,,,,,
128352,12-Jul-14,18:54:39,1,10,128,69,0,7,28.67930412,-82.69152069,54:47.8,28.67930412,-82.69152069,,1,5.4,-1.2,,,,15,11,890,,,,1,1317,,,,17,7228,,,,19,31711,,,,8,2886,,,,7,30867,,,,9,15684,,,,,,,,,,,,,,,,,,,,,,,,,,,,,,,,,,,,,,,,,,,
128352,13-Jul-14,0:59:53,2,10,129,69,0,6,28.67178726,-82.69863129,00:03.4,28.67178535,-82.69862366,,,17.1,0.4,,,,15,12,30737,,,,5,17000,,,,10,2280,,,,2,28116,,,,6,28035,,,,26,30355,,,,,,,,,,,,,,,,,,,,,,,,,,,,,,,,,,,,,,,,,,,,,,,,
128352,14-Jul-14,7:04:01,1,9,134,69,0,5,28.66758156,-82.71266174,04:11.4,28.66757774,-82.71266174,,,1.6,1.4,,,,15,24,21402,,,,22,1516,,,,15,26455,,,,18,16720,,,,14,25877,,,,,,,,,,,,,,,,,,,,,,,,,,,,,,,,,,,,,,,,,,,,,,,,,,,,,
128352,15-Jul-14,7:46:47,1,9,138,71,0,6,28.67782211,-82.69042969,46:57.4,28.67782211,-82.69042969,,,4,1.4,,,,15,24,27604,,,,18,14628,,,,21,15245,,,,14,32601,,,,22,19432,,,,12,3965,,,,,,,,,,,,,,,,,,,,,,,,,,,,,,,,,,,,,,,,,,,,,,,,
128352,16-Jul-14,7:48:00,1,9,142,71,0,5,28.66746712,-82.71286011,48:09.9,28.66746712,-82.71286011,,,1.2,0.9,,,,15,21,26876,,,,18,9230,,,,31,14842,,,,25,11796,,,,24,5698,,,,,,,,,,,,,,,,,,,,,,,,,,,,,,,,,,,,,,,,,,,,,,,,,,,,,
128352,16-Jul-14,15:25:32,1,9,143,76,0,7,28.66749763,-82.71598053,25:41.4,28.66749763,-82.71598053,,,7.2,0.4,,,,15,3,14330,,,,23,31221,,,,19,31062,,,,13,16558,,,,27,15546,,,,7,29738,,,,16,9128,,,,,,,,,,,,,,,,,,,,,,,,,,,,,,,,,,,,,,,,,,,
128352,17-Jul-14,11:43:30,1,10,146,83,0,4,28.66600037,-82.70999146,7/16/14 15:32,28.66723251,-82.71266937,,,0.7,0,,,,15,31,24455,,,,14,10413,,,,16,6582,,,,22,27867,,,,,,,,,,,,,,,,,,,,,,,,,,,,,,,,,,,,,,,,,,,,,,,,,,,,,,,,,,
128352,18-Jul-14,6:37:13,1,10,149,86,0,6,28.66707802,-82.71287537,37:23.0,28.66707802,-82.71287537,,,10.7,0,,,,15,24,5300,,,,21,18306,,,,22,15562,,,,14,11558,,,,27,7362,,,,18,14600,,,,,,,,,,,,,,,,,,,,,,,,,,,,,,,,,,,,,,,,,,,,,,,,
128352,19-Jul-14,13:06:56,1,10,154,87,0,6,28.66201019,-82.73789215,07:06.0,28.66201019,-82.73789215,,,6.8,0,,,,15,27,6168,,,,31,6298,,,,16,22185,,,,23,6028,,,,3,23005,,,,20,21997,,,,,,,,,,,,,,,,,,,,,,,,,,,,,,,,,,,,,,,,,,,,,,,,
128352,20-Jul-14,1:09:48,2,10,156,87,0,5,28.66123772,-82.7359848,09:58.0,28.66123772,-82.7359848,,,1.8,0,,,,15,29,13032,,,,2,29807,,,,5,32522,,,,10,23316,,,,6,18170,,,,,,,,,,,,,,,,,,,,,,,,,,,,,,,,,,,,,,,,,,,,,,,,,,,,,
128352,20-Jul-14,13:39:12,1,10,158,,0,8,28.66174698,-82.74076843,39:22.1,28.66174889,-82.74076843,,,12.7,0.1,,,,15,27,26392,,,,23,13646,,,,31,17790,,,,3,16463,,,,16,22985,,,,13,8707,,,,19,10742,,,,20,9454,,,,,,,,,,,,,,,,,,,,,,,,,,,,,,,,,,,,,,
128352,20-Jul-14,19:39:34,1,10,159,,0,9,28.66547203,-82.74121094,39:44.6,28.66547203,-82.74121094,,,11.3,0.6,,,,15,7,15672,,,,30,410,,,,8,14322,,,,28,706,,,,17,16168,,,,4,1703,,,,1,7210,,,,11,12050,,,,20,16524,,,,,,,,,,,,,,,,,,,,,,,,,,,,,,,,,
128352,21-Jul-14,14:53:16,1,10,162,92,0,8,28.67732239,-82.70279694,53:25.6,28.67732239,-82.70279694,,,10.4,-0.4,,,,15,23,32411,,,,3,16729,,,,19,22950,,,,27,11710,,,,13,21700,,,,16,211,,,,7,13774,,,,11,25358,,,,,,,,,,,,,,,,,,,,,,,,,,,,,,,,,,,,,,
128352,24-Jul-14,19:18:17,1,10,174,,0,9,28.67918777,-82.69108582,18:26.7,28.67918777,-82.69108582,,,12.7,-0.3,,,,15,1,28178,,,,7,11512,,,,17,19736,,,,28,1265,,,,11,7491,,,,8,2374,,,,6,27617,,,,4,14110,,,,20,12888,,,,,,,,,,,,,,,,,,,,,,,,,,,,,,,,,
128352,25-Jul-14,1:19:05,2,10,175,,0,9,28.67287445,-82.69910431,19:14.3,28.67287445,-82.69910431,,,10,-0.7,,,,15,2,28550,,,,12,17697,,,,5,479,,,,10,19022,,,,25,6215,,,,26,23149,,,,6,27380,,,,15,22520,,,,29,15693,,,,,,,,,,,,,,,,,,,,,,,,,,,,,,,,,
128352,25-Jul-14,21:38:26,1,10,178,114,0,5,28.67951012,-82.6931839,38:35.8,28.67951012,-82.6931839,,,6.7,-0.2,,,,15,4,17735,,,,2,7209,,,,10,11794,,,,28,31350,,,,17,18230,,,,,,,,,,,,,,,,,,,,,,,,,,,,,,,,,,,,,,,,,,,,,,,,,,,,,
128352,26-Jul-14,3:41:17,1,10,179,114,0,5,28.66815948,-82.71294403,41:26.2,28.66815948,-82.71294403,,,13.3,-0.8,,,,15,26,23116,,,,15,10981,,,,5,22695,,,,29,4509,,,,21,10120,,,,,,,,,,,,,,,,,,,,,,,,,,,,,,,,,,,,,,,,,,,,,,,,,,,,,
128352,26-Jul-14,21:58:07,1,10,182,115,0,8,28.67943382,-82.69136047,58:16.3,28.67943382,-82.69136047,,,5.4,-0.7,,,,15,17,5280,,,,10,5276,,,,4,11523,,,,28,22115,,,,12,5110,,,,2,22696,,,,6,29350,,,,24,12494,,,,,,,,,,,,,,,,,,,,,,,,,,,,,,,,,,,,,,
128352,28-Jul-14,16:27:09,1,10,188,137,0,7,28.67951202,-82.6901474,27:18.4,28.67951202,-82.6901474,,,12,-0.6,,,,15,13,9963,,,,8,8408,,,,11,22425,,,,30,31540,,,,1,9099,,,,23,27822,,,,7,18648,,,,,,,,,,,,,,,,,,,,,,,,,,,,,,,,,,,,,,,,,,,
128352,29-Jul-14,5:06:46,2,10,190,139,0,7,28.66880417,-82.69841766,06:56.9,28.66880417,-82.69841766,,,4.7,0.9,,,,15,22,30214,,,,18,25342,,,,15,4363,,,,14,13007,,,,21,23832,,,,29,1080,,,,24,11633,,,,,,,,,,,,,,,,,,,,,,,,,,,,,,,,,,,,,,,,,,,
128352,29-Jul-14,17:37:19,1,10,192,,0,9,28.67889214,-82.69113159,37:28.9,28.67889214,-82.69113159,,,9.1,-0.1,,,,15,1,27414,,,,30,25913,,,,11,14677,,,,8,3301,,,,19,29786,,,,17,24929,,,,4,11306,,,,7,12009,,,,3,2072,,,,,,,,,,,,,,,,,,,,,,,,,,,,,,,,,
128352,29-Jul-14,23:40:38,1,10,193,140,0,5,28.67922783,-82.69486237,40:47.5,28.67922783,-82.69486237,,,4,-0.5,,,,15,6,19063,,,,12,12749,,,,5,8935,,,,2,5137,,,,25,6438,,,,,,,,,,,,,,,,,,,,,,,,,,,,,,,,,,,,,,,,,,,,,,,,,,,,,
128352,31-Jul-14,1:52:08,1,10,197,147,0,5,28.66501236,-82.70301819,52:17.5,28.66501236,-82.70301819,,,3.5,-0.5,,,,15,2,5750,,,,29,16559,,,,5,32584,,,,25,26842,,,,26,28382,,,,,,,,,,,,,,,,,,,,,,,,,,,,,,,,,,,,,,,,,,,,,,,,,,,,,
128352,31-Jul-14,15:03:39,2,10,199,151,0,8,28.66934776,-82.7195282,03:49.5,28.66934776,-82.7195282,,,7.8,0.5,,,,15,27,26382,,,,7,12520,,,,3,9272,,,,11,25627,,,,23,26149,,,,19,30208,,,,16,32111,,,,13,6132,,,,,,,,,,,,,,,,,,,,,,,,,,,,,,,,,,,,,,
128352,2-Aug-14,8:21:01,1,11,205,169,0,5,28.66705704,-82.712677,21:12.0,28.66705704,-82.712677,,,1.8,0,,,,15,18,27031,,,,22,30225,,,,25,7753,,,,14,21315,,,,31,8096,,,,,,,,,,,,,,,,,,,,,,,,,,,,,,,,,,,,,,,,,,,,,,,,,,,,,
128352,3-Aug-14,10:10:21,2,10,209,174,0,3,,,,,,,,,,,,,15,16,12479,,,,31,4841,,,,22,11902,,,,,,,,,,,,,,,,,,,,,,,,,,,,,,,,,,,,,,,,,,,,,,,,,,,,,,,,,,,,,,,
128352,3-Aug-14,22:30:28,1,11,211,175,0,5,28.66012192,-82.73937988,30:37.9,28.66012192,-82.73937988,,,0.4,-1.1,,,,15,6,20059,,,,10,12056,,,,2,31700,,,,17,23452,,,,5,23890,,,,,,,,,,,,,,,,,,,,,,,,,,,,,,,,,,,,,,,,,,,,,,,,,,,,,
128352,4-Aug-14,4:34:47,2,11,212,175,0,4,28.66699982,-82.72698975,8/3/14 15:10,28.65620041,-82.73583221,,,0.7,-0.8,,,,15,24,20483,,,,15,18610,,,,18,4760,,,,29,20660,,,,,,,,,,,,,,,,,,,,,,,,,,,,,,,,,,,,,,,,,,,,,,,,,,,,,,,,,,
128352,4-Aug-14,11:03:27,1,11,213,176,0,5,28.6671524,-82.71051025,03:37.7,28.6671524,-82.71051025,,,5.5,-0.3,,,,15,16,24778,,,,20,13718,,,,31,17929,,,,14,27179,,,,23,356,,,,,,,,,,,,,,,,,,,,,,,,,,,,,,,,,,,,,,,,,,,,,,,,,,,,,
128352,4-Aug-14,17:06:51,2,10,214,176,0,6,28.66251183,-82.72840881,07:01.6,28.66251183,-82.72840881,,,8.2,0.6,,,,15,28,27941,,,,17,14341,,,,8,4715,,,,7,23794,,,,30,22360,,,,26,22707,,,,,,,,,,,,,,,,,,,,,,,,,,,,,,,,,,,,,,,,,,,,,,,,
128352,5-Aug-14,0:14:54,1,10,215,180,0,5,28.65882111,-82.72568512,15:05.2,28.65882111,-82.72568512,,,2.2,1.2,,,,15,2,9895,,,,5,17112,,,,29,8911,,,,10,29384,,,,26,8589,,,,,,,,,,,,,,,,,,,,,,,,,,,,,,,,,,,,,,,,,,,,,,,,,,,,,
128352,6-Aug-14,0:52:24,1,11,219,182,0,6,28.65799522,-82.72587585,52:34.7,28.65799522,-82.72587585,,,6,-0.3,,,,15,12,28530,,,,29,22520,,,,2,30622,,,,25,27146,,,,15,11802,,,,10,7950,,,,,,,,,,,,,,,,,,,,,,,,,,,,,,,,,,,,,,,,,,,,,,,,
128352,6-Aug-14,7:23:13,3,10,220,183,0,5,28.66749763,-82.71259308,23:23.2,28.66749763,-82.71259308,,,3.7,0.3,,,,15,22,15741,,,,31,13959,,,,12,23417,,,,14,15840,,,,18,18944,,,,,,,,,,,,,,,,,,,,,,,,,,,,,,,,,,,,,,,,,,,,,,,,,,,,,
128352,7-Aug-14,2:33:34,1,10,223,187,0,7,28.66837502,-82.70724487,33:45.2,28.66837502,-82.70724487,,,10.2,1.2,,,,15,21,4635,,,,26,22094,,,,29,19146,,,,2,8114,,,,18,15454,,,,5,2572,,,,15,26582,,,,,,,,,,,,,,,,,,,,,,,,,,,,,,,,,,,,,,,,,,,
128352,7-Aug-14,9:09:53,1,10,224,189,0,4,28.66900063,-82.72198486,8/6/14 14:59,28.66403198,-82.7073288,,,0.3,0.8,,,,15,14,4708,,,,22,8384,,,,31,10198,,,,25,29935,,,,,,,,,,,,,,,,,,,,,,,,,,,,,,,,,,,,,,,,,,,,,,,,,,,,,,,,,,
128352,8-Aug-14,10:18:07,1,11,228,192,0,4,28.66399956,-82.70498657,8/7/14 11:53,28.65762711,-82.73769379,,,0.8,-1.6,,,,15,14,16486,,,,20,7641,,,,16,9602,,,,31,26776,,,,,,,,,,,,,,,,,,,,,,,,,,,,,,,,,,,,,,,,,,,,,,,,,,,,,,,,,,
128352,10-Aug-14,0:28:38,1,11,234,199,0,5,28.66492271,-82.73445129,28:47.9,28.66492271,-82.73445129,,,0.9,-1.1,,,,15,5,6834,,,,29,856,,,,25,12625,,,,2,8992,,,,6,9373,,,,,,,,,,,,,,,,,,,,,,,,,,,,,,,,,,,,,,,,,,,,,,,,,,,,,
128352,11-Aug-14,22:10:02,1,11,241,210,0,6,28.66397095,-82.73625946,10:11.8,28.66400337,-82.73619843,,,12.6,-1.2,,,,15,12,12461,,,,5,25206,,,,6,16091,,,,2,24190,,,,10,32322,,,,17,16786,,,,,,,,,,,,,,,,,,,,,,,,,,,,,,,,,,,,,,,,,,,,,,,,
128352,12-Aug-14,13:40:05,1,11,243,220,0,6,28.67785072,-82.72407532,40:15.4,28.67785072,-82.72407532,,1,6.5,-0.6,,,,15,3,16339,,,,27,9389,,,,23,23642,,,,19,7896,,,,13,24366,,,,7,16902,,,,,,,,,,,,,,,,,,,,,,,,,,,,,,,,,,,,,,,,,,,,,,,,
128352,13-Aug-14,17:10:39,1,10,247,229,0,6,28.66114044,-82.73668671,10:49.0,28.66114044,-82.73668671,,,7,0,,,,15,1,18509,,,,11,20321,,,,4,7995,,,,28,7618,,,,7,4364,,,,8,13094,,,,,,,,,,,,,,,,,,,,,,,,,,,,,,,,,,,,,,,,,,,,,,,,
128352,13-Aug-14,23:11:52,1,10,248,229,0,4,28.66500092,-82.7130127,8/14/14 3:00,28.66793633,-82.73226929,,,0.7,0.5,,,,15,12,27142,,,,6,20971,,,,5,3636,,,,2,11275,,,,,,,,,,,,,,,,,,,,,,,,,,,,,,,,,,,,,,,,,,,,,,,,,,,,,,,,,,
128352,14-Aug-14,14:11:57,1,10,250,237,0,4,28.66500092,-82.7130127,8/14/14 3:00,,,,,,,,,,15,23,7590,,,,11,10753,,,,7,28770,,,,13,28292,,,,,,,,,,,,,,,,,,,,,,,,,,,,,,,,,,,,,,,,,,,,,,,,,,,,,,,,,,
128352,15-Aug-14,3:03:17,2,10,252,240,0,4,28.66200066,-82.71200562,8/14/14 9:51,,,,,,,,,,15,9,25777,,,,15,29819,,,,26,29466,,,,18,24518,,,,,,,,,,,,,,,,,,,,,,,,,,,,,,,,,,,,,,,,,,,,,,,,,,,,,,,,,,
128352,16-Aug-14,11:40:44,2,12,256,267,0,6,28.67707253,-82.68753815,40:54.1,28.67707253,-82.68753815,,,10.2,-1.9,,,,15,23,11021,,,,27,28567,,,,20,22304,,,,13,14996,,,,16,26732,,,,31,22827,,,,,,,,,,,,,,,,,,,,,,,,,,,,,,,,,,,,,,,,,,,,,,,,
128352,17-Aug-14,8:34:10,1,12,259,277,0,3,,,,,,,,,,,,,15,31,2082,,,,22,20300,,,,14,28440,,,,,,,,,,,,,,,,,,,,,,,,,,,,,,,,,,,,,,,,,,,,,,,,,,,,,,,,,,,,,,,
128352,17-Aug-14,14:34:03,1,12,260,277,0,6,28.669981,-82.71478271,34:14.6,28.669981,-82.71478271,,,17.2,-0.4,,,,15,23,29504,,,,11,24402,,,,8,28869,,,,13,6372,,,,30,14066,,,,28,23480,,,,,,,,,,,,,,,,,,,,,,,,,,,,,,,,,,,,,,,,,,,,,,,,
128352,18-Aug-14,2:59:44,1,11,262,278,0,5,28.67099953,-82.71600342,8/17/14 14:29,28.66784859,-82.71385193,,1,0.4,0,,,,15,21,24852,,,,22,16919,,,,26,18663,,,,9,19594,,,,29,15319,,,,,,,,,,,,,,,,,,,,,,,,,,,,,,,,,,,,,,,,,,,,,,,,,,,,,
128352,19-Aug-14,7:10:31,1,11,266,292,0,4,28.66799927,-82.71398926,8/18/14 7:18,,,,,,,,,,15,18,20885,,,,14,10013,,,,25,26455,,,,9,31030,,,,,,,,,,,,,,,,,,,,,,,,,,,,,,,,,,,,,,,,,,,,,,,,,,,,,,,,,,
128352,19-Aug-14,16:24:27,1,11,267,302,0,5,28.68001938,-82.69881439,24:38.1,28.68001938,-82.69881439,,,5.5,0.1,,,,15,30,20732,,,,4,29634,,,,17,11741,,,,7,3604,,,,1,24953,,,,,,,,,,,,,,,,,,,,,,,,,,,,,,,,,,,,,,,,,,,,,,,,,,,,,
128352,20-Aug-14,19:18:14,1,10,269,352,0,5,28.67886925,-82.68986511,18:25.8,28.67886925,-82.68986511,,,5.8,1.8,,,,15,4,6971,,,,17,30812,,,,6,12024,,,,20,6333,,,,10,4617,,,,,,,,,,,,,,,,,,,,,,,,,,,,,,,,,,,,,,,,,,,,,,,,,,,,,
128352,21-Aug-14,5:03:44,1,10,270,365,0,4,28.67900085,-82.69100952,8/20/14 18:14,,,,,,,,,,15,22,23459,,,,9,3890,,,,24,1800,,,,14,19476,,,,,,,,,,,,,,,,,,,,,,,,,,,,,,,,,,,,,,,,,,,,,,,,,,,,,,,,,,
128352,21-Aug-14,19:17:03,1,10,272,371,0,4,28.66699982,-82.71398926,8/21/14 2:20,28.68094826,-82.68865967,,,0.3,0.3,,,,15,20,7492,,,,4,30283,,,,6,21732,,,,17,3282,,,,,,,,,,,,,,,,,,,,,,,,,,,,,,,,,,,,,,,,,,,,,,,,,,,,,,,,,,
128352,22-Aug-14,5:04:48,1,10,273,383,0,4,28.67399979,-82.69799805,8/22/14 14:26,,,,,,,,,,15,9,31036,,,,18,2486,,,,21,24255,,,,14,12282,,,,,,,,,,,,,,,,,,,,,,,,,,,,,,,,,,,,,,,,,,,,,,,,,,,,,,,,,,
128352,22-Aug-14,12:27:00,1,10,274,388,0,4,28.67399979,-82.69799805,8/22/14 14:26,28.66789436,-82.71215057,,,1.6,0.9,,,,15,13,27831,,,,19,10747,,,,27,12220,,,,16,10043,,,,,,,,,,,,,,,,,,,,,,,,,,,,,,,,,,,,,,,,,,,,,,,,,,,,,,,,,,
128352,23-Aug-14,12:07:49,3,12,277,406,0,4,28.67399979,-82.69799805,8/22/14 14:26,28.66221237,-82.73793793,,,0.9,-1.1,,,,15,19,22572,,,,16,19764,,,,13,21634,,,,23,30083,,,,,,,,,,,,,,,,,,,,,,,,,,,,,,,,,,,,,,,,,,,,,,,,,,,,,,,,,,
128352,26-Aug-14,22:12:04,1,10,284,511,0,4,28.66900063,-82.72698975,8/26/14 16:24,28.66733932,-82.73413849,,,1.2,1,,,,15,2,30492,,,,12,23051,,,,10,17298,,,,5,16053,,,,,,,,,,,,,,,,,,,,,,,,,,,,,,,,,,,,,,,,,,,,,,,,,,,,,,,,,,
128352,28-Aug-14,8:21:45,1,12,289,523,0,3,,,,,,,,,,,,,15,22,520,,,,9,3344,,,,14,29582,,,,,,,,,,,,,,,,,,,,,,,,,,,,,,,,,,,,,,,,,,,,,,,,,,,,,,,,,,,,,,,
128352,29-Aug-14,19:28:16,2,10,294,538,0,4,28.67000008,-82.72799683,8/29/14 19:57,28.6683979,-82.73031616,,,0.2,1.5,,,,15,17,23882,,,,28,8828,,,,2,19875,,,,10,19801,,,,,,,,,,,,,,,,,,,,,,,,,,,,,,,,,,,,,,,,,,,,,,,,,,,,,,,,,,
128352,30-Aug-14,8:42:19,1,10,296,542,0,3,,,,,,,,,,,,,15,31,8762,,,,16,27456,,,,14,3888,,,,,,,,,,,,,,,,,,,,,,,,,,,,,,,,,,,,,,,,,,,,,,,,,,,,,,,,,,,,,,,
128352,30-Aug-14,14:59:14,1,12,297,543,0,4,28.67000008,-82.72799683,8/29/14 19:57,28.66676712,-82.72415161,,,0.1,-1.3,,,,15,28,13087,,,,8,24970,,,,11,25009,,,,4,29290,,,,,,,,,,,,,,,,,,,,,,,,,,,,,,,,,,,,,,,,,,,,,,,,,,,,,,,,,,
128352,31-Aug-14,11:58:31,1,12,298,596,0,4,28.66699982,-82.72601318,8/30/14 15:01,,,,,,,,,,15,23,13622,,,,19,15580,,,,9,23277,,,,16,28358,,,,,,,,,,,,,,,,,,,,,,,,,,,,,,,,,,,,,,,,,,,,,,,,,,,,,,,,,,
128352,1-Sep-14,2:40:05,3,10,300,606,0,4,28.66900063,-82.73599243,8/31/14 14:41,28.65995789,-82.72171783,,,1.3,1.1,,,,15,18,12464,,,,24,29972,,,,22,5392,,,,29,30084,,,,,,,,,,,,,,,,,,,,,,,,,,,,,,,,,,,,,,,,,,,,,,,,,,,,,,,,,,
128352,1-Sep-14,16:10:13,1,10,301,631,0,5,28.66259193,-82.73305511,10:25.2,28.66259193,-82.73305511,,,18.4,2.2,,,,15,30,23029,,,,7,1902,,,,17,3199,,,,4,26080,,,,1,30286,,,,,,,,,,,,,,,,,,,,,,,,,,,,,,,,,,,,,,,,,,,,,,,,,,,,,
128352,2-Sep-14,13:35:29,1,10,302,680,0,4,28.67099953,-82.7130127,9/1/14 14:20,28.6674614,-82.71219635,,,0.7,1.6,,,,15,30,10528,,,,8,19646,,,,11,18135,,,,13,26513,,,,,,,,,,,,,,,,,,,,,,,,,,,,,,,,,,,,,,,,,,,,,,,,,,,,,,,,,,
128352,3-Sep-14,11:04:48,2,10,304,709,0,4,28.66600037,-82.71899414,9/2/14 15:40,28.66706467,-82.71340179,,,0.1,1.6,,,,15,13,8022,,,,23,20854,,,,27,20673,,,,19,31327,,,,,,,,,,,,,,,,,,,,,,,,,,,,,,,,,,,,,,,,,,,,,,,,,,,,,,,,,,
128352,4-Sep-14,11:25:31,1,10,306,748,0,4,28.67000008,-82.72198486,9/3/14 16:09,,,,,,,,,,15,9,16976,,,,13,9861,,,,16,7336,,,,23,7450,,,,,,,,,,,,,,,,,,,,,,,,,,,,,,,,,,,,,,,,,,,,,,,,,,,,,,,,,,
128352,4-Sep-14,20:19:15,1,12,307,759,0,4,28.6609993,-82.71600342,9/4/14 1:03,28.66463089,-82.72683716,,,0.1,-0.2,,,,15,5,22949,,,,12,6946,,,,17,17556,,,,2,29721,,,,,,,,,,,,,,,,,,,,,,,,,,,,,,,,,,,,,,,,,,,,,,,,,,,,,,,,,,
128352,5-Sep-14,10:16:13,1,12,308,782,0,3,,,,,,,,,,,,,15,31,14588,,,,23,21358,,,,13,17044,,,,,,,,,,,,,,,,,,,,,,,,,,,,,,,,,,,,,,,,,,,,,,,,,,,,,,,,,,,,,,,
128352,6-Sep-14,13:29:18,1,12,310,829,0,5,28.66600037,-82.73699951,9/5/14 20:52,28.66733551,-82.71272278,,1,0.6,0.4,,,,15,11,79,,,,19,21771,,,,23,16559,,,,13,11578,,,,9,15946,,,,,,,,,,,,,,,,,,,,,,,,,,,,,,,,,,,,,,,,,,,,,,,,,,,,,
128352,7-Sep-14,10:28:22,2,12,311,878,0,5,28.6760006,-82.71200562,9/6/14 15:08,,,,,,,,,,15,3,9249,,,,23,27832,,,,20,19502,,,,13,14919,,,,9,6470,,,,,,,,,,,,,,,,,,,,,,,,,,,,,,,,,,,,,,,,,,,,,,,,,,,,,
128352,10-Sep-14,14:49:34,1,12,312,1038,0,5,28.66906166,-82.72049713,49:46.0,28.66906166,-82.72049713,,,12,0,,,,15,4,6048,,,,8,6202,,,,28,22184,,,,1,10495,,,,7,968,,,,,,,,,,,,,,,,,,,,,,,,,,,,,,,,,,,,,,,,,,,,,,,,,,,,,
128352,12-Sep-14,10:34:13,2,10,313,1123,0,4,28.66600037,-82.70999146,9/11/14 22:33,28.67223167,-82.69424438,,,0.9,2.1,,,,15,19,30433,,,,23,1850,,,,7,14652,,,,16,4437,,,,,,,,,,,,,,,,,,,,,,,,,,,,,,,,,,,,,,,,,,,,,,,,,,,,,,,,,,
128352,15-Sep-14,14:47:37,4,10,314,1284,0,4,28.6609993,-82.72000122,9/15/14 22:25,28.66708946,-82.71640015,,,1.1,1.1,,,,15,4,27981,,,,1,8653,,,,28,12465,,,,8,18692,,,,,,,,,,,,,,,,,,,,,,,,,,,,,,,,,,,,,,,,,,,,,,,,,,,,,,,,,,
128352,16-Sep-14,11:35:18,1,12,315,1324,0,4,28.6609993,-82.72000122,9/15/14 22:25,28.66922379,-82.7149353,,,0.8,0.3,,,,15,23,30033,,,,8,10836,,,,13,864,,,,27,20518,,,,,,,,,,,,,,,,,,,,,,,,,,,,,,,,,,,,,,,,,,,,,,,,,,,,,,,,,,
128352,17-Sep-14,10:53:11,2,13,316,1371,0,6,28.66760635,-82.71283722,53:23.7,28.66760635,-82.71283722,,1,11.1,-0.3,,,,15,9,24102,,,,16,1675,,,,23,30908,,,,13,11142,,,,7,14910,,,,19,15129,,,,,,,,,,,,,,,,,,,,,,,,,,,,,,,,,,,,,,,,,,,,,,,,
128352,19-Sep-14,20:04:11,1,11,321,1455,0,4,28.68000031,-82.71398926,9/20/14 16:05,28.66146469,-82.73435211,,,0.2,0.8,,,,15,12,4400,,,,6,29293,,,,5,19288,,,,2,20875,,,,,,,,,,,,,,,,,,,,,,,,,,,,,,,,,,,,,,,,,,,,,,,,,,,,,,,,,,
128352,21-Sep-14,9:33:03,1,13,325,1496,0,4,28.68000031,-82.71398926,9/20/14 16:05,,,,,,,,,,15,23,30158,,,,3,3697,,,,13,29846,,,,9,27134,,,,,,,,,,,,,,,,,,,,,,,,,,,,,,,,,,,,,,,,,,,,,,,,,,,,,,,,,,
128352,24-Sep-14,0:09:07,1,11,332,1555,0,4,28.66900063,-82.71798706,9/23/14 9:36,28.66030502,-82.72833252,,,0.4,0.4,,,,15,26,32309,,,,15,11206,,,,21,29115,,,,18,28823,,,,,,,,,,,,,,,,,,,,,,,,,,,,,,,,,,,,,,,,,,,,,,,,,,,,,,,,,,
128352,24-Sep-14,10:59:33,1,11,333,1570,0,6,28.65999985,-82.7294693,59:45.9,28.65999985,-82.7294693,,,8.5,2,,,,15,23,6856,,,,8,5551,,,,19,8647,,,,27,28792,,,,13,21354,,,,9,19992,,,,,,,,,,,,,,,,,,,,,,,,,,,,,,,,,,,,,,,,,,,,,,,,
128352,27-Sep-14,6:53:56,6,11,335,1710,0,3,,,,,,,,,,,,,15,16,26863,,,,3,19260,,,,31,915,,,,,,,,,,,,,,,,,,,,,,,,,,,,,,,,,,,,,,,,,,,,,,,,,,,,,,,,,,,,,,,
128352,1-Oct-14,5:00:29,3,11,336,1906,0,3,,,,,,,,,,,,,15,31,31692,,,,14,6750,,,,3,27574,,,,,,,,,,,,,,,,,,,,,,,,,,,,,,,,,,,,,,,,,,,,,,,,,,,,,,,,,,,,,,,
128352,2-Oct-14,13:40:07,1,13,337,1979,0,4,28.66200066,-82.74301147,10/2/14 18:39,28.65309715,-82.72132111,,,0.2,-3.7,,,,15,17,9977,,,,4,26308,,,,11,10390,,,,1,24154,,,,,,,,,,,,,,,,,,,,,,,,,,,,,,,,,,,,,,,,,,,,,,,,,,,,,,,,,,
128352,11-Oct-14,8:41:54,1,13,338,2146,0,4,28.6590004,-82.72799683,10/10/14 15:51,,,,,,,,,,15,27,16749,,,,16,22970,,,,3,26828,,,,19,26432,,,,,,,,,,,,,,,,,,,,,,,,,,,,,,,,,,,,,,,,,,,,,,,,,,,,,,,,,,
128355,18-Jun-14,14:55:00,6,4,36,97,0,3,,,,,,,,,,,,,15,20,7299,,,,16,6529,,,,23,12944,,,,,,,,,,,,,,,,,,,,,,,,,,,,,,,,,,,,,,,,,,,,,,,,,,,,,,,,,,,,,,,
128355,19-Jun-14,3:11:15,1,4,38,,0,9,28.64473343,-82.70210266,11:18.8,28.64473343,-82.70210266,,,7,-0.2,,,,15,5,12755,,,,6,28681,,,,10,23553,,,,4,17623,,,,12,13779,,,,2,16338,,,,25,12139,,,,26,5780,,,,17,2305,,,,,,,,,,,,,,,,,,,,,,,,,,,,,,,,,
128355,19-Jun-14,11:35:48,1,4,39,,0,8,,,,28.66096497,-82.70214081,,,5.9,-0.2,,,,15,31,22900,,,,22,10485,,,,18,4876,,,,14,14584,,,,25,17768,,,,11,30872,,,,1,8797,,,,12,18100,,,,,,,,,,,,,,,,,,,,,,,,,,,,,,,,,,,,,,
128355,19-Jun-14,17:58:30,1,5,40,,0,9,28.66652107,-82.74829102,58:33.3,28.66652107,-82.74829102,,,14.6,-1.7,,,,15,3,10484,,,,23,20150,,,,7,27208,,,,19,10475,,,,11,18940,,,,8,11003,,,,13,15808,,,,27,28807,,,,16,9746,,,,,,,,,,,,,,,,,,,,,,,,,,,,,,,,,
128355,21-Jun-14,14:10:05,1,5,47,115,0,6,28.67333221,-82.70716095,10:09.8,28.67333221,-82.70716095,,,7.5,-0.2,,,,15,31,1840,,,,20,16675,,,,16,24789,,,,14,26404,,,,29,12266,,,,27,13685,,,,,,,,,,,,,,,,,,,,,,,,,,,,,,,,,,,,,,,,,,,,,,,,
128355,21-Jun-14,20:11:53,1,5,48,115,0,4,28.67900085,-82.71398926,6/21/14 15:49,28.67107773,-82.7073288,,,0.1,-1.1,,,,15,28,17156,,,,30,9399,,,,8,10808,,,,11,30129,,,,,,,,,,,,,,,,,,,,,,,,,,,,,,,,,,,,,,,,,,,,,,,,,,,,,,,,,,
128355,22-Jun-14,2:12:21,2,5,49,115,0,7,28.6681118,-82.7073288,12:24.8,28.6681118,-82.7073288,,,8.5,-1.2,,,,15,10,15046,,,,17,23531,,,,4,18302,,,,6,17536,,,,5,4590,,,,2,14615,,,,13,8006,,,,,,,,,,,,,,,,,,,,,,,,,,,,,,,,,,,,,,,,,,,
128355,22-Jun-14,8:15:01,1,5,50,115,0,6,28.66493034,-82.70905304,15:04.8,28.66493034,-82.70905304,,,4.4,-1.2,,,,15,22,10142,,,,15,14336,,,,18,18922,,,,24,18899,,,,21,1301,,,,14,5217,,,,,,,,,,,,,,,,,,,,,,,,,,,,,,,,,,,,,,,,,,,,,,,,
128355,23-Jun-14,0:02:28,1,4,52,128,0,7,28.65650558,-82.7028656,02:31.9,28.65650558,-82.7028656,,,8.3,-0.1,,,,15,2,11818,,,,4,25348,,,,17,6986,,,,28,26973,,,,6,20324,,,,10,4500,,,,24,14080,,,,,,,,,,,,,,,,,,,,,,,,,,,,,,,,,,,,,,,,,,,
128355,23-Jun-14,13:55:16,1,5,54,134,0,5,28.65935135,-82.69992828,55:19.3,28.65935135,-82.69992828,,,16.9,-1.7,,,,15,14,12516,,,,31,14532,,,,20,9194,,,,23,5061,,,,29,15240,,,,,,,,,,,,,,,,,,,,,,,,,,,,,,,,,,,,,,,,,,,,,,,,,,,,,
128355,24-Jun-14,19:38:12,1,5,58,,0,9,28.65067863,-82.70661163,38:16.9,28.65067863,-82.70661163,,1,5.2,-0.1,,,,15,9,16265,,,,30,22223,,,,7,31940,,,,8,26885,,,,28,25282,,,,19,25297,,,,3,29464,,,,11,25828,,,,1,17024,,,,,,,,,,,,,,,,,,,,,,,,,,,,,,,,,
128355,25-Jun-14,1:38:11,1,5,59,153,0,8,28.63854218,-82.7166214,38:14.9,28.63854218,-82.7166214,,,9.3,-1.1,,,,15,4,21324,,,,10,8516,,,,17,12652,,,,6,21218,,,,12,31642,,,,2,7339,,,,5,5247,,,,13,32656,,,,,,,,,,,,,,,,,,,,,,,,,,,,,,,,,,,,,,
128355,26-Jun-14,2:32:42,1,4,63,156,0,7,28.67631531,-82.73197174,32:45.4,28.67631531,-82.73197174,,,13.4,-0.6,,,,15,5,17677,,,,6,24137,,,,12,9508,,,,10,4056,,,,2,29532,,,,4,3325,,,,26,4147,,,,,,,,,,,,,,,,,,,,,,,,,,,,,,,,,,,,,,,,,,,
128355,27-Jun-14,23:37:15,1,4,69,187,0,7,28.67226982,-82.72634888,37:18.4,28.67226982,-82.72634888,,,8.8,-0.6,,,,15,4,22689,,,,6,18900,,,,17,7398,,,,20,13578,,,,28,7294,,,,2,1475,,,,12,29460,,,,,,,,,,,,,,,,,,,,,,,,,,,,,,,,,,,,,,,,,,,
128355,28-Jun-14,5:54:34,1,4,70,188,0,4,28.67900085,-82.72698975,6/27/14 11:06,28.68011284,-82.72376251,,,2,0.7,,,,15,15,3000,,,,18,29275,,,,26,32218,,,,24,3687,,,,,,,,,,,,,,,,,,,,,,,,,,,,,,,,,,,,,,,,,,,,,,,,,,,,,,,,,,
128355,29-Jun-14,19:57:05,1,4,75,216,0,8,28.6739502,-82.72318268,57:09.9,28.6739502,-82.72318268,,1,11.5,0.9,,,,15,1,15607,,,,17,2212,,,,7,21227,,,,11,24381,,,,30,12633,,,,8,12058,,,,9,31778,,,,19,4824,,,,,,,,,,,,,,,,,,,,,,,,,,,,,,,,,,,,,,
128355,30-Jun-14,23:07:40,1,4,79,227,0,7,28.67201042,-82.72816467,07:45.0,28.67201042,-82.72816467,,,3.3,1,,,,15,17,25415,,,,4,12294,,,,10,19964,,,,6,22336,,,,28,31982,,,,24,22123,,,,2,5024,,,,,,,,,,,,,,,,,,,,,,,,,,,,,,,,,,,,,,,,,,,
128355,1-Jul-14,12:15:26,1,4,81,231,0,5,28.67202568,-82.72748566,15:31.0,28.67202568,-82.72748566,,,7.7,1,,,,15,31,22765,,,,22,16090,,,,14,9420,,,,16,25722,,,,25,12806,,,,,,,,,,,,,,,,,,,,,,,,,,,,,,,,,,,,,,,,,,,,,,,,,,,,,
128355,3-Jul-14,9:57:19,2,4,88,243,0,7,28.68164063,-82.71785736,57:24.0,28.68164063,-82.71785736,,,9.2,1,,,,15,22,3422,,,,14,28427,,,,31,32346,,,,12,7410,,,,25,6535,,,,18,31060,,,,11,23508,,,,,,,,,,,,,,,,,,,,,,,,,,,,,,,,,,,,,,,,,,,
128355,4-Jul-14,7:31:22,1,4,91,255,0,7,28.65973091,-82.72449493,31:26.0,28.65973091,-82.72449493,,,4.9,0,,,,15,18,8801,,,,21,16954,,,,22,6690,,,,14,2353,,,,15,13528,,,,24,2697,,,,27,4906,,,,,,,,,,,,,,,,,,,,,,,,,,,,,,,,,,,,,,,,,,,
128355,5-Jul-14,16:44:56,1,5,95,287,0,7,28.66695976,-82.74209595,44:59.6,28.66695976,-82.74209595,,,7,-1.4,,,,15,23,18909,,,,13,24737,,,,19,10896,,,,27,20420,,,,3,23103,,,,11,21416,,,,7,6796,,,,,,,,,,,,,,,,,,,,,,,,,,,,,,,,,,,,,,,,,,,
128355,6-Jul-14,12:24:29,1,4,98,293,0,5,28.68328476,-82.69837952,24:33.0,28.68328476,-82.69837952,,,9.8,0,,,,15,20,11936,,,,31,1560,,,,16,20906,,,,22,12071,,,,14,18700,,,,,,,,,,,,,,,,,,,,,,,,,,,,,,,,,,,,,,,,,,,,,,,,,,,,,
128355,7-Jul-14,7:26:06,4,5,101,296,0,5,28.68489075,-82.71672821,26:11.0,28.68489075,-82.71672821,,,6.6,0,,,,15,24,31751,,,,22,23755,,,,14,17752,,,,21,13458,,,,27,3698,,,,,,,,,,,,,,,,,,,,,,,,,,,,,,,,,,,,,,,,,,,,,,,,,,,,,
128355,8-Jul-14,3:47:25,1,5,104,304,0,4,28.68700027,-82.71200562,7/8/14 10:42,28.68378067,-82.71616364,,,0.6,-1.3,,,,15,26,21862,,,,5,2393,,,,15,12961,,,,21,7647,,,,,,,,,,,,,,,,,,,,,,,,,,,,,,,,,,,,,,,,,,,,,,,,,,,,,,,,,,
128355,9-Jul-14,13:34:02,1,4,109,316,0,3,,,,,,,,,,,,,15,16,19213,,,,31,10282,,,,20,8260,,,,,,,,,,,,,,,,,,,,,,,,,,,,,,,,,,,,,,,,,,,,,,,,,,,,,,,,,,,,,,,
128355,10-Jul-14,9:27:15,1,4,112,322,0,5,28.68939781,-82.72754669,27:19.1,28.68939781,-82.72754669,,,5.3,0.1,,,,15,18,21459,,,,31,16874,,,,22,22458,,,,25,22852,,,,14,15082,,,,,,,,,,,,,,,,,,,,,,,,,,,,,,,,,,,,,,,,,,,,,,,,,,,,,
128355,11-Jul-14,5:04:48,1,4,114,347,0,5,28.68730736,-82.72933197,04:52.7,28.68730736,-82.72933197,,,0.4,0.7,,,,15,29,28546,,,,18,5800,,,,15,4709,,,,24,18876,,,,21,24158,,,,,,,,,,,,,,,,,,,,,,,,,,,,,,,,,,,,,,,,,,,,,,,,,,,,,
128355,11-Jul-14,19:40:11,2,4,116,355,0,5,28.67900085,-82.72799683,7/11/14 3:06,28.67247009,-82.71922302,,1,2.3,1.2,,,,15,9,30940,,,,8,12082,,,,28,31122,,,,30,30820,,,,4,15541,,,,,,,,,,,,,,,,,,,,,,,,,,,,,,,,,,,,,,,,,,,,,,,,,,,,,
128355,12-Jul-14,16:23:06,1,5,119,364,0,8,28.67190361,-82.7146759,23:11.1,28.67190361,-82.7146759,,,12.3,0.1,,,,15,19,4250,,,,23,23829,,,,3,10851,,,,11,6962,,,,13,10998,,,,7,20879,,,,16,3751,,,,27,27650,,,,,,,,,,,,,,,,,,,,,,,,,,,,,,,,,,,,,,
128355,14-Jul-14,12:05:52,1,5,125,391,0,5,28.66830444,-82.72146606,05:57.2,28.66830444,-82.72146606,,,2.6,0.2,,,,15,16,4838,,,,31,31241,,,,20,4453,,,,14,14022,,,,23,12802,,,,,,,,,,,,,,,,,,,,,,,,,,,,,,,,,,,,,,,,,,,,,,,,,,,,,
128355,14-Jul-14,18:10:14,1,5,126,391,0,8,28.67315483,-82.7170639,10:19.2,28.67315483,-82.7170639,,1,9.7,0.2,,,,15,9,25481,,,,30,32491,,,,28,5536,,,,8,17657,,,,7,24608,,,,19,5042,,,,13,26578,,,,17,24550,,,,,,,,,,,,,,,,,,,,,,,,,,,,,,,,,,,,,,
128355,15-Jul-14,8:31:22,1,5,128,399,0,6,28.68687248,-82.7190094,31:27.2,28.68687248,-82.7190094,,,7,0.2,,,,15,22,24830,,,,18,15784,,,,12,10638,,,,14,13856,,,,25,32542,,,,21,10569,,,,,,,,,,,,,,,,,,,,,,,,,,,,,,,,,,,,,,,,,,,,,,,,
128355,16-Jul-14,12:23:51,1,5,132,411,0,3,,,,,,,,,,,,,15,20,16511,,,,29,23816,,,,14,14544,,,,,,,,,,,,,,,,,,,,,,,,,,,,,,,,,,,,,,,,,,,,,,,,,,,,,,,,,,,,,,,
128355,19-Jul-14,1:01:34,1,5,141,431,0,7,28.67988396,-82.72199249,01:39.2,28.67988396,-82.72199249,,,5.1,0.2,,,,15,5,10696,,,,12,27090,,,,10,17196,,,,25,13416,,,,6,29298,,,,2,17233,,,,26,4208,,,,,,,,,,,,,,,,,,,,,,,,,,,,,,,,,,,,,,,,,,,
128355,20-Jul-14,6:19:45,1,5,145,448,0,6,28.69072533,-82.72010803,19:50.3,28.69072533,-82.72010803,,,18.4,0.3,,,,15,22,8203,,,,27,23750,,,,24,24426,,,,21,3784,,,,18,21079,,,,14,5450,,,,,,,,,,,,,,,,,,,,,,,,,,,,,,,,,,,,,,,,,,,,,,,,
128355,21-Jul-14,14:28:29,1,5,149,476,0,8,28.67329597,-82.72425079,28:33.8,28.67329597,-82.72425079,,,9.4,-0.2,,,,15,27,19742,,,,23,18256,,,,16,21473,,,,19,22446,,,,3,4253,,,,13,13563,,,,20,5413,,,,31,8109,,,,,,,,,,,,,,,,,,,,,,,,,,,,,,,,,,,,,,
128355,21-Jul-14,21:52:39,1,5,150,481,0,8,28.6702652,-82.73557281,52:43.8,28.6702652,-82.73557281,,,12.3,-0.2,,,,15,6,19991,,,,2,23827,,,,4,30616,,,,28,26494,,,,24,11697,,,,17,8498,,,,10,23401,,,,12,11126,,,,,,,,,,,,,,,,,,,,,,,,,,,,,,,,,,,,,,
128355,22-Jul-14,18:35:13,1,5,153,490,0,5,28.67280197,-82.72678375,35:16.9,28.67271805,-82.72674561,,,0.8,-1.1,,,,15,30,25287,,,,8,15678,,,,17,10937,,,,7,425,,,,1,29952,,,,,,,,,,,,,,,,,,,,,,,,,,,,,,,,,,,,,,,,,,,,,,,,,,,,,
128355,25-Jul-14,2:47:35,4,5,161,516,0,5,28.67726707,-82.72694397,47:39.4,28.67726707,-82.72694397,,,3.4,-0.6,,,,15,5,28724,,,,26,19639,,,,15,29272,,,,29,19733,,,,21,23418,,,,,,,,,,,,,,,,,,,,,,,,,,,,,,,,,,,,,,,,,,,,,,,,,,,,,
128355,25-Jul-14,22:43:36,1,5,164,522,0,4,28.65800095,-82.67401123,7/26/14 15:25,28.67289925,-82.72047424,,,0.4,0.4,,,,15,2,3329,,,,10,8150,,,,4,8534,,,,24,10069,,,,,,,,,,,,,,,,,,,,,,,,,,,,,,,,,,,,,,,,,,,,,,,,,,,,,,,,,,
128355,27-Jul-14,15:56:19,1,5,169,561,0,8,28.67254066,-82.72242737,56:23.4,28.67254066,-82.72242737,,,9.2,-0.6,,,,15,19,32026,,,,8,623,,,,7,17436,,,,3,16228,,,,23,23511,,,,13,3630,,,,27,6629,,,,30,18024,,,,,,,,,,,,,,,,,,,,,,,,,,,,,,,,,,,,,,
128355,28-Jul-14,21:00:29,1,5,173,577,0,7,28.67236137,-82.72068024,00:33.9,28.67236137,-82.72068024,,,9.7,-0.1,,,,15,6,27022,,,,2,19407,,,,4,11018,,,,20,27220,,,,17,6068,,,,24,19326,,,,28,5292,,,,,,,,,,,,,,,,,,,,,,,,,,,,,,,,,,,,,,,,,,,
128355,30-Jul-14,7:45:32,1,5,178,592,0,4,28.67900085,-82.71798706,7/30/14 3:14,28.67867279,-82.71517944,,,0.3,0.2,,,,15,22,19864,,,,12,31861,,,,21,24080,,,,18,5868,,,,,,,,,,,,,,,,,,,,,,,,,,,,,,,,,,,,,,,,,,,,,,,,,,,,,,,,,,
128355,30-Jul-14,14:05:41,2,5,179,593,0,6,28.67234612,-82.7263031,05:45.9,28.67234612,-82.7263031,,,5.6,-0.1,,,,15,13,29675,,,,3,18334,,,,19,17512,,,,27,6484,,,,23,31356,,,,16,25077,,,,,,,,,,,,,,,,,,,,,,,,,,,,,,,,,,,,,,,,,,,,,,,,
128355,2-Aug-14,16:51:42,1,5,190,,0,9,28.66893005,-82.73422241,51:47.0,28.66893005,-82.73422241,,,7.9,0,,,,15,7,15633,,,,30,20797,,,,1,14890,,,,17,16824,,,,8,17039,,,,19,28979,,,,11,8476,,,,28,27479,,,,13,14522,,,,,,,,,,,,,,,,,,,,,,,,,,,,,,,,,
128355,4-Aug-14,16:15:05,1,5,197,638,0,4,28.6760006,-82.74798584,8/5/14 15:17,28.6728611,-82.71961212,,,0.1,-1,,,,15,7,32046,,,,8,18890,,,,11,11889,,,,30,8078,,,,,,,,,,,,,,,,,,,,,,,,,,,,,,,,,,,,,,,,,,,,,,,,,,,,,,,,,,
128355,5-Aug-14,5:40:55,1,6,199,642,0,5,28.67948151,-82.72093964,40:59.0,28.67948151,-82.72093964,,,3.4,-2,,,,15,22,13868,,,,15,4989,,,,18,20402,,,,14,2912,,,,21,27062,,,,,,,,,,,,,,,,,,,,,,,,,,,,,,,,,,,,,,,,,,,,,,,,,,,,,
128355,5-Aug-14,13:50:11,1,5,200,649,0,6,28.67206764,-82.72285461,50:14.8,28.67206764,-82.72285461,,1,1,-1.2,,,,15,3,32498,,,,19,7798,,,,23,22933,,,,16,25866,,,,11,6771,,,,27,1747,,,,,,,,,,,,,,,,,,,,,,,,,,,,,,,,,,,,,,,,,,,,,,,,
128355,5-Aug-14,19:54:46,2,5,201,649,0,5,28.67246437,-82.72650146,54:51.6,28.67246437,-82.72650146,,,2.4,0.6,,,,15,28,12946,,,,4,9128,,,,17,9690,,,,20,5904,,,,1,4266,,,,,,,,,,,,,,,,,,,,,,,,,,,,,,,,,,,,,,,,,,,,,,,,,,,,,
128355,6-Aug-14,1:57:46,1,5,202,649,0,7,28.67960548,-82.72761536,57:50.5,28.67960548,-82.72761536,,1,8.4,-0.5,,,,15,29,18,,,,5,10280,,,,2,6484,,,,26,32246,,,,15,6726,,,,18,14603,,,,9,14346,,,,,,,,,,,,,,,,,,,,,,,,,,,,,,,,,,,,,,,,,,,
128355,6-Aug-14,8:03:03,1,5,203,649,0,5,28.68920326,-82.73021698,03:07.1,28.68920326,-82.73021698,,,1.7,-0.9,,,,15,22,20961,,,,25,28011,,,,12,29204,,,,14,11324,,,,18,22010,,,,,,,,,,,,,,,,,,,,,,,,,,,,,,,,,,,,,,,,,,,,,,,,,,,,,
128355,8-Aug-14,21:22:05,3,5,212,674,0,4,28.68000031,-82.71398926,8/9/14 10:45,28.66675377,-82.73227692,,,0.7,0.5,,,,15,6,4828,,,,2,5620,,,,10,16280,,,,4,16302,,,,,,,,,,,,,,,,,,,,,,,,,,,,,,,,,,,,,,,,,,,,,,,,,,,,,,,,,,
128355,10-Aug-14,8:40:40,1,5,217,692,0,4,28.68000031,-82.71398926,8/9/14 10:45,28.69095612,-82.72402954,,,0.3,-0.7,,,,15,31,12670,,,,22,24385,,,,25,30454,,,,14,15377,,,,,,,,,,,,,,,,,,,,,,,,,,,,,,,,,,,,,,,,,,,,,,,,,,,,,,,,,,
132008,18-Jun-14,16:34:00,5,37,35,,0,9,,,,28.65626335,-82.72821808,,,10,-0.9,,,,15,13,28823,,,,3,6576,,,,23,3301,,,,7,1864,,,,19,4968,,,,27,29004,,,,20,16222,,,,10,27709,,,,16,3381,,,,,,,,,,,,,,,,,,,,,,,,,,,,,,,,,
132008,20-Jun-14,8:44:10,1,37,40,39,0,7,28.71169472,-82.75205231,44:46.2,28.71169472,-82.75205231,,,8.6,-0.8,,,,15,18,27939,,,,15,22256,,,,24,24398,,,,22,19556,,,,14,7746,,,,21,9045,,,,27,3047,,,,,,,,,,,,,,,,,,,,,,,,,,,,,,,,,,,,,,,,,,,
132008,26-Jun-14,13:21:14,1,37,57,152,0,4,28.66500092,-82.7130127,6/27/14 11:06,28.67716599,-82.70585632,,,1.2,-0.7,,,,15,16,11695,,,,20,15682,,,,31,32090,,,,14,9985,,,,,,,,,,,,,,,,,,,,,,,,,,,,,,,,,,,,,,,,,,,,,,,,,,,,,,,,,,
132008,28-Jun-14,4:31:12,1,37,62,182,0,5,28.66419601,-82.7061615,31:48.9,28.66419601,-82.7061615,,,0.9,-0.1,,,,15,2,16054,,,,5,23372,,,,26,21808,,,,29,16984,,,,15,20069,,,,,,,,,,,,,,,,,,,,,,,,,,,,,,,,,,,,,,,,,,,,,,,,,,,,,
132008,28-Jun-14,12:22:39,1,37,63,187,0,4,28.66699982,-82.70901489,6/29/14 2:13,28.67206573,-82.70792389,,,2.3,0,,,,15,31,25838,,,,22,31578,,,,14,12864,,,,16,529,,,,,,,,,,,,,,,,,,,,,,,,,,,,,,,,,,,,,,,,,,,,,,,,,,,,,,,,,,
132008,29-Jun-14,9:14:06,1,37,66,196,0,6,28.67342567,-82.69968414,14:43.1,28.67342567,-82.69968414,,,2.2,0.1,,,,15,18,29692,,,,31,13238,,,,22,19591,,,,14,3082,,,,21,25154,,,,12,6978,,,,,,,,,,,,,,,,,,,,,,,,,,,,,,,,,,,,,,,,,,,,,,,,
132008,3-Jul-14,8:54:44,1,38,77,277,0,8,28.67973518,-82.71430206,55:21.5,28.67973518,-82.71430206,,,12.5,-0.5,,,,15,22,8974,,,,18,26146,,,,24,8341,,,,31,29105,,,,12,28702,,,,25,10626,,,,14,29358,,,,21,31627,,,,,,,,,,,,,,,,,,,,,,,,,,,,,,,,,,,,,,
132010,18-Jun-14,15:38:00,1,38,35,,0,8,,,,28.65533066,-82.72516632,,1,4.9,-0.8,,,,15,3,6594,,,,27,15605,,,,16,31248,,,,19,13724,,,,13,5877,,,,31,15066,,,,23,17569,,,,5,17150,,,,,,,,,,,,,,,,,,,,,,,,,,,,,,,,,,,,,,
132010,18-Jun-14,21:54:23,1,38,36,12,0,7,28.66833115,-82.73001862,54:59.2,28.66833115,-82.73001862,,1,6.9,-1.7,,,,15,7,16890,,,,30,2513,,,,17,32304,,,,9,2276,,,,4,13283,,,,8,11869,,,,20,8324,,,,,,,,,,,,,,,,,,,,,,,,,,,,,,,,,,,,,,,,,,,
132010,19-Jun-14,13:28:08,1,38,38,23,0,4,28.6590004,-82.72799683,6/18/14 16:06,28.66888237,-82.71726227,,,0.4,-1.2,,,,15,31,21917,,,,20,11101,,,,22,8720,,,,16,3544,,,,,,,,,,,,,,,,,,,,,,,,,,,,,,,,,,,,,,,,,,,,,,,,,,,,,,,,,,
132010,20-Jun-14,9:09:52,2,38,41,28,0,6,28.6659832,-82.704216,10:28.9,28.6659832,-82.704216,,,8.1,-1.1,,,,15,18,10374,,,,21,29947,,,,24,9228,,,,14,14235,,,,22,13565,,,,27,5774,,,,,,,,,,,,,,,,,,,,,,,,,,,,,,,,,,,,,,,,,,,,,,,,
132010,20-Jun-14,15:28:49,1,38,42,29,0,7,28.67134666,-82.73358154,29:27.0,28.67134666,-82.73358154,,,6.5,0,,,,15,16,19542,,,,23,1596,,,,3,21309,,,,27,32382,,,,20,19378,,,,13,23040,,,,19,29632,,,,,,,,,,,,,,,,,,,,,,,,,,,,,,,,,,,,,,,,,,,
132010,23-Jun-14,8:27:20,1,38,52,45,0,6,28.66458511,-82.70727539,27:56.8,28.66458511,-82.70727539,,,4,-1.2,,,,15,18,25741,,,,24,31924,,,,22,9393,,,,21,15686,,,,14,474,,,,27,7129,,,,,,,,,,,,,,,,,,,,,,,,,,,,,,,,,,,,,,,,,,,,,,,,
132010,26-Jun-14,9:23:22,1,38,63,67,0,6,28.6651001,-82.70429993,23:59.6,28.6651001,-82.70429993,,,2.4,-0.4,,,,15,14,20731,,,,21,21950,,,,22,670,,,,12,20403,,,,24,30626,,,,18,17397,,,,,,,,,,,,,,,,,,,,,,,,,,,,,,,,,,,,,,,,,,,,,,,,
132010,3-Jul-14,9:03:51,1,39,86,162,0,8,28.67104912,-82.69355011,04:29.5,28.67104912,-82.69355011,,,5.9,-0.5,,,,15,18,8485,,,,22,12326,,,,24,26942,,,,14,20723,,,,21,18058,,,,25,27221,,,,31,24643,,,,12,218,,,,,,,,,,,,,,,,,,,,,,,,,,,,,,,,,,,,,,
132010,5-Jul-14,0:40:04,1,39,92,174,0,8,28.67531395,-82.71468353,40:43.7,28.67531395,-82.71468353,,,10.5,0.7,,,,15,12,162,,,,2,27617,,,,4,29627,,,,6,8139,,,,10,8101,,,,5,7541,,,,25,25677,,,,17,7971,,,,,,,,,,,,,,,,,,,,,,,,,,,,,,,,,,,,,,
132010,5-Jul-14,19:45:04,1,39,95,177,0,6,28.67249298,-82.73535156,45:43.7,28.67249298,-82.73535156,,,2.6,0.8,,,,15,7,10968,,,,17,21430,,,,28,21540,,,,1,8084,,,,11,18178,,,,26,27720,,,,,,,,,,,,,,,,,,,,,,,,,,,,,,,,,,,,,,,,,,,,,,,,
132010,6-Jul-14,20:44:42,1,39,98,199,0,7,28.67250824,-82.72795105,45:20.4,28.67250824,-82.72795105,,1,11.2,-0.6,,,,15,8,14804,,,,9,28330,,,,17,5442,,,,30,25510,,,,7,30027,,,,4,30995,,,,28,29240,,,,,,,,,,,,,,,,,,,,,,,,,,,,,,,,,,,,,,,,,,,
132010,8-Jul-14,5:41:00,1,40,103,209,0,5,28.69732857,-82.70814514,41:39.0,28.69732857,-82.70814514,,,7.3,-0.9,,,,15,15,31354,,,,21,31688,,,,18,9710,,,,29,19587,,,,26,26513,,,,,,,,,,,,,,,,,,,,,,,,,,,,,,,,,,,,,,,,,,,,,,,,,,,,,
132010,14-Jul-14,10:19:37,1,40,124,283,0,6,28.67013359,-82.70206451,20:17.7,28.67013359,-82.70206451,,,10.4,0.7,,,,15,31,32540,,,,22,7884,,,,18,15486,,,,25,12484,,,,1,27714,,,,14,13315,,,,,,,,,,,,,,,,,,,,,,,,,,,,,,,,,,,,,,,,,,,,,,,,
132010,15-Jul-14,20:18:25,1,40,128,,0,9,28.66826439,-82.71482849,19:04.4,28.66826439,-82.71482849,,1,7.3,-0.6,,,,15,17,27511,,,,30,6802,,,,8,11908,,,,20,23048,,,,6,20558,,,,7,27854,,,,28,24388,,,,1,14858,,,,9,10344,,,,,,,,,,,,,,,,,,,,,,,,,,,,,,,,,
132010,17-Jul-14,6:15:52,1,41,132,343,0,5,28.66767502,-82.70392609,16:33.1,28.66767502,-82.70392609,,,5.7,0.1,,,,15,18,9989,,,,22,8946,,,,15,21542,,,,24,26426,,,,29,8650,,,,,,,,,,,,,,,,,,,,,,,,,,,,,,,,,,,,,,,,,,,,,,,,,,,,,
132010,20-Jul-14,2:45:30,1,41,142,369,0,7,28.67712975,-82.724617,46:09.9,28.67712975,-82.724617,,,12,-1.1,,,,15,29,8852,,,,2,29438,,,,5,15993,,,,15,19813,,,,26,18847,,,,25,7180,,,,12,28475,,,,,,,,,,,,,,,,,,,,,,,,,,,,,,,,,,,,,,,,,,,
132010,22-Jul-14,9:37:40,1,41,149,409,0,5,28.68432426,-82.71465302,38:20.1,28.68432426,-82.71465302,,,0.5,-0.9,,,,15,31,26482,,,,14,17153,,,,22,27391,,,,25,18384,,,,18,19281,,,,,,,,,,,,,,,,,,,,,,,,,,,,,,,,,,,,,,,,,,,,,,,,,,,,,
132010,23-Jul-14,9:34:18,1,41,152,427,0,7,28.66819572,-82.71939087,34:59.2,28.66819382,-82.71939087,,,8.4,0.2,,,,15,31,26018,,,,25,16370,,,,22,24930,,,,14,15520,,,,18,15513,,,,12,3672,,,,1,16088,,,,,,,,,,,,,,,,,,,,,,,,,,,,,,,,,,,,,,,,,,,
132010,24-Jul-14,7:42:24,1,41,155,440,0,8,28.66845894,-82.70406342,43:05.9,28.66845894,-82.70406342,,,8.8,0.9,,,,15,22,15102,,,,18,2628,,,,12,2730,,,,21,264,,,,14,18224,,,,24,10652,,,,25,6752,,,,31,16496,,,,,,,,,,,,,,,,,,,,,,,,,,,,,,,,,,,,,,
132010,31-Jul-14,16:56:20,1,42,179,,0,9,28.6667881,-82.73831177,57:02.8,28.6667881,-82.73831177,,,7.7,0.8,,,,15,30,3724,,,,7,5390,,,,28,11962,,,,8,382,,,,11,29772,,,,19,30322,,,,17,29036,,,,3,32286,,,,1,29557,,,,,,,,,,,,,,,,,,,,,,,,,,,,,,,,,
132010,4-Aug-14,11:52:24,1,43,193,568,0,6,28.68211746,-82.71955109,53:07.3,28.68212128,-82.71954346,,1,5.6,0.3,,,,15,16,3384,,,,3,24084,,,,31,4255,,,,27,22270,,,,23,18971,,,,20,14179,,,,,,,,,,,,,,,,,,,,,,,,,,,,,,,,,,,,,,,,,,,,,,,,
132010,5-Aug-14,3:04:07,2,43,195,578,0,5,28.69151878,-82.69543457,04:49.0,28.69151878,-82.69543457,,,18.8,-1,,,,15,29,46,,,,15,13814,,,,18,3739,,,,21,25232,,,,2,7487,,,,,,,,,,,,,,,,,,,,,,,,,,,,,,,,,,,,,,,,,,,,,,,,,,,,,
132010,6-Aug-14,12:43:47,1,43,200,587,0,7,28.67752457,-82.70895386,44:30.0,28.67752457,-82.70895386,,1,4.4,0,,,,15,27,17822,,,,16,13734,,,,23,28119,,,,3,21291,,,,19,28154,,,,20,20080,,,,13,23882,,,,,,,,,,,,,,,,,,,,,,,,,,,,,,,,,,,,,,,,,,,
132010,9-Aug-14,9:35:57,1,43,210,612,0,5,28.6902504,-82.7142334,36:39.9,28.6902504,-82.7142334,,,3.5,-0.1,,,,15,31,16005,,,,20,11044,,,,16,110,,,,1,28873,,,,14,7272,,,,,,,,,,,,,,,,,,,,,,,,,,,,,,,,,,,,,,,,,,,,,,,,,,,,,
132010,10-Aug-14,13:02:44,1,43,214,623,0,4,28.67300034,-82.72399902,8/10/14 20:49,28.67658615,-82.71492004,,,0.6,0,,,,15,23,28416,,,,16,10020,,,,13,25494,,,,19,25531,,,,,,,,,,,,,,,,,,,,,,,,,,,,,,,,,,,,,,,,,,,,,,,,,,,,,,,,,,
132010,10-Aug-14,19:54:45,1,44,215,626,0,8,28.67723846,-82.71395111,55:28.5,28.67723846,-82.71395111,,,8,-0.5,,,,15,28,13891,,,,4,4162,,,,6,2590,,,,10,15456,,,,17,29670,,,,20,7590,,,,2,6970,,,,24,22787,,,,,,,,,,,,,,,,,,,,,,,,,,,,,,,,,,,,,,
132010,11-Aug-14,17:49:27,1,44,218,,0,9,28.67785072,-82.71315002,50:09.6,28.67785072,-82.71315002,,,15.9,-1.4,,,,15,1,13874,,,,28,28815,,,,20,25767,,,,11,18039,,,,8,6832,,,,7,23113,,,,17,24755,,,,30,6819,,,,6,19178,,,,,,,,,,,,,,,,,,,,,,,,,,,,,,,,,
132010,13-Aug-14,14:12:53,1,44,225,644,0,8,28.6711483,-82.73963165,13:35.8,28.6711483,-82.73963165,,1,13.5,-1.1,,,,15,19,108,,,,3,12091,,,,13,5512,,,,23,21894,,,,7,26787,,,,11,6452,,,,27,21512,,,,8,5410,,,,,,,,,,,,,,,,,,,,,,,,,,,,,,,,,,,,,,
132010,15-Aug-14,3:00:16,3,44,229,686,0,7,28.67984009,-82.71627045,00:59.0,28.6798439,-82.71630859,,1,9.2,-1,,,,15,29,22055,,,,9,22471,,,,15,29757,,,,21,27845,,,,24,862,,,,18,16541,,,,26,2392,,,,,,,,,,,,,,,,,,,,,,,,,,,,,,,,,,,,,,,,,,,
132010,16-Aug-14,4:17:30,1,44,233,689,0,4,28.67900085,-82.70901489,8/15/14 10:55,28.67805862,-82.72103119,,,0.1,-0.7,,,,15,18,21008,,,,24,4340,,,,22,22726,,,,14,20290,,,,,,,,,,,,,,,,,,,,,,,,,,,,,,,,,,,,,,,,,,,,,,,,,,,,,,,,,,
132010,20-Aug-14,12:29:43,1,44,248,734,0,7,28.68185043,-82.71766663,30:27.6,28.68185043,-82.71766663,,,7.2,0.6,,,,15,23,17634,,,,13,31257,,,,19,8144,,,,27,23912,,,,16,6058,,,,7,3866,,,,20,26379,,,,,,,,,,,,,,,,,,,,,,,,,,,,,,,,,,,,,,,,,,,
132010,25-Aug-14,10:55:18,1,46,266,768,0,4,28.68799973,-82.68701172,8/25/14 2:37,28.69010735,-82.70832825,,,1.4,-2,,,,15,23,21050,,,,20,10605,,,,27,5419,,,,13,14488,,,,,,,,,,,,,,,,,,,,,,,,,,,,,,,,,,,,,,,,,,,,,,,,,,,,,,,,,,
132010,25-Aug-14,19:14:17,1,45,267,776,0,5,28.67955017,-82.70520782,15:02.7,28.67955017,-82.70520782,,,2.3,0.7,,,,15,6,9991,,,,17,6019,,,,4,27158,,,,2,17474,,,,28,24470,,,,,,,,,,,,,,,,,,,,,,,,,,,,,,,,,,,,,,,,,,,,,,,,,,,,,
132010,27-Aug-14,4:06:35,1,46,272,784,0,7,28.68300819,-82.71434784,07:19.4,28.68300819,-82.71434784,,,8,-1.6,,,,15,22,6650,,,,15,29033,,,,21,3058,,,,18,21566,,,,24,25350,,,,14,31251,,,,27,29317,,,,,,,,,,,,,,,,,,,,,,,,,,,,,,,,,,,,,,,,,,,
132010,30-Aug-14,20:33:45,1,46,285,817,0,7,28.6811409,-82.70869446,34:31.3,28.6811409,-82.70869446,,,6.9,0.3,,,,15,6,9750,,,,12,12455,,,,2,13340,,,,10,25985,,,,17,14940,,,,5,20444,,,,13,11190,,,,,,,,,,,,,,,,,,,,,,,,,,,,,,,,,,,,,,,,,,,
132010,1-Sep-14,9:50:43,1,47,290,836,0,5,28.68600082,-82.69900513,8/31/14 10:56,28.68321037,-82.71201324,,1,0.8,-0.5,,,,15,16,17616,,,,20,3369,,,,9,18890,,,,23,2200,,,,31,32022,,,,,,,,,,,,,,,,,,,,,,,,,,,,,,,,,,,,,,,,,,,,,,,,,,,,,
132010,2-Sep-14,6:12:27,1,46,293,844,0,4,28.6970005,-82.70901489,9/2/14 11:34,28.68785858,-82.70599365,,,0.4,0.5,,,,15,31,19514,,,,14,30431,,,,12,6717,,,,25,12026,,,,,,,,,,,,,,,,,,,,,,,,,,,,,,,,,,,,,,,,,,,,,,,,,,,,,,,,,,
132010,2-Sep-14,18:38:40,1,46,295,845,0,6,28.67702866,-82.71422577,39:25.7,28.67702866,-82.71422577,,,3,-0.3,,,,15,6,31933,,,,4,1582,,,,17,29627,,,,28,21357,,,,2,735,,,,20,17770,,,,,,,,,,,,,,,,,,,,,,,,,,,,,,,,,,,,,,,,,,,,,,,,
132010,3-Sep-14,14:22:20,1,46,298,,0,9,28.67520523,-82.70915985,23:05.7,28.67520523,-82.70915222,,,10.6,-0.3,,,,15,7,22249,,,,8,11592,,,,30,18304,,,,19,5993,,,,11,6796,,,,13,3134,,,,28,5682,,,,17,3341,,,,27,12706,,,,,,,,,,,,,,,,,,,,,,,,,,,,,,,,,
132010,3-Sep-14,20:24:55,1,46,299,850,0,6,28.67700958,-82.71521759,25:40.8,28.67700958,-82.71521759,,,7.5,-0.2,,,,15,17,20982,,,,2,5548,,,,10,17268,,,,5,5890,,,,12,18520,,,,6,16572,,,,,,,,,,,,,,,,,,,,,,,,,,,,,,,,,,,,,,,,,,,,,,,,
132010,4-Sep-14,9:02:38,1,46,301,852,0,4,28.69000053,-82.71200562,9/4/14 11:24,,,,,,,,,,15,31,24094,,,,20,9252,,,,16,3732,,,,9,32734,,,,,,,,,,,,,,,,,,,,,,,,,,,,,,,,,,,,,,,,,,,,,,,,,,,,,,,,,,
132010,5-Sep-14,4:46:50,1,46,304,856,0,6,28.68472672,-82.71517181,47:35.4,28.68472672,-82.71517181,,,3.6,-0.6,,,,15,22,24213,,,,31,8703,,,,18,15590,,,,14,27180,,,,21,13650,,,,12,10329,,,,,,,,,,,,,,,,,,,,,,,,,,,,,,,,,,,,,,,,,,,,,,,,
132010,6-Sep-14,6:52:08,1,46,308,862,0,6,28.68094063,-82.71220398,52:54.1,28.68094063,-82.71220398,,1,14,0.1,,,,15,31,12098,,,,3,27584,,,,25,15372,,,,14,13330,,,,22,19549,,,,1,11597,,,,,,,,,,,,,,,,,,,,,,,,,,,,,,,,,,,,,,,,,,,,,,,,
132010,6-Sep-14,19:15:29,1,46,310,863,0,8,28.67307472,-82.71995544,16:16.1,28.67307472,-82.71995544,,,5.6,1.1,,,,15,12,20526,,,,6,10521,,,,2,29481,,,,17,15048,,,,10,32128,,,,5,28291,,,,28,9697,,,,24,21460,,,,,,,,,,,,,,,,,,,,,,,,,,,,,,,,,,,,,,
132010,7-Sep-14,1:38:48,1,46,311,864,0,6,28.68273926,-82.7204361,39:34.6,28.68273926,-82.7204361,,,5.1,0.6,,,,15,15,16298,,,,18,8105,,,,26,22710,,,,21,3685,,,,29,18980,,,,24,15476,,,,,,,,,,,,,,,,,,,,,,,,,,,,,,,,,,,,,,,,,,,,,,,,
132010,8-Sep-14,2:52:55,1,46,315,867,0,6,28.68307686,-82.71143341,53:40.7,28.68307686,-82.71143341,,,9.9,-0.3,,,,15,15,26631,,,,24,9940,,,,14,11268,,,,18,32534,,,,22,12199,,,,21,17268,,,,,,,,,,,,,,,,,,,,,,,,,,,,,,,,,,,,,,,,,,,,,,,,
132010,9-Sep-14,1:44:36,1,47,318,882,0,6,28.68092346,-82.71172333,45:21.9,28.68092346,-82.71172333,,,3,-1.1,,,,15,15,16215,,,,18,27782,,,,21,6800,,,,24,23576,,,,29,32416,,,,22,28265,,,,,,,,,,,,,,,,,,,,,,,,,,,,,,,,,,,,,,,,,,,,,,,,
132010,9-Sep-14,9:01:29,1,47,319,885,0,4,28.6779995,-82.71200562,9/9/14 23:20,,,,,,,,,,15,31,15068,,,,3,5832,,,,23,16440,,,,20,20689,,,,,,,,,,,,,,,,,,,,,,,,,,,,,,,,,,,,,,,,,,,,,,,,,,,,,,,,,,
132010,14-Sep-14,12:25:17,1,47,337,,0,9,28.68166351,-82.71725464,26:03.5,28.68166351,-82.71725464,,1,7.7,-0.5,,,,15,23,26727,,,,27,30948,,,,9,12289,,,,11,11698,,,,19,31915,,,,7,18277,,,,13,15767,,,,8,9265,,,,30,1392,,,,,,,,,,,,,,,,,,,,,,,,,,,,,,,,,
132010,16-Sep-14,17:37:43,2,48,344,962,0,5,28.67024231,-82.72661591,38:30.7,28.67024231,-82.72661591,,,6.1,-0.3,,,,15,20,164,,,,4,6535,,,,17,1769,,,,6,2211,,,,2,28448,,,,,,,,,,,,,,,,,,,,,,,,,,,,,,,,,,,,,,,,,,,,,,,,,,,,,
132010,17-Sep-14,23:33:16,1,48,348,979,0,4,28.66900063,-82.74200439,9/18/14 21:16,28.69714355,-82.71699524,,,0.2,1.7,,,,15,29,517,,,,15,22993,,,,26,8547,,,,5,6,,,,,,,,,,,,,,,,,,,,,,,,,,,,,,,,,,,,,,,,,,,,,,,,,,,,,,,,,,
132010,20-Sep-14,2:18:31,2,48,355,1006,0,4,28.68099976,-82.71200562,9/20/14 12:10,28.68367577,-82.71124268,,,0.2,0.4,,,,15,18,290,,,,22,80,,,,24,24660,,,,21,31858,,,,,,,,,,,,,,,,,,,,,,,,,,,,,,,,,,,,,,,,,,,,,,,,,,,,,,,,,,
132010,22-Sep-14,23:45:24,1,48,365,1035,0,6,28.67798805,-82.7126236,46:12.4,28.67798805,-82.7126236,,,2.8,0.4,,,,15,18,27075,,,,15,8683,,,,26,4180,,,,29,23254,,,,5,31402,,,,21,18894,,,,,,,,,,,,,,,,,,,,,,,,,,,,,,,,,,,,,,,,,,,,,,,,
132010,23-Sep-14,21:49:25,1,49,368,1048,0,8,28.67694855,-82.71311951,50:13.5,28.67694855,-82.71311951,,,6.7,-0.5,,,,15,29,18839,,,,5,17459,,,,2,6589,,,,15,9230,,,,26,23281,,,,25,15978,,,,12,16541,,,,10,11197,,,,,,,,,,,,,,,,,,,,,,,,,,,,,,,,,,,,,,
132010,24-Sep-14,7:28:00,1,49,369,1059,0,3,,,,,,,,,,,,,15,3,11511,,,,16,4971,,,,31,19546,,,,,,,,,,,,,,,,,,,,,,,,,,,,,,,,,,,,,,,,,,,,,,,,,,,,,,,,,,,,,,,
132010,27-Sep-14,6:19:15,2,49,379,1093,0,5,28.68400002,-82.7130127,9/27/14 11:21,28.68301201,-82.7114563,,1,0.8,-0.1,,,,15,3,3606,,,,14,30053,,,,22,1094,,,,16,12293,,,,20,4709,,,,,,,,,,,,,,,,,,,,,,,,,,,,,,,,,,,,,,,,,,,,,,,,,,,,,
132010,29-Sep-14,4:03:28,2,50,385,1124,0,6,28.68088913,-82.7148819,04:16.0,28.68088913,-82.7148819,,,2.8,-2,,,,15,31,23057,,,,18,10802,,,,22,23911,,,,25,32236,,,,12,32440,,,,14,11031,,,,,,,,,,,,,,,,,,,,,,,,,,,,,,,,,,,,,,,,,,,,,,,,
132010,29-Sep-14,10:25:31,1,50,386,1125,0,8,28.6829052,-82.71250916,26:20.1,28.6829052,-82.71250916,,,4.5,-0.9,,,,15,27,7081,,,,9,1211,,,,23,21068,,,,19,12980,,,,13,6771,,,,16,11382,,,,7,2012,,,,8,16582,,,,,,,,,,,,,,,,,,,,,,,,,,,,,,,,,,,,,,
132010,30-Sep-14,0:16:02,1,49,388,1129,0,6,28.68060112,-82.71331024,16:51.6,28.68060112,-82.71331024,,,18.1,0.6,,,,15,24,13118,,,,29,5160,,,,18,18854,,,,15,24867,,,,26,2363,,,,21,29270,,,,,,,,,,,,,,,,,,,,,,,,,,,,,,,,,,,,,,,,,,,,,,,,
132010,30-Sep-14,6:17:37,1,49,389,,0,8,28.68292618,-82.71144104,18:26.2,28.68292618,-82.71144104,,1,11.2,0.2,,,,15,20,30945,,,,31,2853,,,,3,23261,,,,16,17456,,,,25,19782,,,,22,11012,,,,14,3731,,,,29,15456,,,,,,,,,,,,,,,,,,,,,,,,,,,,,,,,,,,,,,
132010,30-Sep-14,12:28:30,1,49,390,,0,9,28.68042946,-82.71762085,29:18.2,28.68042946,-82.71762085,,,13.8,-0.8,,,,15,19,30125,,,,4,2406,,,,28,13282,,,,11,16950,,,,8,31384,,,,13,31548,,,,1,10727,,,,9,27032,,,,17,8961,,,,,,,,,,,,,,,,,,,,,,,,,,,,,,,,,
132010,1-Oct-14,21:53:37,1,49,395,1140,0,4,28.68099976,-82.70401001,10/1/14 22:37,28.67717743,-82.71258545,,,0.2,-0.7,,,,15,26,30932,,,,5,16352,,,,29,497,,,,15,8739,,,,,,,,,,,,,,,,,,,,,,,,,,,,,,,,,,,,,,,,,,,,,,,,,,,,,,,,,,
132010,2-Oct-14,4:04:31,1,49,396,1140,0,7,28.68072701,-82.71102905,05:20.4,28.68072701,-82.71102905,,,6.2,0.4,,,,15,25,656,,,,31,9156,,,,18,28497,,,,14,28241,,,,22,9250,,,,11,3076,,,,1,103,,,,,,,,,,,,,,,,,,,,,,,,,,,,,,,,,,,,,,,,,,,
132010,2-Oct-14,10:04:21,1,49,397,1140,0,8,28.68310547,-82.7125473,05:10.8,28.68310547,-82.7125473,,1,15.8,0.8,,,,15,16,19759,,,,8,20486,,,,9,3570,,,,13,15418,,,,27,30058,,,,3,709,,,,23,13354,,,,7,20468,,,,,,,,,,,,,,,,,,,,,,,,,,,,,,,,,,,,,,
132010,3-Oct-14,0:23:43,1,50,399,1148,0,6,28.68032265,-82.71305084,24:31.9,28.68032265,-82.71305084,,,5.8,-1,,,,15,18,3417,,,,15,26651,,,,22,21079,,,,24,20222,,,,29,14156,,,,26,29484,,,,,,,,,,,,,,,,,,,,,,,,,,,,,,,,,,,,,,,,,,,,,,,,
132010,5-Oct-14,5:27:02,1,50,407,1162,0,3,,,,,,,,,,,,,15,31,1864,,,,3,9496,,,,1,15084,,,,,,,,,,,,,,,,,,,,,,,,,,,,,,,,,,,,,,,,,,,,,,,,,,,,,,,,,,,,,,,
132010,7-Oct-14,6:17:33,2,50,414,1178,0,4,28.68600082,-82.73699951,10/7/14 15:17,,,,,,,,,,15,16,10097,,,,31,19429,,,,20,20414,,,,3,22412,,,,,,,,,,,,,,,,,,,,,,,,,,,,,,,,,,,,,,,,,,,,,,,,,,,,,,,,,,
132010,7-Oct-14,14:43:14,1,50,415,,0,8,28.68016052,-82.71343994,44:02.9,28.68016052,-82.71343994,,,12.8,-1.1,,,,15,4,564,,,,6,29270,,,,17,11319,,,,1,30690,,,,30,18390,,,,28,10062,,,,11,15519,,,,20,21088,,,,,,,,,,,,,,,,,,,,,,,,,,,,,,,,,,,,,,
132010,8-Oct-14,3:25:24,1,49,417,1185,0,6,28.68086624,-82.71433258,26:13.0,28.68086624,-82.71433258,,,6.4,0,,,,15,12,17803,,,,31,7851,,,,18,2559,,,,22,11116,,,,14,30973,,,,25,17629,,,,,,,,,,,,,,,,,,,,,,,,,,,,,,,,,,,,,,,,,,,,,,,,
132010,9-Oct-14,6:13:43,1,50,421,1192,0,3,,,,,,,,,,,,,15,16,29971,,,,31,14702,,,,3,32302,,,,,,,,,,,,,,,,,,,,,,,,,,,,,,,,,,,,,,,,,,,,,,,,,,,,,,,,,,,,,,,
132010,9-Oct-14,12:40:41,1,50,422,,0,9,28.67776871,-82.71634674,41:30.6,28.6777668,-82.71634674,,,9.4,-0.4,,,,15,11,12521,,,,8,7801,,,,4,50,,,,1,18507,,,,28,22439,,,,30,16058,,,,17,22396,,,,7,1472,,,,19,19120,,,,,,,,,,,,,,,,,,,,,,,,,,,,,,,,,
132010,9-Oct-14,18:56:40,1,50,423,1194,0,6,28.67779541,-82.71529388,57:29.6,28.67779541,-82.71529388,,,1.5,-0.4,,,,15,12,19642,,,,6,15144,,,,2,9058,,,,10,28406,,,,17,16907,,,,5,4917,,,,,,,,,,,,,,,,,,,,,,,,,,,,,,,,,,,,,,,,,,,,,,,,
132010,10-Oct-14,0:58:47,1,50,424,1194,0,6,28.68192101,-82.7164917,59:36.6,28.68192101,-82.7164917,,,5.7,-0.4,,,,15,14,29991,,,,15,28676,,,,18,1273,,,,22,2121,,,,21,29940,,,,24,24276,,,,,,,,,,,,,,,,,,,,,,,,,,,,,,,,,,,,,,,,,,,,,,,,
132010,10-Oct-14,16:39:59,1,50,426,1204,0,7,28.67699242,-82.71527863,40:48.7,28.67699051,-82.71528625,,,19.9,-0.3,,,,15,17,30055,,,,2,6508,,,,6,25724,,,,10,19515,,,,28,9362,,,,12,11261,,,,20,6873,,,,,,,,,,,,,,,,,,,,,,,,,,,,,,,,,,,,,,,,,,,
132010,10-Oct-14,22:56:11,1,51,427,1205,0,6,28.67871284,-82.71464539,57:01.8,28.67871284,-82.71464539,,,2.4,-0.2,,,,15,18,25077,,,,21,23678,,,,26,14170,,,,29,20358,,,,5,20050,,,,15,20354,,,,,,,,,,,,,,,,,,,,,,,,,,,,,,,,,,,,,,,,,,,,,,,,
132010,11-Oct-14,20:04:25,1,51,430,1214,0,6,28.67774963,-82.71315002,05:14.9,28.67774963,-82.71315002,,,12.3,-1.1,,,,15,29,10774,,,,5,5671,,,,26,4406,,,,15,23555,,,,12,23506,,,,2,2708,,,,,,,,,,,,,,,,,,,,,,,,,,,,,,,,,,,,,,,,,,,,,,,,
132010,12-Oct-14,2:16:07,2,50,431,1214,0,7,28.68039894,-82.7129364,16:56.4,28.68039894,-82.7129364,,,9.6,-0.6,,,,15,14,21078,,,,22,19521,,,,18,14837,,,,24,27578,,,,21,8416,,,,25,22168,,,,12,3369,,,,,,,,,,,,,,,,,,,,,,,,,,,,,,,,,,,,,,,,,,,
132010,14-Oct-14,8:27:37,1,50,439,1233,0,4,28.68600082,-82.70999146,10/15/14 6:40,,,,,,,,,,15,9,1274,,,,8,10587,,,,27,30648,,,,3,15363,,,,,,,,,,,,,,,,,,,,,,,,,,,,,,,,,,,,,,,,,,,,,,,,,,,,,,,,,,
132010,14-Oct-14,23:28:36,1,50,441,1243,0,4,28.68400002,-82.70300293,10/15/14 23:07,28.67926598,-82.71322632,,,0.9,0.2,,,,15,29,1873,,,,21,15979,,,,14,30338,,,,15,12841,,,,,,,,,,,,,,,,,,,,,,,,,,,,,,,,,,,,,,,,,,,,,,,,,,,,,,,,,,
132010,16-Oct-14,9:51:25,1,50,446,1255,0,6,28.68715286,-82.70944214,52:16.0,28.68715286,-82.70944214,,,4.7,1,,,,15,9,7475,,,,23,9147,,,,16,2818,,,,27,3722,,,,13,4840,,,,7,22039,,,,,,,,,,,,,,,,,,,,,,,,,,,,,,,,,,,,,,,,,,,,,,,,
132010,17-Oct-14,14:35:28,1,51,450,1267,0,8,28.67715454,-82.71536255,36:18.0,28.67715454,-82.71536255,,,7.7,-1,,,,15,28,3622,,,,6,20370,,,,17,25802,,,,30,24877,,,,20,1420,,,,2,24897,,,,4,30086,,,,1,8268,,,,,,,,,,,,,,,,,,,,,,,,,,,,,,,,,,,,,,
132010,18-Oct-14,10:04:16,1,52,453,1270,0,8,28.6815033,-82.71152496,05:06.5,28.6815033,-82.71152496,,,6.2,-1.4,,,,15,8,12492,,,,19,21963,,,,11,24632,,,,9,4583,,,,23,26858,,,,13,8732,,,,27,27062,,,,30,18093,,,,,,,,,,,,,,,,,,,,,,,,,,,,,,,,,,,,,,
132010,20-Oct-14,13:49:38,1,51,461,1278,0,6,28.68298721,-82.71054077,50:29.3,28.68298721,-82.7105484,,,17.3,0.3,,,,15,17,24796,,,,28,23124,,,,30,32515,,,,7,26049,,,,6,11934,,,,20,2027,,,,,,,,,,,,,,,,,,,,,,,,,,,,,,,,,,,,,,,,,,,,,,,,
132010,21-Oct-14,9:32:10,1,52,464,1283,0,4,28.66900063,-82.70901489,10/20/14 23:04,28.67978859,-82.71347809,,,0.2,-0.1,,,,15,27,31539,,,,13,7050,,,,9,4749,,,,23,4228,,,,,,,,,,,,,,,,,,,,,,,,,,,,,,,,,,,,,,,,,,,,,,,,,,,,,,,,,,
132010,21-Oct-14,15:44:46,1,52,465,1283,0,7,28.6757431,-82.71508789,45:36.4,28.6757431,-82.71508789,,,7.7,-1.6,,,,15,2,9546,,,,28,304,,,,10,6713,,,,24,30416,,,,6,20339,,,,12,31972,,,,17,26712,,,,,,,,,,,,,,,,,,,,,,,,,,,,,,,,,,,,,,,,,,,
132010,22-Oct-14,13:22:22,1,51,468,1292,0,4,28.67900085,-82.71398926,10/21/14 22:42,28.67649841,-82.71572113,,,1,-0.5,,,,15,30,12435,,,,17,29908,,,,20,10258,,,,7,30818,,,,,,,,,,,,,,,,,,,,,,,,,,,,,,,,,,,,,,,,,,,,,,,,,,,,,,,,,,
132010,23-Oct-14,23:52:39,1,51,473,1304,0,4,28.67700005,-82.70700073,10/24/14 21:30,28.67797279,-82.71427917,,,0.5,0.6,,,,15,24,19529,,,,15,23876,,,,18,13896,,,,14,29698,,,,,,,,,,,,,,,,,,,,,,,,,,,,,,,,,,,,,,,,,,,,,,,,,,,,,,,,,,
132010,25-Oct-14,3:11:39,1,51,477,1310,0,6,28.67512131,-82.71889496,12:29.6,28.67512131,-82.71889496,,,19.5,-0.4,,,,15,25,9816,,,,14,25270,,,,22,5638,,,,18,2052,,,,12,28224,,,,31,8550,,,,,,,,,,,,,,,,,,,,,,,,,,,,,,,,,,,,,,,,,,,,,,,,
132010,28-Oct-14,11:33:11,1,51,488,1339,0,8,28.66857529,-82.72051239,34:03.5,28.66857529,-82.72051239,,,6.2,1.5,,,,15,13,19098,,,,11,24368,,,,17,7604,,,,7,4826,,,,30,17674,,,,4,18780,,,,1,20897,,,,28,31861,,,,,,,,,,,,,,,,,,,,,,,,,,,,,,,,,,,,,,
142699,31-May-17,17:35:00,3,2,34,5,0,4,,,,28.65684509,-82.72712708,,,0.7,-0.4,,,,15,11,19552,,,,30,31222,,,,7,11446,,,,8,16286,,,,,,,,,,,,,,,,,,,,,,,,,,,,,,,,,,,,,,,,,,,,,,,,,,,,,,,,,,
142699,31-May-17,23:39:15,1,2,35,5,0,7,28.66394424,-82.70024109,39:17.1,28.66394424,-82.70024109,,,11.1,0.1,,,,15,12,1814,,,,5,3437,,,,2,12328,,,,17,31681,,,,6,7063,,,,19,3452,,,,28,22454,,,,,,,,,,,,,,,,,,,,,,,,,,,,,,,,,,,,,,,,,,,
142699,1-Jun-17,11:58:55,1,2,37,,0,8,28.65298843,-82.71759033,58:57.1,28.65298843,-82.71759033,,1,6.1,0.1,,,,15,31,18088,,,,26,31794,,,,22,1474,,,,4,31398,,,,29,22694,,,,14,21828,,,,16,7310,,,,10,30848,,,,,,,,,,,,,,,,,,,,,,,,,,,,,,,,,,,,,,
142699,2-Jun-17,13:38:04,1,2,41,12,0,8,28.6149807,-82.80645752,38:06.1,28.6149807,-82.80645752,,1,13.6,0.1,,,,15,23,5398,,,,22,11608,,,,3,19706,,,,27,7083,,,,16,31151,,,,14,6414,,,,26,14734,,,,4,6822,,,,,,,,,,,,,,,,,,,,,,,,,,,,,,,,,,,,,,
142699,3-Jun-17,1:52:06,1,2,43,12,0,4,28.61599922,-82.76300049,6/2/17 1:54,28.61676598,-82.82266235,,,1.1,0.8,,,,15,29,31656,,,,12,31112,,,,2,27499,,,,5,24248,,,,,,,,,,,,,,,,,,,,,,,,,,,,,,,,,,,,,,,,,,,,,,,,,,,,,,,,,,
142699,3-Jun-17,22:34:34,1,2,46,20,0,7,28.64735603,-82.83294678,34:36.2,28.64735603,-82.83294678,,,6,0.2,,,,15,6,17999,,,,12,28380,,,,19,10980,,,,3,31436,,,,17,30360,,,,2,19048,,,,28,11327,,,,,,,,,,,,,,,,,,,,,,,,,,,,,,,,,,,,,,,,,,,
142699,5-Jun-17,11:47:38,1,2,52,,0,8,28.64703751,-82.82467651,47:39.8,28.64703751,-82.82467651,,1,9.8,-0.2,,,,15,31,32126,,,,4,21174,,,,22,29668,,,,14,8972,,,,3,32033,,,,16,18482,,,,23,18398,,,,25,3738,,,,,,,,,,,,,,,,,,,,,,,,,,,,,,,,,,,,,,
142700,31-May-17,22:33:52,3,37,30,6,0,6,,,,28.65538979,-82.71198273,,,13.1,0.7,,,,15,6,23622,,,,28,18354,,,,2,27204,,,,19,12250,,,,3,6769,,,,17,5985,,,,,,,,,,,,,,,,,,,,,,,,,,,,,,,,,,,,,,,,,,,,,,,,
142700,1-Jun-17,17:08:16,1,37,33,7,0,8,28.65076447,-82.7299118,08:53.2,28.65076447,-82.7299118,,,7.5,0.2,,,,15,8,17110,,,,23,17294,,,,11,5905,,,,27,23036,,,,30,27333,,,,9,24417,,,,7,14683,,,,1,23026,,,,,,,,,,,,,,,,,,,,,,,,,,,,,,,,,,,,,,
142700,2-Jun-17,23:57:27,1,38,38,7,0,6,28.65715599,-82.72337341,58:04.5,28.65715599,-82.72337341,,,10.1,-0.4,,,,15,5,10114,,,,17,10611,,,,12,16885,,,,19,27746,,,,6,16461,,,,2,24194,,,,,,,,,,,,,,,,,,,,,,,,,,,,,,,,,,,,,,,,,,,,,,,,
142700,3-Jun-17,14:15:13,1,38,40,,0,9,28.65958405,-82.70542145,15:50.7,28.65958405,-82.70542145,,1,7,-0.3,,,,15,27,26766,,,,4,6477,,,,26,3940,,,,8,12930,,,,23,15534,,,,16,22224,,,,3,5080,,,,22,30056,,,,31,3473,,,,,,,,,,,,,,,,,,,,,,,,,,,,,,,,,
142700,4-Jun-17,3:32:03,1,37,42,16,0,7,28.66299438,-82.7052002,32:40.3,28.66299438,-82.7052002,,,5.6,0.3,,,,15,29,3536,,,,5,14322,,,,15,24672,,,,13,4813,,,,21,30323,,,,2,30246,,,,20,23374,,,,,,,,,,,,,,,,,,,,,,,,,,,,,,,,,,,,,,,,,,,
142700,8-Jun-17,0:57:20,1,39,56,41,0,7,28.64835358,-82.71411133,57:57.9,28.64835358,-82.71411133,,,9.3,-1.1,,,,15,12,13072,,,,2,15276,,,,6,15610,,,,19,29308,,,,5,7742,,,,20,15466,,,,29,9577,,,,,,,,,,,,,,,,,,,,,,,,,,,,,,,,,,,,,,,,,,,
142700,10-Jun-17,7:00:28,1,38,63,72,0,7,28.66041946,-82.71427917,01:06.9,28.66041946,-82.71427917,,,9.7,0.9,,,,15,24,7238,,,,15,1255,,,,14,15915,,,,21,16930,,,,10,16723,,,,31,29675,,,,25,24859,,,,,,,,,,,,,,,,,,,,,,,,,,,,,,,,,,,,,,,,,,,
142700,12-Jun-17,14:19:06,1,39,71,95,0,8,28.65869331,-82.7207489,19:44.0,28.65869331,-82.7207489,,,13.9,-1,,,,15,23,12407,,,,8,7125,,,,7,21362,,,,27,26396,,,,9,7958,,,,16,17552,,,,26,71,,,,3,15586,,,,,,,,,,,,,,,,,,,,,,,,,,,,,,,,,,,,,,
142700,13-Jun-17,2:32:43,1,39,73,95,0,6,28.65775108,-82.71795654,33:20.9,28.65775108,-82.71795654,,,4.3,-1.1,,,,15,29,16328,,,,5,12035,,,,2,6460,,,,20,16230,,,,15,14461,,,,13,21013,,,,,,,,,,,,,,,,,,,,,,,,,,,,,,,,,,,,,,,,,,,,,,,,
142700,13-Jun-17,8:48:05,2,39,74,96,0,6,28.65878677,-82.71697998,48:42.9,28.65878677,-82.71697998,,1,8.5,-1.1,,,,15,10,7056,,,,31,5116,,,,18,27212,,,,25,20454,,,,4,8483,,,,12,8921,,,,,,,,,,,,,,,,,,,,,,,,,,,,,,,,,,,,,,,,,,,,,,,,
142700,14-Jun-17,22:39:41,1,39,80,101,0,5,28.67825699,-82.73274994,40:19.0,28.67825699,-82.73274994,,,4,-1,,,,15,12,14258,,,,5,12967,,,,6,32144,,,,2,28780,,,,17,21669,,,,,,,,,,,,,,,,,,,,,,,,,,,,,,,,,,,,,,,,,,,,,,,,,,,,,
142700,15-Jun-17,13:11:26,1,39,82,,0,9,28.66011047,-82.72342682,12:03.5,28.66011047,-82.72342682,,1,12.3,-1.5,,,,15,26,4123,,,,27,2519,,,,4,7859,,,,3,28055,,,,16,1664,,,,31,23242,,,,23,24032,,,,8,31733,,,,14,3938,,,,,,,,,,,,,,,,,,,,,,,,,,,,,,,,,
142700,15-Jun-17,19:12:09,1,39,83,,0,9,28.66754723,-82.73945618,12:46.5,28.66754723,-82.73945618,,,9,-1.5,,,,15,28,12465,,,,7,26638,,,,1,16484,,,,17,20475,,,,19,14877,,,,11,20732,,,,22,6217,,,,3,17714,,,,30,17704,,,,,,,,,,,,,,,,,,,,,,,,,,,,,,,,,
142700,16-Jun-17,8:37:05,1,38,85,,0,8,28.64263725,-82.69650269,37:42.6,28.64263725,-82.69650269,,1,16,-0.4,,,,15,10,20824,,,,25,3459,,,,12,22548,,,,31,22090,,,,14,20002,,,,4,27651,,,,18,5670,,,,1,12916,,,,,,,,,,,,,,,,,,,,,,,,,,,,,,,,,,,,,,
142700,17-Jun-17,6:08:11,1,38,88,122,0,6,28.6360817,-82.69850159,08:49.0,28.6360817,-82.69850159,,,5.8,0,,,,15,10,2172,,,,15,28607,,,,24,29606,,,,21,30751,,,,18,9981,,,,14,29720,,,,,,,,,,,,,,,,,,,,,,,,,,,,,,,,,,,,,,,,,,,,,,,,
142700,20-Jun-17,20:01:21,1,38,101,143,0,7,28.65837479,-82.7224884,02:00.1,28.65837479,-82.7224884,,,7.7,1.1,,,,15,17,6808,,,,6,1357,,,,28,21754,,,,30,6813,,,,3,12198,,,,19,26932,,,,2,16552,,,,,,,,,,,,,,,,,,,,,,,,,,,,,,,,,,,,,,,,,,,
142700,21-Jun-17,22:08:49,1,38,105,148,0,4,28.63800049,-82.70401001,6/22/17 21:46,28.65743637,-82.72599792,,,0.6,1.2,,,,15,12,9130,,,,5,4221,,,,6,7025,,,,2,28270,,,,,,,,,,,,,,,,,,,,,,,,,,,,,,,,,,,,,,,,,,,,,,,,,,,,,,,,,,
142700,22-Jun-17,14:45:01,1,39,107,163,0,7,28.66426659,-82.72403717,45:39.7,28.66426659,-82.72403717,,,7.2,-0.3,,,,15,23,19260,,,,7,12762,,,,8,8065,,,,9,11246,,,,27,25494,,,,11,19049,,,,16,13269,,,,,,,,,,,,,,,,,,,,,,,,,,,,,,,,,,,,,,,,,,,
142700,23-Jun-17,11:22:03,2,38,110,171,0,8,28.61579323,-82.70814514,22:42.2,28.61579323,-82.70814514,,1,12.7,1.2,,,,15,26,27049,,,,31,16208,,,,3,31056,,,,16,15513,,,,22,1129,,,,23,23899,,,,4,6995,,,,14,27414,,,,,,,,,,,,,,,,,,,,,,,,,,,,,,,,,,,,,,
142700,25-Jun-17,8:01:29,1,38,117,178,0,7,28.62977028,-82.70327759,02:07.7,28.62977028,-82.70327759,,1,9.3,0.7,,,,15,12,13803,,,,25,26678,,,,31,14046,,,,10,10504,,,,4,22947,,,,14,11924,,,,18,23703,,,,,,,,,,,,,,,,,,,,,,,,,,,,,,,,,,,,,,,,,,,
142700,26-Jun-17,23:16:23,1,39,123,187,0,4,28.62800026,-82.73199463,6/26/17 20:06,28.62751579,-82.735466,,,0.2,0.3,,,,15,19,15076,,,,2,22308,,,,6,12535,,,,12,806,,,,,,,,,,,,,,,,,,,,,,,,,,,,,,,,,,,,,,,,,,,,,,,,,,,,,,,,,,
142700,27-Jun-17,12:50:04,1,38,125,192,0,7,28.63711548,-82.72776031,50:43.3,28.63711548,-82.72776031,,1,6.2,1.3,,,,15,27,3846,,,,16,8268,,,,26,10973,,,,3,14618,,,,23,20141,,,,4,58,,,,22,6125,,,,,,,,,,,,,,,,,,,,,,,,,,,,,,,,,,,,,,,,,,,
142700,27-Jun-17,18:55:28,1,38,126,192,0,5,28.63704491,-82.73001862,56:06.8,28.63704491,-82.73001862,,,14.9,0.8,,,,15,3,28852,,,,30,30164,,,,28,25418,,,,6,29080,,,,17,13443,,,,,,,,,,,,,,,,,,,,,,,,,,,,,,,,,,,,,,,,,,,,,,,,,,,,,
142700,28-Jun-17,8:06:01,2,38,127,210,0,4,28.63899994,-82.72198486,6/27/17 12:24,28.63508415,-82.70519257,,,0.2,0.8,,,,15,10,11127,,,,25,23207,,,,31,32732,,,,14,18074,,,,,,,,,,,,,,,,,,,,,,,,,,,,,,,,,,,,,,,,,,,,,,,,,,,,,,,,,,
142700,3-Jul-17,21:30:46,1,38,148,229,0,7,28.65698242,-82.73228455,31:23.9,28.65698242,-82.73228455,,,9.2,-0.1,,,,15,12,10211,,,,17,19499,,,,6,30438,,,,2,10618,,,,5,24251,,,,9,10916,,,,19,30808,,,,,,,,,,,,,,,,,,,,,,,,,,,,,,,,,,,,,,,,,,,
142700,5-Jul-17,11:46:48,1,39,154,234,0,6,28.63189507,-82.73069,47:27.3,28.63189507,-82.73069,,1,5.5,0.3,,,,15,27,19582,,,,4,2647,,,,26,9139,,,,16,17,,,,31,26171,,,,23,4651,,,,,,,,,,,,,,,,,,,,,,,,,,,,,,,,,,,,,,,,,,,,,,,,
142700,5-Jul-17,17:50:16,1,39,155,234,0,8,28.66170883,-82.74517822,50:55.3,28.66170883,-82.74517822,,,17.4,0.3,,,,15,1,16611,,,,7,30912,,,,30,16182,,,,11,22812,,,,17,19717,,,,19,12852,,,,6,13242,,,,28,11357,,,,,,,,,,,,,,,,,,,,,,,,,,,,,,,,,,,,,,
142700,6-Jul-17,0:48:37,1,39,156,237,0,6,28.66201973,-82.74568176,49:16.4,28.66201973,-82.74568176,,,3,0.4,,,,15,29,25052,,,,5,28,,,,20,31092,,,,2,16300,,,,13,27499,,,,25,3443,,,,,,,,,,,,,,,,,,,,,,,,,,,,,,,,,,,,,,,,,,,,,,,,
142700,6-Jul-17,19:39:58,1,38,159,239,0,7,28.66187477,-82.7283783,40:37.4,28.66187477,-82.7283783,,1,11.4,1.4,,,,15,17,30432,,,,3,30239,,,,6,397,,,,2,21637,,,,19,22138,,,,24,16428,,,,28,32027,,,,,,,,,,,,,,,,,,,,,,,,,,,,,,,,,,,,,,,,,,,
142700,7-Jul-17,7:47:41,2,38,161,,0,8,28.6662159,-82.71035767,48:19.9,28.6662159,-82.71035767,,1,11.9,0.9,,,,15,31,17202,,,,4,12459,,,,14,128,,,,10,5223,,,,22,15667,,,,25,11013,,,,12,18742,,,,18,200,,,,,,,,,,,,,,,,,,,,,,,,,,,,,,,,,,,,,,
142700,8-Jul-17,3:35:55,1,38,164,245,0,7,28.65946198,-82.71736145,36:33.4,28.65946198,-82.71736145,,,10.6,0.4,,,,15,21,20586,,,,18,21163,,,,29,11164,,,,10,8646,,,,24,23135,,,,20,4805,,,,15,17538,,,,,,,,,,,,,,,,,,,,,,,,,,,,,,,,,,,,,,,,,,,
142700,9-Jul-17,6:14:08,1,38,168,,0,8,28.64757919,-82.71303558,14:46.9,28.64757919,-82.71303558,,,7.9,0.9,,,,15,10,18187,,,,18,12794,,,,31,30211,,,,21,25900,,,,25,5063,,,,24,25684,,,,12,19756,,,,14,25644,,,,,,,,,,,,,,,,,,,,,,,,,,,,,,,,,,,,,,
142700,10-Jul-17,15:39:04,1,38,173,261,0,7,28.65865898,-82.72718048,39:43.5,28.65865898,-82.72718048,,,5,1.5,,,,15,7,15094,,,,17,4414,,,,30,25170,,,,28,3548,,,,1,20850,,,,11,19136,,,,8,31668,,,,,,,,,,,,,,,,,,,,,,,,,,,,,,,,,,,,,,,,,,,
142700,11-Jul-17,17:05:19,1,38,177,,0,9,28.67227936,-82.73075867,7/11/17 17:05,28.67227936,-82.73075867,,,12.4,1,,,,15,7,27260,,,,1,13420,,,,17,11764,,,,30,32699,,,,19,2948,,,,22,29137,,,,28,22402,,,,11,7481,,,,3,3782,,,,,,,,,,,,,,,,,,,,,,,,,,,,,,,,,
142700,11-Jul-17,23:58:29,1,38,178,268,0,5,28.66842651,-82.7297821,59:07.0,28.66842651,-82.72977448,,,10.6,0,,,,15,5,20328,,,,29,26539,,,,15,28883,,,,2,1445,,,,13,29033,,,,,,,,,,,,,,,,,,,,,,,,,,,,,,,,,,,,,,,,,,,,,,,,,,,,,
142700,13-Jul-17,13:19:11,1,39,184,271,0,6,28.66383553,-82.72805786,19:50.1,28.66383553,-82.72805786,,,8.3,0.1,,,,15,7,12147,,,,23,24660,,,,8,12400,,,,11,21311,,,,9,17493,,,,27,30054,,,,,,,,,,,,,,,,,,,,,,,,,,,,,,,,,,,,,,,,,,,,,,,,
142700,14-Jul-17,2:05:00,1,39,186,273,0,4,28.65999985,-82.70700073,7/15/17 0:12,28.66222572,-82.72426605,,,0.5,0.5,,,,15,15,29845,,,,29,11760,,,,21,2510,,,,18,21406,,,,,,,,,,,,,,,,,,,,,,,,,,,,,,,,,,,,,,,,,,,,,,,,,,,,,,,,,,
142700,15-Jul-17,4:07:38,1,39,190,277,0,6,28.66240692,-82.71094513,08:17.5,28.66240692,-82.71094513,,,7,0.5,,,,15,10,30296,,,,18,13160,,,,21,11805,,,,15,10540,,,,20,1508,,,,24,13701,,,,,,,,,,,,,,,,,,,,,,,,,,,,,,,,,,,,,,,,,,,,,,,,
142700,16-Jul-17,2:53:23,1,39,193,291,0,6,28.65996361,-82.72626495,54:01.1,28.65996361,-82.72626495,,,2.8,-0.9,,,,15,15,1538,,,,20,14211,,,,24,27830,,,,21,28658,,,,18,31207,,,,10,8611,,,,,,,,,,,,,,,,,,,,,,,,,,,,,,,,,,,,,,,,,,,,,,,,
142700,17-Jul-17,12:53:24,1,39,198,304,0,7,28.66764259,-82.72638702,54:02.1,28.66764259,-82.72638702,,,14.6,-0.9,,,,15,7,19408,,,,8,13611,,,,27,26384,,,,11,20241,,,,23,19495,,,,16,26614,,,,9,24395,,,,,,,,,,,,,,,,,,,,,,,,,,,,,,,,,,,,,,,,,,,
142700,21-Jul-17,23:34:23,2,39,214,336,0,5,28.65797615,-82.72628021,35:01.7,28.65797615,-82.72628021,,,13.4,-0.3,,,,15,29,24041,,,,5,6293,,,,2,2669,,,,20,3360,,,,13,24216,,,,,,,,,,,,,,,,,,,,,,,,,,,,,,,,,,,,,,,,,,,,,,,,,,,,,
142700,22-Jul-17,5:41:07,1,39,215,336,0,5,28.65412712,-82.72278595,41:45.7,28.65412712,-82.72278595,,,9.7,-0.3,,,,15,31,20511,,,,14,6241,,,,10,16684,,,,18,6608,,,,12,11884,,,,,,,,,,,,,,,,,,,,,,,,,,,,,,,,,,,,,,,,,,,,,,,,,,,,,
142700,24-Jul-17,9:07:36,2,39,223,346,0,6,28.66357422,-82.71772003,08:14.8,28.66357422,-82.71772003,,,8,-0.2,,,,15,26,13922,,,,16,7420,,,,22,17774,,,,31,18289,,,,23,460,,,,3,3590,,,,,,,,,,,,,,,,,,,,,,,,,,,,,,,,,,,,,,,,,,,,,,,,
142700,24-Jul-17,15:10:07,1,39,224,346,0,6,28.65859413,-82.72463989,10:45.2,28.65859413,-82.72463989,,,3.5,-0.8,,,,15,7,15553,,,,1,27669,,,,30,9438,,,,17,11739,,,,11,31345,,,,28,16036,,,,,,,,,,,,,,,,,,,,,,,,,,,,,,,,,,,,,,,,,,,,,,,,
142708,1-Jun-16,16:53:00,3,12,30,5,0,7,,,,28.65454865,-82.71660614,,,5.8,-1.2,,,,15,27,5445,,,,8,31126,,,,9,12244,,,,23,29376,,,,7,8246,,,,16,31436,,,,30,27482,,,,,,,,,,,,,,,,,,,,,,,,,,,,,,,,,,,,,,,,,,,
142708,2-Jun-16,20:40:13,1,12,34,,0,9,28.742939,-82.73578644,40:24.6,28.742939,-82.73578644,,,8,-0.4,,,,15,28,26466,,,,1,27534,,,,7,20303,,,,17,32199,,,,30,17324,,,,11,29826,,,,22,15992,,,,19,19185,,,,3,22426,,,,,,,,,,,,,,,,,,,,,,,,,,,,,,,,,
142708,3-Jun-16,21:29:03,1,12,38,17,0,6,28.74696159,-82.72691345,29:14.1,28.74696159,-82.72691345,,,5,-0.8,,,,15,30,26299,,,,6,5023,,,,19,10024,,,,28,6324,,,,22,9152,,,,3,5934,,,,,,,,,,,,,,,,,,,,,,,,,,,,,,,,,,,,,,,,,,,,,,,,
142708,6-Jun-16,1:22:24,1,12,46,29,0,8,28.73881912,-82.73928833,22:35.1,28.73881912,-82.73928833,,,11.2,-0.9,,,,15,12,2801,,,,5,29299,,,,2,4350,,,,19,29026,,,,6,10490,,,,17,27672,,,,25,10342,,,,9,29719,,,,,,,,,,,,,,,,,,,,,,,,,,,,,,,,,,,,,,
142708,7-Jun-16,3:08:14,2,12,50,34,0,4,28.75499916,-82.78900146,6/7/16 12:33,28.74849319,-82.73545837,,,0.5,-0.3,,,,15,2,22500,,,,5,24564,,,,12,25916,,,,20,9762,,,,,,,,,,,,,,,,,,,,,,,,,,,,,,,,,,,,,,,,,,,,,,,,,,,,,,,,,,
142708,7-Jun-16,9:16:05,4,12,51,34,0,6,28.76185608,-82.74172974,16:17.1,28.76185608,-82.74172974,,,6.2,0.1,,,,15,31,14976,,,,10,1450,,,,18,14259,,,,14,28751,,,,25,14300,,,,12,20941,,,,,,,,,,,,,,,,,,,,,,,,,,,,,,,,,,,,,,,,,,,,,,,,
142708,7-Jun-16,22:22:48,1,12,53,38,0,6,28.79708862,-82.91446686,22:59.8,28.79708862,-82.91446686,,,11.1,-0.2,,,,15,6,32507,,,,28,26959,,,,17,19606,,,,2,27792,,,,19,20294,,,,24,12212,,,,,,,,,,,,,,,,,,,,,,,,,,,,,,,,,,,,,,,,,,,,,,,,
142708,8-Jun-16,4:31:02,1,12,54,38,0,8,28.8124752,-82.94042206,31:12.7,28.8124752,-82.94042206,,,6.3,-1.3,,,,15,5,29921,,,,15,21250,,,,2,22770,,,,13,119,,,,20,29012,,,,21,21229,,,,29,11786,,,,18,5487,,,,,,,,,,,,,,,,,,,,,,,,,,,,,,,,,,,,,,
142708,8-Jun-16,19:03:06,1,12,56,46,0,7,28.81470299,-82.91105652,03:16.7,28.81470299,-82.91105652,,,4.7,-1.3,,,,15,11,17777,,,,17,16492,,,,30,18023,,,,7,21694,,,,1,17624,,,,8,29033,,,,28,6345,,,,,,,,,,,,,,,,,,,,,,,,,,,,,,,,,,,,,,,,,,,
142708,10-Jun-16,14:41:42,1,12,63,50,0,8,28.73005486,-82.9108429,41:53.2,28.73005486,-82.9108429,,,8,-0.8,,,,15,23,25886,,,,27,20632,,,,3,30765,,,,9,25380,,,,16,24234,,,,22,10324,,,,26,29168,,,,31,17111,,,,,,,,,,,,,,,,,,,,,,,,,,,,,,,,,,,,,,
142708,11-Jun-16,9:59:46,1,12,66,54,0,4,28.73500061,-82.89599609,6/11/16 11:47,,,,,,,,,,15,10,28060,,,,31,3040,,,,25,30798,,,,4,10806,,,,,,,,,,,,,,,,,,,,,,,,,,,,,,,,,,,,,,,,,,,,,,,,,,,,,,,,,,
142708,11-Jun-16,16:34:25,1,12,67,56,0,7,28.73019218,-82.91398621,34:35.8,28.73019218,-82.91398621,,,11,-1.2,,,,15,8,2453,,,,27,11380,,,,9,1314,,,,23,1238,,,,11,12283,,,,7,10661,,,,30,8174,,,,,,,,,,,,,,,,,,,,,,,,,,,,,,,,,,,,,,,,,,,
142708,11-Jun-16,22:53:40,1,12,68,57,0,7,28.73057365,-82.91585541,53:51.3,28.73057365,-82.91585541,,,14,-0.7,,,,15,6,868,,,,19,28978,,,,17,21944,,,,2,8436,,,,12,26880,,,,28,14636,,,,24,12634,,,,,,,,,,,,,,,,,,,,,,,,,,,,,,,,,,,,,,,,,,,
142708,14-Jun-16,3:28:29,1,12,76,71,0,6,28.7205658,-82.91639709,28:41.3,28.7205658,-82.91639709,,,6.2,0.3,,,,15,13,13946,,,,15,12214,,,,5,17192,,,,2,19442,,,,20,1069,,,,12,10147,,,,,,,,,,,,,,,,,,,,,,,,,,,,,,,,,,,,,,,,,,,,,,,,
142708,14-Jun-16,12:26:59,1,12,77,81,0,7,28.74139595,-82.90813446,27:10.8,28.74139595,-82.90813446,,1,7.7,-0.2,,,,15,16,30217,,,,26,22632,,,,22,29421,,,,3,25384,,,,4,633,,,,31,16533,,,,23,30819,,,,,,,,,,,,,,,,,,,,,,,,,,,,,,,,,,,,,,,,,,,
142708,16-Jun-16,9:46:03,1,12,84,92,0,6,28.73985291,-82.93293762,46:14.8,28.73985291,-82.93293762,,,9.1,-0.2,,,,15,31,16569,,,,25,4180,,,,10,20796,,,,14,5198,,,,18,27916,,,,1,31720,,,,,,,,,,,,,,,,,,,,,,,,,,,,,,,,,,,,,,,,,,,,,,,,
142708,16-Jun-16,16:45:33,1,12,85,95,0,7,28.75212097,-82.92532349,45:43.8,28.75212097,-82.92532349,,,7.1,-1.2,,,,15,8,4970,,,,11,26437,,,,9,9887,,,,23,17922,,,,27,32150,,,,7,1257,,,,16,20419,,,,,,,,,,,,,,,,,,,,,,,,,,,,,,,,,,,,,,,,,,,
142708,18-Jun-16,18:28:59,1,12,93,100,0,4,28.75499916,-82.92300415,6/18/16 15:35,28.76298332,-82.92887878,,,0.8,0.4,,,,15,30,19586,,,,7,5843,,,,11,2241,,,,1,16813,,,,,,,,,,,,,,,,,,,,,,,,,,,,,,,,,,,,,,,,,,,,,,,,,,,,,,,,,,
142708,21-Jun-16,13:35:16,2,12,103,120,0,7,28.7435379,-82.91265106,35:27.9,28.7435379,-82.91265106,,,9.4,-0.1,,,,15,22,2366,,,,16,8953,,,,23,18897,,,,27,8203,,,,26,18757,,,,31,24216,,,,3,7742,,,,,,,,,,,,,,,,,,,,,,,,,,,,,,,,,,,,,,,,,,,
142708,22-Jun-16,8:23:21,2,12,106,122,0,7,28.75065804,-82.92139435,23:33.4,28.75065804,-82.92139435,,,8.7,0.4,,,,15,10,24772,,,,12,11516,,,,18,18776,,,,25,20235,,,,14,11318,,,,21,4000,,,,31,27840,,,,,,,,,,,,,,,,,,,,,,,,,,,,,,,,,,,,,,,,,,,
142708,23-Jun-16,12:02:11,3,12,110,132,0,8,28.78194809,-82.92446136,02:23.4,28.78194809,-82.92446136,,1,11,0.4,,,,15,4,18099,,,,3,8567,,,,26,25065,,,,16,30056,,,,22,22240,,,,31,23866,,,,23,9874,,,,14,24950,,,,,,,,,,,,,,,,,,,,,,,,,,,,,,,,,,,,,,
142708,24-Jun-16,20:33:48,2,12,115,140,0,6,28.7524128,-82.89120483,34:00.5,28.7524128,-82.89120483,,,6.1,0.5,,,,15,17,8106,,,,6,7404,,,,19,364,,,,28,30810,,,,2,13440,,,,30,2786,,,,,,,,,,,,,,,,,,,,,,,,,,,,,,,,,,,,,,,,,,,,,,,,
142708,25-Jun-16,3:40:57,2,12,116,143,0,6,28.73633575,-82.93564606,41:08.9,28.73633575,-82.93564606,,,7.5,-0.1,,,,15,15,7975,,,,5,12466,,,,13,3173,,,,21,18146,,,,29,14714,,,,20,20269,,,,,,,,,,,,,,,,,,,,,,,,,,,,,,,,,,,,,,,,,,,,,,,,
142708,25-Jun-16,22:09:15,2,12,119,144,0,5,28.78149796,-82.88861847,09:27.5,28.78149796,-82.88861847,,,2.6,0.5,,,,15,12,4451,,,,6,16474,,,,2,27080,,,,19,21059,,,,17,5652,,,,,,,,,,,,,,,,,,,,,,,,,,,,,,,,,,,,,,,,,,,,,,,,,,,,,
142708,26-Jun-16,4:09:23,1,12,120,144,0,6,28.78380585,-82.89949036,09:34.5,28.78380585,-82.89949036,,,4,-0.5,,,,15,21,30533,,,,5,29666,,,,15,11813,,,,24,12747,,,,13,31414,,,,29,7203,,,,,,,,,,,,,,,,,,,,,,,,,,,,,,,,,,,,,,,,,,,,,,,,
142708,26-Jun-16,11:11:50,1,12,121,147,0,5,28.78300095,-82.90100098,6/26/16 21:54,28.78717995,-82.88736725,,1,0.4,0.7,,,,15,4,11569,,,,26,28480,,,,16,32467,,,,31,15566,,,,14,3521,,,,,,,,,,,,,,,,,,,,,,,,,,,,,,,,,,,,,,,,,,,,,,,,,,,,,
142708,27-Jun-16,23:33:43,1,12,127,147,0,6,28.72826195,-82.91490173,33:54.5,28.72826195,-82.91490173,,,5.2,-0.5,,,,15,5,31769,,,,6,18508,,,,2,399,,,,17,14859,,,,25,17010,,,,12,26151,,,,,,,,,,,,,,,,,,,,,,,,,,,,,,,,,,,,,,,,,,,,,,,,
142708,29-Jun-16,13:20:02,2,13,133,152,0,4,28.65099907,-82.92498779,6/29/16 11:01,28.61999512,-82.93235779,,,0.4,-0.5,,,,15,9,12667,,,,23,9018,,,,16,26502,,,,3,2556,,,,,,,,,,,,,,,,,,,,,,,,,,,,,,,,,,,,,,,,,,,,,,,,,,,,,,,,,,
142708,30-Jun-16,2:30:03,1,13,135,156,0,6,28.51377106,-82.91693115,30:14.6,28.51377106,-82.91693115,,,10.2,-1.4,,,,15,5,14317,,,,20,17329,,,,29,15481,,,,15,19386,,,,21,28322,,,,13,1495,,,,,,,,,,,,,,,,,,,,,,,,,,,,,,,,,,,,,,,,,,,,,,,,
142708,30-Jun-16,15:06:20,1,13,137,157,0,7,28.5560894,-82.91488647,06:31.1,28.5560894,-82.91488647,,,11.6,-1.9,,,,15,8,10807,,,,23,7124,,,,9,20232,,,,11,16373,,,,7,20686,,,,16,8490,,,,27,13677,,,,,,,,,,,,,,,,,,,,,,,,,,,,,,,,,,,,,,,,,,,
142708,1-Jul-16,3:07:39,1,12,139,,0,9,28.64585686,-82.94174957,07:50.1,28.64585686,-82.94174957,,,12.3,-0.9,,,,15,15,6241,,,,13,21710,,,,5,5249,,,,29,1302,,,,2,19183,,,,21,29754,,,,24,25843,,,,20,27377,,,,18,28179,,,,,,,,,,,,,,,,,,,,,,,,,,,,,,,,,
142708,1-Jul-16,16:34:53,2,12,141,161,0,7,28.64431763,-82.94232178,35:05.6,28.64431763,-82.94232178,,,7.5,0.6,,,,15,7,28536,,,,11,14822,,,,8,3484,,,,30,16790,,,,1,11739,,,,17,22529,,,,9,458,,,,,,,,,,,,,,,,,,,,,,,,,,,,,,,,,,,,,,,,,,,
142708,3-Jul-16,0:06:17,1,12,146,165,0,5,28.64541626,-82.94174194,06:28.6,28.64541626,-82.94174194,,,7.3,-0.4,,,,15,2,19179,,,,25,13698,,,,12,22046,,,,29,29740,,,,5,13758,,,,,,,,,,,,,,,,,,,,,,,,,,,,,,,,,,,,,,,,,,,,,,,,,,,,,
142708,3-Jul-16,6:11:34,1,13,147,165,0,7,28.64365959,-82.93962097,11:45.5,28.64365959,-82.93962097,,,6.4,-1.5,,,,15,10,22784,,,,21,4391,,,,18,22689,,,,15,18041,,,,24,644,,,,14,8003,,,,20,25748,,,,,,,,,,,,,,,,,,,,,,,,,,,,,,,,,,,,,,,,,,,
142708,3-Jul-16,12:33:39,1,13,148,166,0,5,28.64599991,-82.92599487,7/4/16 12:25,28.64398956,-82.94244385,,1,0.6,-1.9,,,,15,26,14707,,,,4,32630,,,,3,27483,,,,16,9994,,,,31,15944,,,,,,,,,,,,,,,,,,,,,,,,,,,,,,,,,,,,,,,,,,,,,,,,,,,,,
142708,3-Jul-16,18:38:39,1,13,149,166,0,6,28.64443398,-82.94250488,38:50.6,28.64443398,-82.94250488,,,12.8,-1.4,,,,15,30,23904,,,,17,22927,,,,28,24370,,,,19,28194,,,,11,26688,,,,3,22080,,,,,,,,,,,,,,,,,,,,,,,,,,,,,,,,,,,,,,,,,,,,,,,,
142708,4-Jul-16,16:06:02,1,13,152,175,0,7,28.6435833,-82.9434433,06:13.6,28.6435833,-82.9434433,,,6.6,-1.4,,,,15,7,19110,,,,8,3032,,,,23,10820,,,,9,10344,,,,30,15830,,,,11,31914,,,,28,22568,,,,,,,,,,,,,,,,,,,,,,,,,,,,,,,,,,,,,,,,,,,
142708,4-Jul-16,22:15:17,1,12,153,175,0,6,28.64393997,-82.95065308,15:28.6,28.64393997,-82.95065308,,,22.5,-0.4,,,,15,2,27205,,,,12,7022,,,,5,17287,,,,17,2675,,,,19,13068,,,,9,6858,,,,,,,,,,,,,,,,,,,,,,,,,,,,,,,,,,,,,,,,,,,,,,,,
142708,5-Jul-16,4:20:31,2,12,154,,0,8,28.64871597,-82.94609833,20:42.1,28.64871597,-82.94609833,,,11.2,-0.9,,,,15,18,21672,,,,13,26942,,,,20,31818,,,,29,32279,,,,21,2252,,,,24,6020,,,,15,26442,,,,5,28692,,,,,,,,,,,,,,,,,,,,,,,,,,,,,,,,,,,,,,
142708,5-Jul-16,22:45:03,1,13,157,176,0,5,28.64379883,-82.94561005,45:14.5,28.64376068,-82.94566345,,,5,-1.5,,,,15,12,10529,,,,5,17605,,,,19,27836,,,,2,1485,,,,17,27191,,,,,,,,,,,,,,,,,,,,,,,,,,,,,,,,,,,,,,,,,,,,,,,,,,,,,
142708,6-Jul-16,4:54:40,1,12,158,176,0,6,28.64426804,-82.94288635,54:51.1,28.64426804,-82.94288635,,,14.7,-0.9,,,,15,15,15718,,,,20,12832,,,,24,13590,,,,10,25845,,,,18,17445,,,,21,3932,,,,,,,,,,,,,,,,,,,,,,,,,,,,,,,,,,,,,,,,,,,,,,,,
142708,6-Jul-16,16:55:10,1,12,160,176,0,7,28.73381805,-82.91468811,55:21.1,28.73381805,-82.91468811,,,6.8,-0.9,,,,15,30,8598,,,,7,5410,,,,1,5890,,,,11,32462,,,,8,22491,,,,17,15609,,,,28,25873,,,,,,,,,,,,,,,,,,,,,,,,,,,,,,,,,,,,,,,,,,,
142708,9-Jul-16,23:49:38,1,12,172,197,0,7,28.73711395,-82.7382431,49:50.7,28.73711395,-82.7382431,,,7.3,0.7,,,,15,12,10948,,,,5,6997,,,,29,26315,,,,25,32445,,,,2,30724,,,,6,5739,,,,20,2084,,,,,,,,,,,,,,,,,,,,,,,,,,,,,,,,,,,,,,,,,,,
142708,10-Jul-16,22:27:00,2,12,175,212,0,6,28.73984528,-82.7470932,27:11.7,28.73984528,-82.7470932,,,2.6,-0.3,,,,15,17,32669,,,,12,21568,,,,5,3382,,,,19,821,,,,2,10799,,,,6,30909,,,,,,,,,,,,,,,,,,,,,,,,,,,,,,,,,,,,,,,,,,,,,,,,
142708,17-Jul-16,0:55:20,1,13,196,272,0,4,28.74500084,-82.72900391,7/16/16 2:37,28.73985672,-82.74654388,,,0.3,-1.2,,,,15,15,13862,,,,13,13764,,,,5,16516,,,,25,25424,,,,,,,,,,,,,,,,,,,,,,,,,,,,,,,,,,,,,,,,,,,,,,,,,,,,,,,,,,
142708,18-Jul-16,18:25:07,1,13,202,283,0,4,28.74900055,-82.73999023,7/18/16 22:42,28.74761772,-82.73395538,,,0.2,-0.6,,,,15,3,8266,,,,28,9348,,,,17,31064,,,,6,579,,,,,,,,,,,,,,,,,,,,,,,,,,,,,,,,,,,,,,,,,,,,,,,,,,,,,,,,,,
142708,30-Jul-16,16:42:36,1,13,234,476,0,7,28.74283409,-82.73891449,7/30/16 16:42,28.74283409,-82.73891449,,,5.5,,,,,15,1,31491,,,,30,19304,,,,11,2686,,,,17,1042,,,,19,2747,,,,3,29107,,,,28,4487,,,,,,,,,,,,,,,,,,,,,,,,,,,,,,,,,,,,,,,,,,,
142710,7-Jul-15,18:07:00,7,2,39,,0,9,,,,28.65621567,-82.71749115,,,8.9,-0.4,,,,15,30,8463,,,,7,21230,,,,17,559,,,,1,21167,,,,28,7986,,,,4,7936,,,,19,794,,,,13,1964,,,,11,3080,,,,,,,,,,,,,,,,,,,,,,,,,,,,,,,,,
142710,8-Jul-15,3:46:00,1,2,40,17,0,7,28.64024162,-82.70308685,46:01.4,28.64024162,-82.70308685,,,9.6,-0.6,,,,15,21,2094,,,,5,18337,,,,13,1074,,,,20,22472,,,,15,9159,,,,29,24199,,,,2,9325,,,,,,,,,,,,,,,,,,,,,,,,,,,,,,,,,,,,,,,,,,,
142710,8-Jul-15,16:07:42,2,1,42,18,0,4,28.64100075,-82.70300293,7/8/15 11:25,28.61777496,-82.73956299,,,0.5,1,,,,15,19,22719,,,,7,14610,,,,16,21946,,,,11,32075,,,,,,,,,,,,,,,,,,,,,,,,,,,,,,,,,,,,,,,,,,,,,,,,,,,,,,,,,,
142710,8-Jul-15,22:54:55,2,1,43,21,0,6,28.63119888,-82.71367645,54:56.4,28.63119888,-82.71367645,,,9,0.4,,,,15,17,4948,,,,12,29256,,,,6,6896,,,,10,4469,,,,2,7380,,,,5,11597,,,,,,,,,,,,,,,,,,,,,,,,,,,,,,,,,,,,,,,,,,,,,,,,
142710,9-Jul-15,11:39:55,2,1,45,23,0,6,28.63743591,-82.70359802,39:56.9,28.63743591,-82.70359802,,,7.4,0.9,,,,15,26,14490,,,,3,27550,,,,16,6226,,,,31,20371,,,,23,6664,,,,14,7035,,,,,,,,,,,,,,,,,,,,,,,,,,,,,,,,,,,,,,,,,,,,,,,,
142710,9-Jul-15,23:56:00,1,3,47,24,0,5,28.57725525,-82.75946808,56:01.5,28.57725525,-82.75946808,,,7.3,-1.5,,,,15,12,20088,,,,10,2882,,,,6,14683,,,,2,4955,,,,5,20295,,,,,,,,,,,,,,,,,,,,,,,,,,,,,,,,,,,,,,,,,,,,,,,,,,,,,
142710,11-Jul-15,7:42:57,1,1,52,27,0,4,28.59499931,-82.74099731,7/10/15 10:21,28.64611816,-82.70063782,,,0.1,0.6,,,,15,18,20389,,,,22,10692,,,,14,8291,,,,21,15943,,,,,,,,,,,,,,,,,,,,,,,,,,,,,,,,,,,,,,,,,,,,,,,,,,,,,,,,,,
142710,12-Jul-15,10:28:01,1,3,56,34,0,6,28.66532135,-82.70602417,28:03.0,28.66532135,-82.70602417,,,8,-1,,,,15,31,18872,,,,26,20815,,,,22,30704,,,,1,23954,,,,14,13258,,,,3,5693,,,,,,,,,,,,,,,,,,,,,,,,,,,,,,,,,,,,,,,,,,,,,,,,
142710,13-Jul-15,20:34:14,1,3,61,48,0,4,28.66699982,-82.71200562,7/14/15 15:23,28.65695763,-82.70539093,,,0.2,-0.9,,,,15,17,12811,,,,28,32327,,,,3,6661,,,,6,17502,,,,,,,,,,,,,,,,,,,,,,,,,,,,,,,,,,,,,,,,,,,,,,,,,,,,,,,,,,
142710,19-Jul-15,2:19:18,1,3,80,85,0,8,28.66077423,-82.72821045,19:19.2,28.66077423,-82.72821045,,,0.7,-1.8,,,,15,5,8480,,,,2,19294,,,,29,7022,,,,20,29910,,,,13,7612,,,,15,15235,,,,18,6204,,,,21,5081,,,,,,,,,,,,,,,,,,,,,,,,,,,,,,,,,,,,,,
142710,19-Jul-15,22:18:27,1,3,83,92,0,8,28.66451454,-82.73553467,18:28.7,28.66451454,-82.73553467,,1,10.3,-1.3,,,,15,12,7218,,,,17,13615,,,,6,12075,,,,10,29052,,,,2,245,,,,5,3345,,,,28,25049,,,,9,15692,,,,,,,,,,,,,,,,,,,,,,,,,,,,,,,,,,,,,,
142710,20-Jul-15,23:40:26,1,2,87,,0,9,28.66831207,-82.74304199,40:28.3,28.66831207,-82.74304199,,1,11.4,0.3,,,,15,5,13198,,,,2,2769,,,,25,25510,,,,6,17889,,,,17,20732,,,,29,19276,,,,12,7348,,,,10,18474,,,,20,2760,,,,,,,,,,,,,,,,,,,,,,,,,,,,,,,,,
142710,21-Jul-15,19:27:56,1,3,90,103,0,7,28.66856384,-82.74407959,27:57.8,28.66856384,-82.74407959,,,6.8,-1.2,,,,15,17,7060,,,,28,1300,,,,30,892,,,,6,22922,,,,1,9910,,,,3,6236,,,,11,22002,,,,,,,,,,,,,,,,,,,,,,,,,,,,,,,,,,,,,,,,,,,
142710,23-Jul-15,4:04:59,1,3,95,,0,9,28.67656326,-82.74095917,05:00.3,28.67656326,-82.74095917,,1,11.6,-1.7,,,,15,29,16704,,,,15,30478,,,,20,648,,,,24,17499,,,,18,27757,,,,13,27700,,,,21,14226,,,,8,7260,,,,14,18086,,,,,,,,,,,,,,,,,,,,,,,,,,,,,,,,,
142710,24-Jul-15,12:19:28,1,3,100,,0,8,28.67798042,-82.72834015,19:30.4,28.67798042,-82.72834015,,1,10.2,-0.6,,,,15,8,30393,,,,23,4196,,,,16,16119,,,,27,12491,,,,26,534,,,,3,32254,,,,31,22115,,,,19,29244,,,,,,,,,,,,,,,,,,,,,,,,,,,,,,,,,,,,,,
142710,25-Jul-15,4:58:58,1,3,102,135,0,8,28.68188286,-82.7287674,58:59.9,28.68188286,-82.7287674,,1,2.2,-1.1,,,,15,18,17562,,,,15,19146,,,,24,20893,,,,20,14996,,,,22,18732,,,,14,24332,,,,8,19492,,,,21,11089,,,,,,,,,,,,,,,,,,,,,,,,,,,,,,,,,,,,,,
142710,25-Jul-15,23:35:12,2,2,105,137,0,7,28.67315292,-82.73555756,35:13.9,28.67315292,-82.73555756,,,4.8,-0.1,,,,15,5,2467,,,,12,24099,,,,2,5658,,,,25,18073,,,,20,3443,,,,29,17790,,,,6,24170,,,,,,,,,,,,,,,,,,,,,,,,,,,,,,,,,,,,,,,,,,,
142710,26-Jul-15,6:49:54,2,2,106,141,0,8,28.68147278,-82.7208786,49:55.4,28.68147278,-82.7208786,,,11.4,-0.6,,,,15,22,18735,,,,18,7178,,,,31,11643,,,,21,13364,,,,14,5918,,,,12,17480,,,,25,28488,,,,4,27480,,,,,,,,,,,,,,,,,,,,,,,,,,,,,,,,,,,,,,
142710,27-Jul-15,7:26:04,1,2,110,143,0,6,28.68323135,-82.73214722,26:05.9,28.68323135,-82.73214722,,,1.3,-0.1,,,,15,22,31895,,,,31,29239,,,,14,13202,,,,18,19150,,,,4,31696,,,,25,5075,,,,,,,,,,,,,,,,,,,,,,,,,,,,,,,,,,,,,,,,,,,,,,,,
142710,27-Jul-15,13:27:04,1,2,111,143,0,8,28.67273521,-82.73506165,27:05.4,28.67273521,-82.73506165,,1,14.2,-0.6,,,,15,23,7248,,,,19,3147,,,,9,16598,,,,8,14026,,,,7,26748,,,,16,28368,,,,27,31386,,,,26,28375,,,,,,,,,,,,,,,,,,,,,,,,,,,,,,,,,,,,,,
142710,28-Jul-15,1:28:49,1,2,113,143,0,7,28.68248749,-82.73466492,28:50.6,28.68248749,-82.73466492,,,10.1,-0.4,,,,15,15,19505,,,,5,20709,,,,2,19932,,,,13,9277,,,,29,507,,,,20,712,,,,21,3251,,,,,,,,,,,,,,,,,,,,,,,,,,,,,,,,,,,,,,,,,,,
142710,28-Jul-15,13:46:51,1,2,115,143,0,8,28.67290306,-82.73233795,46:53.0,28.67290306,-82.73233795,,1,5.7,0,,,,15,19,30621,,,,9,18348,,,,23,6983,,,,8,18556,,,,27,13467,,,,16,14543,,,,7,290,,,,11,28790,,,,,,,,,,,,,,,,,,,,,,,,,,,,,,,,,,,,,,
142710,30-Jul-15,6:22:32,1,3,121,,0,9,28.68680954,-82.73717499,22:33.0,28.68680954,-82.73717499,,,5.8,-2,,,,15,18,16134,,,,31,2433,,,,21,29361,,,,14,5088,,,,24,516,,,,22,2662,,,,25,29421,,,,12,4321,,,,4,26771,,,,,,,,,,,,,,,,,,,,,,,,,,,,,,,,,
142710,31-Jul-15,2:09:05,2,3,124,164,0,8,28.68334007,-82.74423981,09:07.6,28.68334007,-82.74423981,,,10.5,-0.4,,,,15,15,391,,,,29,21136,,,,13,31812,,,,20,16996,,,,2,2046,,,,18,19692,,,,21,9260,,,,5,12425,,,,,,,,,,,,,,,,,,,,,,,,,,,,,,,,,,,,,,
142710,31-Jul-15,8:11:28,2,3,125,,0,8,28.68695068,-82.73845673,11:30.0,28.68695068,-82.73845673,,,3.4,-1,,,,15,14,13792,,,,22,1906,,,,31,27964,,,,25,28858,,,,26,9066,,,,12,3579,,,,4,4814,,,,1,29552,,,,,,,,,,,,,,,,,,,,,,,,,,,,,,,,,,,,,,
142710,31-Jul-15,20:30:31,1,3,127,165,0,7,28.67309761,-82.73330688,30:33.1,28.67309761,-82.73330688,,1,12,-0.9,,,,15,6,8933,,,,17,844,,,,3,14636,,,,12,25410,,,,2,27708,,,,10,728,,,,28,31415,,,,,,,,,,,,,,,,,,,,,,,,,,,,,,,,,,,,,,,,,,,
142710,1-Aug-15,21:51:57,2,3,130,190,0,7,28.67648697,-82.73799133,51:59.1,28.67648697,-82.73799133,,1,6,-0.9,,,,15,5,23525,,,,6,10504,,,,17,14107,,,,2,25768,,,,9,22583,,,,10,6954,,,,12,15034,,,,,,,,,,,,,,,,,,,,,,,,,,,,,,,,,,,,,,,,,,,
142710,5-Aug-15,2:55:42,1,3,142,202,0,8,28.67831039,-82.74038696,55:44.2,28.67831039,-82.74039459,,,13.6,-0.8,,,,15,15,30589,,,,13,20172,,,,20,13847,,,,29,6634,,,,18,30586,,,,24,26997,,,,21,31090,,,,5,2080,,,,,,,,,,,,,,,,,,,,,,,,,,,,,,,,,,,,,,
142710,7-Aug-15,6:26:05,1,2,150,213,0,4,28.67465973,-82.73022461,46:33.2,28.68375969,-82.73134613,,,10.1,0.2,,,,15,22,9068,,,,14,767,,,,18,31980,,,,4,22386,,,,,,,,,,,,,,,,,,,,,,,,,,,,,,,,,,,,,,,,,,,,,,,,,,,,,,,,,,
142710,7-Aug-15,12:46:31,1,2,151,214,0,5,28.69000053,-82.73098755,8/8/15 11:19,28.67465973,-82.73022461,,1,0.7,0.2,,,,15,27,5528,,,,23,10340,,,,9,29757,,,,16,18790,,,,8,8067,,,,,,,,,,,,,,,,,,,,,,,,,,,,,,,,,,,,,,,,,,,,,,,,,,,,,
142710,8-Aug-15,16:07:47,1,3,155,225,0,6,28.6686821,-82.73807526,07:49.8,28.6686821,-82.73807526,,,9.7,-0.2,,,,15,30,30852,,,,17,3720,,,,1,10339,,,,4,3811,,,,11,6016,,,,7,15178,,,,,,,,,,,,,,,,,,,,,,,,,,,,,,,,,,,,,,,,,,,,,,,,
142710,10-Aug-15,6:25:46,1,3,161,232,0,7,28.6863842,-82.72911835,25:47.3,28.6863842,-82.72911835,,,14.7,-1.7,,,,15,22,4456,,,,12,11179,,,,31,31919,,,,14,20026,,,,25,5315,,,,18,29331,,,,4,931,,,,,,,,,,,,,,,,,,,,,,,,,,,,,,,,,,,,,,,,,,,
142710,10-Aug-15,18:47:55,2,3,163,233,0,5,28.66360283,-82.73620605,47:56.9,28.66360283,-82.73620605,,,11.4,-1,,,,15,6,7233,,,,28,9444,,,,2,20976,,,,3,11332,,,,17,27501,,,,,,,,,,,,,,,,,,,,,,,,,,,,,,,,,,,,,,,,,,,,,,,,,,,,,
142710,12-Aug-15,8:43:03,1,3,169,,0,8,28.6851635,-82.72209167,43:04.4,28.6851635,-82.72209167,,,10.8,-1.6,,,,15,31,22955,,,,26,26915,,,,14,16418,,,,16,1856,,,,25,28584,,,,3,474,,,,29,30633,,,,22,10816,,,,,,,,,,,,,,,,,,,,,,,,,,,,,,,,,,,,,,
142710,14-Aug-15,0:59:00,1,3,175,253,0,8,28.66751671,-82.74664307,59:01.9,28.66751671,-82.74664307,,,13.3,-1.1,,,,15,15,25785,,,,13,22227,,,,29,3834,,,,18,1908,,,,21,1267,,,,20,26474,,,,2,7667,,,,5,19076,,,,,,,,,,,,,,,,,,,,,,,,,,,,,,,,,,,,,,
142710,15-Aug-15,2:56:47,1,3,179,259,0,7,28.66649055,-82.74582672,56:50.0,28.66649055,-82.74582672,,,4.9,0,,,,15,29,7503,,,,20,14647,,,,24,8492,,,,18,31185,,,,15,11536,,,,22,20904,,,,21,15180,,,,,,,,,,,,,,,,,,,,,,,,,,,,,,,,,,,,,,,,,,,
142710,17-Aug-15,9:02:04,1,3,187,279,0,5,28.678936,-82.73625183,02:06.6,28.678936,-82.73625183,,,8.6,-0.4,,,,15,3,11164,,,,23,4438,,,,31,13784,,,,16,27315,,,,26,22158,,,,,,,,,,,,,,,,,,,,,,,,,,,,,,,,,,,,,,,,,,,,,,,,,,,,,
142710,17-Aug-15,21:35:27,1,3,189,281,0,8,28.67307091,-82.73397064,35:30.0,28.67307091,-82.73397064,,,8.4,0.1,,,,15,5,26306,,,,2,29210,,,,12,10081,,,,6,12478,,,,25,526,,,,9,10655,,,,20,26846,,,,17,9388,,,,,,,,,,,,,,,,,,,,,,,,,,,,,,,,,,,,,,
142710,19-Aug-15,11:48:07,1,3,195,289,0,7,28.67708778,-82.73010254,48:09.6,28.67708778,-82.73010254,,,4.2,-0.4,,,,15,8,18293,,,,19,31658,,,,16,15235,,,,27,8518,,,,9,9461,,,,23,19289,,,,7,17720,,,,,,,,,,,,,,,,,,,,,,,,,,,,,,,,,,,,,,,,,,,
142710,20-Aug-15,18:12:00,2,3,200,290,0,5,28.66330338,-82.73809814,12:03.1,28.66330338,-82.73809814,,,1.2,0.2,,,,15,28,31842,,,,6,6845,,,,17,21228,,,,2,620,,,,3,30645,,,,,,,,,,,,,,,,,,,,,,,,,,,,,,,,,,,,,,,,,,,,,,,,,,,,,
142710,21-Aug-15,0:46:02,1,3,201,292,0,6,28.68143845,-82.7327652,46:04.6,28.68143845,-82.7327652,,,7.6,-0.4,,,,15,15,31651,,,,13,23594,,,,20,12418,,,,5,28629,,,,18,26854,,,,29,14764,,,,,,,,,,,,,,,,,,,,,,,,,,,,,,,,,,,,,,,,,,,,,,,,
142710,21-Aug-15,19:39:04,1,3,204,295,0,7,28.66492653,-82.73565674,39:06.7,28.66492653,-82.73565674,,,9.2,-0.3,,,,15,6,21588,,,,28,9167,,,,12,2620,,,,2,19939,,,,17,8952,,,,24,11486,,,,5,8230,,,,,,,,,,,,,,,,,,,,,,,,,,,,,,,,,,,,,,,,,,,
142710,23-Aug-15,22:32:02,1,3,212,304,0,7,28.67029762,-82.73725891,32:04.2,28.67029762,-82.73725891,,,8.2,-0.8,,,,15,12,28312,,,,5,3518,,,,2,2375,,,,20,10123,,,,29,21414,,,,13,26568,,,,15,26460,,,,,,,,,,,,,,,,,,,,,,,,,,,,,,,,,,,,,,,,,,,
142710,25-Aug-15,1:45:34,1,3,216,315,0,5,28.68169975,-82.73143768,45:36.2,28.68169975,-82.73143768,,,1.9,-0.8,,,,15,29,2,,,,21,22939,,,,22,11430,,,,15,5025,,,,14,2422,,,,,,,,,,,,,,,,,,,,,,,,,,,,,,,,,,,,,,,,,,,,,,,,,,,,,
142710,26-Aug-15,14:25:21,1,3,222,,0,9,28.67728424,-82.730896,25:24.3,28.67728424,-82.730896,,,8.4,0.3,,,,15,7,13680,,,,11,17589,,,,28,16180,,,,1,1898,,,,4,25711,,,,8,18149,,,,30,15627,,,,9,30904,,,,19,15404,,,,,,,,,,,,,,,,,,,,,,,,,,,,,,,,,
142710,28-Aug-15,10:51:06,1,3,229,324,0,7,28.67831421,-82.73705292,51:09.3,28.67831421,-82.73705292,,,7.7,0.3,,,,15,23,25701,,,,27,31462,,,,9,22837,,,,16,13558,,,,19,9398,,,,8,21357,,,,3,21353,,,,,,,,,,,,,,,,,,,,,,,,,,,,,,,,,,,,,,,,,,,
142710,29-Aug-15,5:53:04,1,3,232,327,0,7,28.67884827,-82.73465729,53:07.3,28.67884827,-82.73465729,,,8.6,0.3,,,,15,22,28910,,,,4,11435,,,,25,29248,,,,14,15541,,,,31,9266,,,,18,6041,,,,12,16926,,,,,,,,,,,,,,,,,,,,,,,,,,,,,,,,,,,,,,,,,,,
142710,2-Sep-15,10:09:12,1,3,245,395,0,5,28.68194008,-82.74776459,09:14.9,28.68194008,-82.74776459,,,3.2,-0.1,,,,15,23,29416,,,,27,16846,,,,16,26596,,,,26,23233,,,,9,4849,,,,,,,,,,,,,,,,,,,,,,,,,,,,,,,,,,,,,,,,,,,,,,,,,,,,,
142710,2-Sep-15,17:04:22,1,3,246,398,0,4,28.68194008,-82.74776459,09:14.9,28.67693329,-82.74060059,,,0.4,-0.2,,,,15,6,15199,,,,3,20570,,,,17,30980,,,,2,32358,,,,,,,,,,,,,,,,,,,,,,,,,,,,,,,,,,,,,,,,,,,,,,,,,,,,,,,,,,
142710,5-Sep-15,18:42:08,1,3,255,460,0,5,28.6657753,-82.75302887,42:10.0,28.6657753,-82.75302887,,,3.2,-1,,,,15,6,3023,,,,5,16544,,,,17,18487,,,,28,10926,,,,2,11980,,,,,,,,,,,,,,,,,,,,,,,,,,,,,,,,,,,,,,,,,,,,,,,,,,,,,