uid,uuid,prognum,tag_id,utc,lc,iq,lat1,dir1,lon1,dir2,lat2,dir3,lon2,dir4,nb_mes,big_nb_mes,best_level,pass_duration,nopc,calcul_freq,altitude,sensors,error_radius,semi_major_axis,semi_minor_axis,ellipse_orientation,GDOP,POSIX,local_time,Swapped,POSIX,Local Time,Day of Year,Depth (m),SST daily (C),SST weekly (C),SST monthly (C),Current U (cm/s),Current V (cm s-1),Current Mag (cm s-1),Current Dir (deg),Wind U (m s-1),Wind V (m s-1),Wind Mag (m s-1),Wind Dir (deg),CHL daily (mg m-3),CHL weekly (mg m-3),CHL monthly (mg m-3),Productivity weekly (mg C/m^2/Day),Productivity monthly (mg C/m^2/Day),From Shore (km),Wet/Dry,Country,Displacement (km),Distance (km),Cummulative (km),Hours,Cummulative (days),Speed (kph),Bearing (deg),Azimuth (deg),sensors,,,,,,,
5825791,,4296,104833,10/22/2011 23:13,1,60,29.759,N,-85.385,W,22.133,N,-120.723,W,4,0,-134,273,1,401 677606.4,0,01 114 221 46 82 106 136,,,,,,1319357628,10/22/2011 23:13,0,1319357628,10/22/2011 23:13,295,-0.46,22.65,23.42,23.73,99999.99,99999.99,,,,,,,5.20755,4.95074,6.31902,,,0,ocean,United States,0.3,0.29,0.29,5.15,0.21,0.06,89.99925547,,01 114 221 46 82 106 136,1,114,221,46,82,106,136
5825792,,4296,104833,10/23/2011 0:00,B,0,29.767,N,-85.383,W,37.025,N,-50.951,W,2,0,-127,212,2,401 677606.4,0,01 115 220 51 84 106 133,,,,,,1319360418,10/23/2011 0:00,0,1319360418,10/23/2011 0:00,296,-2,22.24,24.21,23.68,99999.99,99999.99,,,,,,,-9.99999999,5.32044,6.70948,,,0,ocean,United States,1,0.91,1.2,0.78,0.25,1.17,12.30434295,,01 115 220 51 84 106 133,1,115,220,51,84,106,133
5825793,,4296,104833,10/23/2011 0:56,0,50,29.763,N,-85.378,W,32.107,N,-74.018,W,4,0,-121,338,0,401 677606.6,0,01 102 218 66 70 110 129,,,,,,1319363807,10/23/2011 0:56,0,1319363807,10/23/2011 0:56,296,-1.55,22.23,24.19,23.63,99999.99,99999.99,,,,,,,-9.99999999,5.41193,6.89679,,,1,ocean,United States,1.1,0.66,1.86,0.94,0.29,0.7,132.5173796,,01 102 218 66 70 110 129,1,102,218,66,70,110,129
5828800,,4296,104833,10/23/2011 5:50,B,0,29.768,N,-85.353,W,18.794,N,-36.73,W,2,0,-137,59,2,401 677609.8,0,03 83 217 50 114 111 125,,,,,,1319381415,10/23/2011 5:50,0,1319381415,10/23/2011 5:50,296,-2,-99.99,-99.99,23.66,99999.99,99999.99,,,,,,,-9.99999999,-9.99999999,-9.99999999,,,3,ocean,United States,3.5,2.48,4.34,4.89,0.49,0.51,77.08274976,,03 83 217 50 114 111 125,3,83,217,50,114,111,125
5828801,,4296,104833,10/23/2011 6:59,2,66,29.763,N,-85.38,W,20.375,N,-42.856,W,4,0,-131,467,3,401 677609.8,0,01 118 216 178 141 70 214,,,,,,1319385580,10/23/2011 6:59,0,1319385580,10/23/2011 6:59,296,-1.47,22.26,24.2,23.66,99999.99,99999.99,,,,,,,-9.99999999,5.31917,6.76869,,,1,ocean,United States,0.9,2.67,7.01,1.16,0.54,2.31,258.023333,,01 118 216 178 141 70 214,1,118,216,178,141,70,214
5828802,,4296,104833,10/23/2011 7:34,0,68,29.758,N,-85.386,W,29.843,N,-85.734,W,4,0,-127,691,2,401 677610.7,0,01 107 209 63 64 110 121,,,,,,1319387662,10/23/2011 7:34,0,1319387662,10/23/2011 7:34,296,-0.21,22.48,24.26,23.74,99999.99,99999.99,,,,,,,-9.99999999,4.87264,6.22481,,,0,ocean,United States,0.2,0.8,7.81,0.58,0.56,1.38,226.3173497,,01 107 209 63 64 110 121,1,107,209,63,64,110,121
5828803,,4296,104833,10/23/2011 11:31,B,0,29.752,N,-85.386,W,35.217,N,-111.233,W,2,0,-129,46,2,401 677609.8,0,01 111 215 51 85 102 119,,,,,,1319401902,10/23/2011 11:31,0,1319401902,10/23/2011 11:31,296,0.7,22.6,24.28,23.75,99999.99,99999.99,,,,,,,-9.99999999,4.67071,6.0333,,,0,ocean,United States,0.8,0.67,8.48,3.96,0.73,0.17,180,,01 111 215 51 85 102 119,1,111,215,51,85,102,119
5828805,,4296,104833,10/23/2011 13:15,1,58,29.745,N,-85.372,W,25.772,N,-65.921,W,4,0,-123,277,4,401 677609.7,0,01 77 68 72 67 110 59,,,,,,1319408146,10/23/2011 13:15,0,1319408146,10/23/2011 13:15,296,-1.04,-99.99,-99.99,23.65,99999.99,99999.99,,,,,,,-9.99999999,-9.99999999,-9.99999999,,,1,ocean,United States,2.2,1.56,10.04,1.73,0.8,0.9,119.8086086,,01 77 68 72 67 110 59,1,77,68,72,67,110,59
5828806,,4296,104833,10/23/2011 17:16,A,8,29.72,N,-85.343,W,39.391,N,-38.846,W,3,0,-131,284,3,401 677620.3,0,01 115 213 53 83 110 129,,,,,,1319422613,10/23/2011 17:16,0,1319422613,10/23/2011 17:16,296,-2,-99.99,-99.99,23.5,99999.99,99999.99,,,,,,,-9.99999999,-9.99999999,-9.99999999,,,2,ocean,United States,6.1,3.95,13.99,4.02,0.97,0.98,134.6396198,,01 115 213 53 83 110 129,1,115,213,53,83,110,129
5831358,,4296,104833,10/25/2011 1:48,A,0,29.738,N,-85.379,W,26.801,N,-99.484,W,3,0,-125,96,2,401 677615.9,0,02 117 211 51 84 110 113,,,,,,1319539714,10/25/2011 1:48,0,1319539714,10/25/2011 1:48,298,0.22,22.42,21.45,23.71,99999.99,99999.99,,,,,,,-9.99999999,3.96534,5.95807,,,0,ocean,United States,2.5,4.02,18.01,32.53,2.32,0.12,299.8161536,,02 117 211 51 84 110 113,2,117,211,51,84,110,113
5834557,,4296,104833,10/25/2011 8:55,B,0,29.751,N,-85.376,W,37.727,N,-124.247,W,2,0,-129,46,2,401 677620.3,0,02 108 211 61 71 110 115,,,,,,1319565322,10/25/2011 8:55,0,1319565322,10/25/2011 8:55,298,-0.42,22.11,21.33,23.64,99999.99,99999.99,,,,,,,-9.99999999,4.78408,6.58926,,,1,ocean,United States,1.5,1.48,19.49,7.11,2.62,0.21,11.38533463,,02 108 211 61 71 110 115,2,108,211,61,71,110,115
5834559,,4296,104833,10/25/2011 13:46,B,0,29.718,N,-85.305,W,28.667,N,-80.427,W,2,0,-129,81,2,401 677620.3,0,02 112 211 54 79 110 114,,,,,,1319582793,10/25/2011 13:46,0,1319582793,10/25/2011 13:46,298,0.4,-99.99,-99.99,23.21,99999.99,99999.99,,,,,,,-9.99999999,-9.99999999,-9.99999999,,,0,dry,United States,9.2,7.78,27.27,4.85,2.82,1.6,118.0203364,,02 112 211 54 79 110 114,2,112,211,54,79,110,114
5834563,,4296,104833,10/25/2011 17:57,B,0,29.716,N,-85.325,W,40.285,N,-33.692,W,2,0,-134,46,1,401 677620.3,0,02 106 211 57 72 110 133,,,,,,1319597853,10/25/2011 17:57,0,1319597853,10/25/2011 17:57,298,-1.46,-99.99,-99.99,23.34,99999.99,99999.99,,,,,,,-9.99999999,-9.99999999,-9.99999999,,,1,ocean,United States,7.7,1.95,29.22,4.18,2.99,0.47,263.4696006,,02 106 211 57 72 110 133,2,106,211,57,72,110,133
5834565,,4296,104833,10/25/2011 23:46,A,0,29.728,N,-85.463,W,39.047,N,-39.975,W,3,0,-134,93,1,401 677592.7,0,02 118 211 51 78 103 28,,,,,,1319618801,10/25/2011 23:46,0,1319618801,10/25/2011 23:46,298,-15.97,23.24,22.71,24.56,99999.99,99999.99,,,,,,,0.750982,1.08934,1.70722,,,6,ocean,United States,8,13.41,42.63,5.82,3.24,2.3,275.7234159,,02 118 211 51 78 103 28,2,118,211,51,78,103,28
5837918,,4296,104833,10/26/2011 10:23,A,0,29.733,N,-85.385,W,28.013,N,-77.077,W,3,0,-121,99,1,401 677607.5,0,02 118 211 51 83 110 120,,,,,,1319656982,10/26/2011 10:23,0,1319656982,10/26/2011 10:23,299,0.99,21.82,21.57,23.79,99999.99,99999.99,,,,,,,-9.99999999,3.50591,5.47776,,,0,ocean,United States,2.9,7.56,50.19,10.61,3.68,0.71,85.78003573,,02 118 211 51 83 110 120,2,118,211,51,83,110,120
5837919,,4296,104833,10/26/2011 13:35,2,60,29.734,N,-85.375,W,27.428,N,-74.703,W,4,0,-122,251,1,401 677611.0,0,02 108 210 55 65 110 127,,,,,,1319668500,10/26/2011 13:35,0,1319668500,10/26/2011 13:35,299,-0.5,21.66,21.42,23.68,99999.99,99999.99,,,,,,,-9.99999999,3.88822,6.02346,,,0,ocean,United States,3.1,0.97,51.16,3.2,3.81,0.3,83.46108742,,02 108 210 55 65 110 127,2,108,210,55,65,110,127
5837920,,4296,104833,10/26/2011 13:43,B,0,29.771,N,-85.475,W,28.671,N,-79.923,W,2,0,-124,275,1,401 677620.3,0,02 119 211 53 80 110 127,,,,,,1319668989,10/26/2011 13:43,0,1319668989,10/26/2011 13:43,299,-16.74,23.1,22.7,24.69,99999.99,99999.99,,,,,,,0.694815,1.01693,1.62371,,,6,ocean,United States,8.5,10.51,61.67,0.14,3.82,77.37,293.0030308,,02 119 211 53 80 110 127,2,119,211,53,80,110,127
5837923,,4296,104833,10/26/2011 18:22,B,0,29.632,N,-85.461,W,32.529,N,-71.936,W,2,0,-125,403,1,401 677620.3,0,02 115 210 53 69 114 145,,,,,,1319685757,10/26/2011 18:22,0,1319685757,10/26/2011 18:22,299,-17.35,22.85,23.02,24.94,99999.99,99999.99,,,,,,,-9.99999999,1.15716,1.5555,,,10,ocean,United States,15.8,15.53,77.2,4.66,4.01,3.33,174.9713444,,02 115 210 53 69 114 145,2,115,210,53,69,114,145
5837924,,4296,104833,10/26/2011 19:30,A,0,29.711,N,-85.361,W,31.61,N,-76.68,W,3,1,-116,189,1,401 677605.7,0,02 110 210 50 78 106 147,,,,,,1319689827,10/26/2011 19:30,0,1319689827,10/26/2011 19:30,299,-1.33,-99.99,-99.99,23.62,99999.99,99999.99,,,,,,,-9.99999999,-9.99999999,-9.99999999,,,0,ocean,United States,5.9,13.07,90.27,1.13,4.06,11.56,47.84225918,,02 110 210 50 78 106 147,2,110,210,50,78,106,147
5837925,,4296,104833,10/27/2011 0:50,B,0,29.7,N,-85.46,W,31.735,N,-75.882,W,2,0,-125,48,1,401 677620.3,0,03 108 210 50 81 106 144,,,,,,1319709048,10/27/2011 0:50,0,1319709048,10/27/2011 0:50,300,-16.4,22.34,22.79,24.57,99999.99,99999.99,,,,,,,-9.99999999,1.11904,1.70901,,,7,ocean,United States,9.6,9.65,99.92,5.34,4.28,1.81,262.7712085,,03 108 210 50 81 106 144,3,108,210,50,81,106,144
5840686,,4296,104833,10/27/2011 8:36,2,66,29.716,N,-85.373,W,35.645,N,-114.162,W,5,0,-127,430,3,401 677608.1,0,03 111 210 54 73 106 133,,,,,,1319737003,10/27/2011 8:36,0,1319737003,10/27/2011 8:36,300,-0.79,-99.99,-99.99,23.72,99999.99,99999.99,,,,,,,-9.99999999,-9.99999999,-9.99999999,,,0,ocean,United States,5,8.6,108.52,7.77,4.61,1.11,78.08204822,,03 111 210 54 73 106 133,3,111,210,54,73,106,133
5840692,,4296,104833,10/27/2011 18:18,B,0,29.763,N,-85.319,W,34.108,N,-68.346,W,2,0,-126,201,2,401 677608.1,0,03 114 210 55 85 114 146,,,,,,1319771926,10/27/2011 18:18,0,1319771926,10/27/2011 18:18,300,0.01,-99.99,-99.99,23.73,99999.99,99999.99,,,,,,,-9.99999999,-9.99999999,-9.99999999,,,1,ocean,United States,6.7,7.39,115.91,9.7,5.01,0.76,45.06323797,,03 114 210 55 85 114 146,3,114,210,55,85,114,146
5844158,,4296,104833,10/28/2011 9:35,B,0,29.717,N,-85.373,W,23.151,N,-53.827,W,2,0,-134,449,2,401 677608.1,0,03 107 211 54 66 106 137,,,,,,1319826910,10/28/2011 9:35,0,1319826910,10/28/2011 9:35,301,-0.86,-99.99,-99.99,23.72,99999.99,99999.99,,,,,,,-9.99999999,-9.99999999,-9.99999999,,,0,ocean,United States,4.9,7.31,123.22,15.27,5.65,0.48,225.705921,,03 107 211 54 66 106 137,3,107,211,54,66,106,137
5844159,,4296,104833,10/28/2011 12:55,A,0,29.727,N,-85.38,W,23.892,N,-58.064,W,3,0,-127,338,3,401 677609.8,0,03 113 209 55 76 106 133,,,,,,1319838907,10/28/2011 12:55,0,1319838907,10/28/2011 12:55,301,0.4,-99.99,21.53,23.75,99999.99,99999.99,,,,,,,-9.99999999,3.35753,5.52494,,,0,ocean,United States,3.6,1.3,124.52,3.33,5.78,0.39,328.5768566,,03 113 209 55 76 106 133,3,113,209,55,76,106,133
5844162,,4296,104833,10/28/2011 19:42,1,50,29.72,N,-85.371,W,24.463,N,-110.099,W,5,0,-128,534,1,401 677608.5,0,03 109 209 65 66 122 179,,,,,,1319863328,10/28/2011 19:42,0,1319863328,10/28/2011 19:42,301,-1.22,-99.99,-99.99,23.7,99999.99,99999.99,,,,,,,-9.99999999,-9.99999999,-9.99999999,,,0,ocean,United States,4.6,1.17,125.69,6.78,6.07,0.17,131.7015651,,03 109 209 65 66 122 179,3,109,209,65,66,122,179
5844164,,4296,104833,10/28/2011 20:47,A,8,29.719,N,-85.376,W,36.554,N,-51.619,W,3,0,-127,550,3,401 677607.8,0,03 104 209 60 72 106 146,,,,,,1319867268,10/28/2011 20:47,0,1319867268,10/28/2011 20:47,301,-0.32,-99.99,21.52,23.74,99999.99,99999.99,,,,,,,-9.99999999,3.03494,5.42759,,,0,ocean,United States,4.6,0.5,126.19,1.09,6.11,0.46,257.0959754,,03 104 209 60 72 106 146,3,104,209,60,72,106,146
5847201,,4296,104833,10/29/2011 1:54,B,0,29.713,N,-85.392,W,26.058,N,-102.925,W,2,0,-128,54,2,401 677608.5,0,04 119 209 51 83 110 156,,,,,,1319885640,10/29/2011 1:54,0,1319885640,10/29/2011 1:54,302,-0.67,22.85,21.78,23.9,99999.99,99999.99,,,,,,,2.41793,2.3984,4.53574,,,0,ocean,United States,5.1,1.68,127.87,5.1,6.33,0.33,246.7556784,,04 119 209 51 83 110 156,4,119,209,51,83,110,156
5847202,,4296,104833,10/29/2011 6:36,B,0,29.67,N,-85.318,W,23.419,N,-55.877,W,2,0,-131,47,2,401 677608.5,0,04 109 210 52 81 110 156,,,,,,1319902614,10/29/2011 6:36,0,1319902614,10/29/2011 6:36,302,-0.29,22.91,21.71,23.6,99999.99,99999.99,,,,,,,-9.99999999,-9.99999999,-9.99999999,,,0,ocean,United States,12,8.61,136.48,4.71,6.52,1.83,123.6262338,,04 109 210 52 81 110 156,4,109,210,52,81,110,156
5847203,,4296,104833,10/29/2011 7:32,B,0,29.712,N,-85.404,W,23.577,N,-59.214,W,2,0,-132,46,2,401 677606.9,0,04 112 209 60 63 110 154,,,,,,1319905920,10/29/2011 7:32,0,1319905920,10/29/2011 7:32,302,-3,22.91,21.96,24.01,99999.99,99999.99,,,,,,,2.20998,2.13108,4.0062,,,1,ocean,United States,5.5,9.54,146.02,0.92,6.56,10.39,299.24117,,04 112 209 60 63 110 154,4,112,209,60,63,110,154
5847204,,4296,104833,10/29/2011 9:15,A,0,29.712,N,-85.381,W,34.782,N,-107.771,W,3,0,-128,463,3,401 677606.9,0,04 122 210 49 84 114 147,,,,,,1319912127,10/29/2011 9:15,0,1319912127,10/29/2011 9:15,302,0.7,22.83,21.63,23.8,99999.99,99999.99,,,,,,,2.51841,2.55924,4.96503,,,0,dry,United States,5.3,2.22,148.24,1.72,6.63,1.29,89.99430013,,04 122 210 49 84 114 147,4,122,210,49,84,114,147
5847205,,4296,104833,10/29/2011 12:56,A,8,29.727,N,-85.377,W,23.547,N,-57.054,W,3,0,-126,524,3,401 677616.7,0,04 111 242 185 12 82 33,,,,,,1319925372,10/29/2011 12:56,0,1319925372,10/29/2011 12:56,302,-0.14,22.53,21.49,23.72,99999.99,99999.99,,,,,,,3.41709,3.44355,5.66974,,,0,ocean,United States,3.7,1.71,149.95,3.68,6.79,0.46,13.10226965,,04 111 242 185 12 82 33,4,111,242,185,12,82,33
5847207,,4296,104833,10/29/2011 14:17,B,0,29.714,N,-85.415,W,31.375,N,-94.321,W,2,0,-124,70,2,401 677616.7,0,04 104 209 109 55 78 35,,,,,,1319930263,10/29/2011 14:17,0,1319930263,10/29/2011 14:17,302,-4.86,22.92,22.1,24.11,99999.99,99999.99,,,,,,,2.12802,1.98333,3.58604,,,2,ocean,United States,5.6,3.95,153.9,1.36,6.84,2.91,248.6076099,,04 104 209 109 55 78 35,4,104,209,109,55,78,35
5847211,,4296,104833,10/29/2011 17:53,A,8,29.71,N,-85.39,W,35.865,N,-57.244,W,3,0,-129,638,3,401 677609.0,0,04 116 209 59 77 114 141,,,,,,1319943214,10/29/2011 17:53,0,1319943214,10/29/2011 17:53,302,-0.36,22.9,21.77,23.89,99999.99,99999.99,,,,,,,2.30117,2.30115,4.52951,,,0,ocean,United States,5.5,2.46,156.36,3.6,6.99,0.68,100.3801482,,04 116 209 59 77 114 141,4,116,209,59,77,114,141
5847212,,4296,104833,10/29/2011 19:01,B,0,29.768,N,-85.355,W,35.552,N,-62.816,W,2,0,-128,178,2,401 677609.0,0,04 113 208 55 75 110 134,,,,,,1319947275,10/29/2011 19:01,0,1319947275,10/29/2011 19:01,302,-2,-99.99,-99.99,23.65,99999.99,99999.99,,,,,,,-9.99999999,-9.99999999,-9.99999999,,,3,ocean,United States,3.3,7.29,163.65,1.13,7.04,6.46,27.76408853,,04 113 208 55 75 110 134,4,113,208,55,75,110,134
5847213,,4296,104833,10/29/2011 19:36,0,58,29.725,N,-85.37,W,25.438,N,-104.84,W,4,0,-125,293,2,401 677610.0,0,04 111 209 55 72 106 141,,,,,,1319949385,10/29/2011 19:36,0,1319949385,10/29/2011 19:36,302,-1.4,-99.99,-99.99,23.68,99999.99,99999.99,,,,,,,-9.99999999,-9.99999999,-9.99999999,,,0,ocean,United States,4.2,5,168.65,0.59,7.06,8.53,196.9344595,,04 111 209 55 72 106 141,4,111,209,55,72,106,141
5847215,,4296,104833,10/29/2011 20:38,B,0,29.732,N,-85.361,W,24.592,N,-109.718,W,2,0,-124,403,2,401 677609.0,0,04 111 207 62 89 106 140,,,,,,1319953114,10/29/2011 20:38,0,1319953114,10/29/2011 20:38,302,-2,-99.99,-99.99,23.63,99999.99,99999.99,,,,,,,-9.99999999,-9.99999999,-9.99999999,,,1,ocean,United States,4,1.17,169.82,1.04,7.11,1.13,48.29253988,,04 111 207 62 89 106 140,4,111,207,62,89,106,140
5847216,,4296,104833,10/29/2011 22:02,A,8,29.716,N,-85.306,W,29.219,N,-87.794,W,3,0,-128,519,2,401 677613.5,0,04 113 208 52 76 106 136,,,,,,1319958139,10/29/2011 22:02,0,1319958139,10/29/2011 22:02,302,0.31,-99.99,-99.99,23.19,99999.99,99999.99,,,,,,,-9.99999999,-9.99999999,-9.99999999,,,0,ocean,United States,9.3,5.61,175.43,1.4,7.16,4.02,108.4191356,,04 113 208 52 76 106 136,4,113,208,52,76,106,136
5847217,,4296,104833,10/29/2011 23:42,B,0,29.734,N,-85.374,W,19.342,N,-135.49,W,2,0,-136,92,2,401 677609.0,0,04 109 208 54 74 110 130,,,,,,1319964160,10/29/2011 23:42,0,1319964160,10/29/2011 23:42,302,-0.68,-99.99,-99.99,23.68,99999.99,99999.99,,,,,,,-9.99999999,-9.99999999,-9.99999999,,,0,ocean,United States,3.1,6.87,182.3,1.67,7.23,4.11,286.888015,,04 109 208 54 74 110 130,4,109,208,54,74,110,130
5847218,,4296,104833,10/30/2011 1:10,B,0,29.739,N,-85.368,W,39.471,N,-37.077,W,2,0,-125,46,2,401 677609.0,0,04 111 209 48 79 110 129,,,,,,1319969421,10/30/2011 1:10,0,1319969421,10/30/2011 1:10,303,-1.76,-99.99,-99.99,23.65,99999.99,99999.99,,,,,,,-9.99999999,-9.99999999,-9.99999999,,,1,ocean,United States,2.9,0.8,183.1,1.46,7.3,0.55,46.32129268,,04 111 209 48 79 110 129,4,111,209,48,79,110,129
5850358,,4296,104833,10/30/2011 1:52,B,0,29.707,N,-85.411,W,25.149,N,-106.755,W,2,0,-130,47,2,401 677609.0,0,04 108 209 53 80 110 128,,,,,,1319971959,10/30/2011 1:52,0,1319971959,10/30/2011 1:52,303,-4.56,22.36,22.08,24.09,99999.99,99999.99,,,,,,,-9.99999999,1.89258,3.61887,,,2,ocean,United States,6.2,5.47,188.57,0.7,7.32,7.76,229.559864,,04 108 209 53 80 110 128,4,108,209,53,80,110,128
5850359,,4296,104833,10/30/2011 6:25,A,0,29.711,N,-85.315,W,22.373,N,-50.873,W,3,0,-130,94,2,401 677625.5,0,04 121 209 47 85 110 118,,,,,,1319988332,10/30/2011 6:25,0,1319988332,10/30/2011 6:25,303,-0.19,-99.99,-99.99,23.21,99999.99,99999.99,,,,,,,-9.99999999,-9.99999999,-9.99999999,,,0,ocean,United States,8.9,9.29,197.86,4.55,7.51,2.04,87.24356955,,04 121 209 47 85 110 118,4,121,209,47,85,110,118
5850360,,4296,104833,10/30/2011 8:05,B,0,29.711,N,-85.33,W,32.528,N,-98.967,W,2,0,-127,46,2,401 677609.0,0,04 109 209 56 79 110 117,,,,,,1319994306,10/30/2011 8:05,0,1319994306,10/30/2011 8:05,303,-1.66,-99.99,-99.99,23.35,99999.99,99999.99,,,,,,,-9.99999999,-9.99999999,-9.99999999,,,2,ocean,United States,7.7,1.45,199.31,1.66,7.58,0.87,270.0037172,,04 109 209 56 79 110 117,4,109,209,56,79,110,117
5850361,,4296,104833,10/30/2011 9:01,A,0,29.701,N,-85.341,W,33.522,N,-103.176,W,3,0,-127,92,2,401 677622.5,0,05 120 210 47 82 114 113,,,,,,1319997664,10/30/2011 9:01,0,1319997664,10/30/2011 9:01,303,-2,-99.99,21.55,23.49,99999.99,99999.99,,,,,,,-9.99999999,-9.99999999,-9.99999999,,,1,ocean,United States,7.9,1.54,200.85,0.93,7.62,1.65,223.8423957,,05 120 210 47 82 114 113,5,120,210,47,82,114,113
5850363,,4296,104833,10/30/2011 14:31,B,0,29.729,N,-85.201,W,32.628,N,-99.473,W,2,0,-134,47,2,401 677609.0,0,05 122 210 48 81 114 105,,,,,,1320017511,10/30/2011 14:31,0,1320017511,10/30/2011 14:31,303,2.32,-99.99,-99.99,-99.99,99999.99,99999.99,,,,,,,-9.99999999,-9.99999999,-9.99999999,,,3,dry,United States,18.4,13.89,214.74,5.51,7.85,2.52,77.06060918,,05 122 210 48 81 114 105,5,122,210,48,81,114,105
5850364,,4296,104833,10/30/2011 15:18,B,0,29.814,N,-85.547,W,27.936,N,-76.155,W,2,0,-130,46,2,401 677609.0,0,05 113 210 55 73 114 108,,,,,,1320020307,10/30/2011 15:18,0,1320020307,10/30/2011 15:18,303,-22.67,23.69,23.51,25.08,99999.99,99999.99,,,,,,,0.792979,0.767682,1.22462,,,13,ocean,United States,16.5,34.75,249.49,0.78,7.88,44.74,285.8125403,,05 113 210 55 73 114 108,5,113,210,55,73,114,108
5850365,,4296,104833,10/30/2011 17:43,B,0,29.745,N,-85.381,W,36.538,N,-51.994,W,2,0,-129,428,2,401 677616.7,0,05 109 209 59 75 79 125,,,,,,1320028997,10/30/2011 17:43,0,1320028997,10/30/2011 17:43,303,0.58,21.7,21.44,23.72,99999.99,99999.99,,,,,,,-9.99999999,4.2524,6.09066,,,0,ocean,United States,1.7,17.78,267.27,2.41,7.98,7.37,115.435916,,05 109 209 59 75 79 125,5,109,209,59,75,79,125
5850366,,4296,104833,10/30/2011 19:23,A,0,29.73,N,-85.368,W,26.561,N,-99.991,W,3,0,-127,274,3,401 677616.7,0,05 115 209 53 80 110 124,,,,,,1320035021,10/30/2011 19:23,0,1320035021,10/30/2011 19:23,303,-1.76,-99.99,-99.99,23.66,99999.99,99999.99,,,,,,,-9.99999999,-9.99999999,-9.99999999,,,0,ocean,United States,3.8,2.09,269.36,1.67,8.05,1.25,142.8944956,,05 115 209 53 80 110 124,5,115,209,53,80,110,124
5850368,,4296,104833,10/30/2011 20:24,2,50,29.72,N,-85.361,W,25.651,N,-104.145,W,6,0,-130,649,1,401 677616.0,0,05 119 208 50 82 110 121,,,,,,1320038676,10/30/2011 20:24,0,1320038676,10/30/2011 20:24,303,-2,-99.99,-99.99,23.63,99999.99,99999.99,,,,,,,-9.99999999,-9.99999999,-9.99999999,,,1,ocean,United States,5.1,1.3,270.66,1.02,8.1,1.28,148.5741557,,05 119 208 50 82 110 121,5,119,208,50,82,110,121
5853595,,4296,104833,10/30/2011 21:35,B,0,29.69,N,-85.262,W,31.358,N,-76.418,W,2,0,-127,74,2,401 677616.0,0,05 109 208 56 73 114 111,,,,,,1320042927,10/30/2011 21:35,0,1320042927,10/30/2011 21:35,303,2.11,-99.99,-99.99,23.52,99999.99,99999.99,,,,,,,-9.99999999,-9.99999999,-9.99999999,,,0,dry,United States,14.4,10.14,280.8,1.18,8.15,8.59,109.1179621,,05 109 208 56 73 114 111,5,109,208,56,73,114,111
5850370,,4296,104833,10/31/2011 1:47,B,0,29.725,N,-85.354,W,26.227,N,-101.022,W,2,0,-124,47,2,401 677616.0,0,05 105 208 57 76 106 104,,,,,,1320058051,10/31/2011 1:47,0,1320058051,10/31/2011 1:47,304,-2,-99.99,-99.99,23.59,99999.99,99999.99,,,,,,,-9.99999999,-9.99999999,-9.99999999,,,2,ocean,United States,5,9.71,290.51,4.2,8.32,2.31,293.5697519,,05 105 208 57 76 106 104,5,105,208,57,76,106,104
5853596,,4296,104833,10/31/2011 6:11,2,68,29.72,N,-85.365,W,21.15,N,-45.752,W,5,0,-133,326,4,401 677618.0,0,05 118 209 50 80 114 111,,,,,,1320073910,10/31/2011 6:11,0,1320073910,10/31/2011 6:11,304,-2,-99.99,-99.99,23.65,99999.99,99999.99,,,,,,,-9.99999999,-9.99999999,-9.99999999,,,0,ocean,United States,4.9,1.2,291.71,4.41,8.5,0.27,242.4940514,,05 118 209 50 80 114 111,5,118,209,50,80,114,111
5853597,,4296,104833,10/31/2011 7:48,A,8,29.728,N,-85.378,W,31.612,N,-94.255,W,3,0,-126,95,2,401 677619.0,0,05 113 209 47 84 106 111,,,,,,1320079721,10/31/2011 7:48,0,1320079721,10/31/2011 7:48,304,0.04,20.97,22.09,23.73,99999.99,99999.99,,,,,,,-9.99999999,3.4682,5.6569,,,0,ocean,United States,3.6,1.54,293.25,1.61,8.57,0.95,305.1885486,,05 113 209 47 84 106 111,5,113,209,47,84,106,111
5853598,,4296,104833,10/31/2011 13:23,A,8,29.664,N,-85.633,W,26.944,N,-72.256,W,3,0,-130,92,2,401 677644.9,0,05 106 210 49 85 106 109,,,,,,1320099782,10/31/2011 13:23,0,1320099782,10/31/2011 13:23,304,-25.98,22.96,23.97,25.41,-0.8,-10.28,10.64,-175.5501529,,,,,0.72672,0.625338,0.763537,,,24,ocean,United States,25.9,25.67,318.92,5.57,8.8,4.61,254.0251355,,05 106 210 49 85 106 109,5,106,210,49,85,106,109
5853599,,4296,104833,10/31/2011 19:13,A,0,29.722,N,-85.376,W,27.676,N,-94.916,W,3,0,-122,177,3,401 677620.5,0,05 117 209 52 78 114 112,,,,,,1320120795,10/31/2011 19:13,0,1320120795,10/31/2011 19:13,304,-0.32,21,22.13,23.73,99999.99,99999.99,,,,,,,-9.99999999,3.19892,5.53649,,,0,ocean,United States,4.3,25.68,344.6,5.84,9.05,4.4,75.44379378,,05 117 209 52 78 114 112,5,117,209,52,78,114,112
5856900,,4296,104833,11/1/2011 3:42,A,8,29.646,N,-85.511,W,23.912,N,-113.026,W,3,0,-129,93,2,401 677606.7,0,05 114 210 48 85 106 104,,,,,,1320151365,11/1/2011 3:42,0,1320151365,11/1/2011 3:42,305,-20.66,22.3,21.25,21.12,99999.99,99999.99,,,,,,,0.827221,1.04443,1.1628,,,14,ocean,United States,17.3,15.56,360.16,8.49,9.4,1.83,237.2227309,,05 114 210 48 85 106 104,5,114,210,48,85,106,104
5856902,,4296,104833,11/1/2011 16:11,A,0,29.726,N,0,W,33.726,N,-104.717,W,3,2,-118,92,2,401 677619.2,0,06 111 211 47 82 102 117,,,,,,1320196263,11/1/2011 16:11,0,1320196263,11/1/2011 16:11,305,0.79,20.99,19.9,19.83,99999.99,99999.99,,,,,,,-9.99999999,3.2026,3.46167,,,0,ocean,United States,3.7,15.01,375.17,12.47,9.92,1.2,53.72912453,,06 111 211 47 82 102 117,6,111,211,47,82,102,117
5856903,,4296,104833,11/1/2011 17:22,B,0,29.733,N,-85.354,W,38.651,N,-41.774,W,2,0,-134,48,2,401 677619.2,0,06 111 210 56 73 114 111,,,,,,1320200573,11/1/2011 17:22,0,1320200573,11/1/2011 17:22,305,-2,-99.99,-99.99,-99.99,99999.99,99999.99,,,,,,,-9.99999999,-9.99999999,-9.99999999,,,2,ocean,United States,4.4,3.19,378.36,1.2,9.97,2.66,75.92168313,,06 111 210 56 73 114 111,6,111,210,56,73,114,111
5856905,,4296,104833,11/1/2011 20:02,B,0,29.729,N,-85.352,W,27.94,N,-93.666,W,2,0,-123,116,2,401 677619.2,0,06 113 210 61 71 110 125,,,,,,1320210170,11/1/2011 20:02,0,1320210170,11/1/2011 20:02,305,-2,-99.99,-99.99,-99.99,99999.99,99999.99,,,,,,,-9.99999999,-9.99999999,-9.99999999,,,2,ocean,United States,4.8,0.49,378.85,2.67,10.08,0.18,156.4236181,,06 113 210 61 71 110 125,6,113,210,61,71,110,125
5856906,,4296,104833,11/1/2011 20:49,A,8,29.727,N,-85.37,W,36.256,N,-52.838,W,3,0,-129,285,2,401 677616.3,0,06 119 210 49 81 110 119,,,,,,1320212940,11/1/2011 20:49,0,1320212940,11/1/2011 20:49,305,-1.4,-99.99,-99.99,-99.99,99999.99,99999.99,,,,,,,-9.99999999,-9.99999999,-9.99999999,,,0,ocean,United States,4,1.75,380.6,0.77,10.11,2.27,262.7495154,,06 119 210 49 81 110 119,6,119,210,49,81,110,119
5856907,,4296,104833,11/1/2011 22:25,B,0,29.777,N,-85.35,W,26.634,N,-101.093,W,2,0,-130,46,2,401 677619.2,0,06 119 209 54 184 39 66,,,,,,1320218750,11/1/2011 22:25,0,1320218750,11/1/2011 22:25,305,-2,-99.99,-99.99,-99.99,99999.99,99999.99,,,,,,,-9.99999999,-9.99999999,-9.99999999,,,4,ocean,United States,4.2,5.89,386.49,1.61,10.18,3.65,19.23589897,,06 119 209 54 184 39 66,6,119,209,54,184,39,66
5859847,,4296,104833,11/2/2011 5:51,B,0,29.724,N,-85.38,W,19.228,N,-35.739,W,2,0,-137,46,2,401 677619.2,0,06 118 215 66 78 114 111,,,,,,1320245480,11/2/2011 5:51,0,1320245480,11/2/2011 5:51,306,0.4,20.08,19.85,19.81,99999.99,99999.99,,,,,,,-9.99999999,3.30712,3.61856,,,0,ocean,United States,4,6.57,393.06,7.42,10.49,0.88,206.293468,,06 118 215 66 78 114 111,6,118,215,66,78,114,111
5859851,,4296,104833,11/2/2011 13:49,1,66,29.72,N,-85.369,W,29.034,N,-82.178,W,4,0,-129,618,1,401 677625.2,0,06 117 209 49 83 110 87,,,,,,1320274149,11/2/2011 13:49,0,1320274149,11/2/2011 13:49,306,-1.58,-99.99,-99.99,-99.99,99999.99,99999.99,,,,,,,-9.99999999,-9.99999999,-9.99999999,,,0,ocean,United States,4.7,1.15,394.21,7.96,10.82,0.14,112.6141526,,06 117 209 49 83 110 87,6,117,209,49,83,110,87
5859852,,4296,104833,11/2/2011 14:09,A,0,29.72,N,-85.374,W,21.305,N,-46.882,W,3,0,-126,321,3,401 677622.3,0,06 106 208 63 70 106 97,,,,,,1320275343,11/2/2011 14:09,0,1320275343,11/2/2011 14:09,306,-0.68,-99.99,-99.99,-99.99,99999.99,99999.99,,,,,,,-9.99999999,-9.99999999,-9.99999999,,,0,ocean,United States,4.5,0.48,394.69,0.33,10.84,1.45,270.0012394,,06 106 208 63 70 106 97,6,106,208,63,70,106,97
5859853,,4296,104833,11/2/2011 14:20,A,50,29.727,N,-85.387,W,32.06,N,-97.335,W,3,0,-125,600,2,401 677622.3,0,06 113 208 55 78 114 105,,,,,,1320276021,11/2/2011 14:20,0,1320276021,11/2/2011 14:20,306,0.75,20.2,19.9,19.83,99999.99,99999.99,,,,,,,-9.99999999,3.20045,3.4402,,,0,dry,United States,3.6,1.48,396.17,0.19,10.84,7.86,301.6739051,,06 113 208 55 78 114 105,6,113,208,55,78,114,105
5859855,,4296,104833,11/2/2011 22:10,A,8,29.741,N,-85.472,W,29.043,N,-88.879,W,3,0,-124,103,2,401 677625.3,0,06 119 209 52 79 114 106,,,,,,1320304254,11/2/2011 22:10,0,1320304254,11/2/2011 22:10,306,-17.82,21.55,20.85,20.39,99999.99,99999.99,,,,,,,1.22631,1.21151,1.29409,,,6,ocean,United States,8.4,8.36,404.53,7.84,11.17,1.07,280.7082768,,06 119 209 52 79 114 106,6,119,209,52,79,114,106
5862994,,4296,104833,11/3/2011 8:20,1,60,28.981,N,-81.958,W,29.743,N,-85.385,W,4,0,-125,279,1,401 677605.7,0,06 106 210 55 75 106 106,,,,,,1320340850,11/3/2011 8:20,0,1320340850,11/3/2011 8:20,307,23.61,-99.99,-99.99,-99.99,99999.99,99999.99,,,,,,,-9.99999999,-9.99999999,-9.99999999,,,66,dry,United States,343.8,351.24,755.77,10.17,11.59,34.55,103.0024071,,06 106 210 55 75 106 106,6,106,210,55,75,106,106
5862996,,4296,104833,11/3/2011 21:23,B,0,29.77,N,-85.399,W,19.894,N,-131.373,W,2,0,-132,46,1,401 677605.7,0,06 118 211 49 88 114 113,,,,,,1320387803,11/3/2011 21:23,0,1320387803,11/3/2011 21:23,307,0.82,20.09,19.76,19.58,99999.99,99999.99,,,,,,,-9.99999999,3.73365,3.3487,,,0,ocean,United States,1.6,345.14,1100.91,13.04,12.14,26.46,285.5098413,,06 118 211 49 88 114 113,6,118,211,49,88,114,113
5865944,,4296,104833,11/4/2011 8:53,B,0,29.701,N,-85.328,W,37.235,N,-122.079,W,2,0,-133,46,1,401 677605.7,0,06 112 211 53 81 106 110,,,,,,1320429211,11/4/2011 8:53,0,1320429211,11/4/2011 8:53,308,-1.08,20.56,19.73,19.8,99999.99,99999.99,,,,,,,-9.99999999,-9.99999999,-9.99999999,,,1,ocean,United States,8.7,10.3,1111.21,11.5,12.62,0.9,138.057486,,06 112 211 53 81 106 110,6,112,211,53,81,106,110
5865946,,4296,104833,11/4/2011 15:02,B,0,29.772,N,-85.46,W,36.997,N,-117.858,W,2,0,-130,131,1,401 677605.7,0,07 113 211 53 82 106 112,,,,,,1320451376,11/4/2011 15:02,0,1320451376,11/4/2011 15:02,308,-12.68,21.61,20.6,20.11,99999.99,99999.99,,,,,,,1.99357,1.22083,1.30037,,,5,ocean,United States,7.1,15.01,1126.22,6.16,12.87,2.44,301.6790392,,07 113 211 53 82 106 112,7,113,211,53,82,106,112
5865948,,4296,104833,11/4/2011 21:17,B,0,29.761,N,-85.312,W,33.668,N,-66.206,W,2,0,-125,46,1,401 677605.7,0,07 119 211 49 86 114 106,,,,,,1320473827,11/4/2011 21:17,0,1320473827,11/4/2011 21:17,308,0.27,-99.99,-99.99,-99.99,99999.99,99999.99,,,,,,,-9.99999999,-9.99999999,-9.99999999,,,0,ocean,United States,7.3,14.35,1140.57,6.24,13.13,2.3,94.83247103,,07 119 211 49 86 114 106,7,119,211,49,86,114,106
5868431,,4296,104833,11/5/2011 2:29,B,0,29.766,N,-85.328,W,21.814,N,-120.598,W,2,0,-130,48,1,401 677605.7,0,07 112 211 53 83 106 101,,,,,,1320492571,11/5/2011 2:29,0,1320492571,11/5/2011 2:29,309,-1.08,-99.99,-99.99,-99.99,99999.99,99999.99,,,,,,,-9.99999999,-9.99999999,-9.99999999,,,2,ocean,United States,5.9,1.64,1142.21,5.21,13.35,0.31,289.7099751,,07 112 211 53 83 106 101,7,112,211,53,83,106,101
5868434,,4296,104833,11/5/2011 8:42,A,0,29.731,N,-85.374,W,36.234,N,-117.192,W,3,0,-129,92,1,401 677621.9,0,07 115 211 48 88 106 95,,,,,,1320514979,11/5/2011 8:42,0,1320514979,11/5/2011 8:42,309,-0.68,-99.99,-99.99,-99.99,99999.99,99999.99,,,,,,,-9.99999999,-9.99999999,-9.99999999,,,0,ocean,United States,3.4,5.91,1148.12,6.22,13.61,0.95,228.925121,,07 115 211 48 88 106 95,7,115,211,48,88,106,95
5871713,,4296,104833,11/6/2011 8:32,2,60,29.742,N,-85.378,W,35.237,N,-112.102,W,4,0,-129,294,1,401 677624.2,0,07 115 211 49 84 106 94,,,,,,1320604345,11/6/2011 8:32,0,1320604345,11/6/2011 8:32,310,0.04,18.77,19.68,19.64,99999.99,99999.99,,,,,,,-9.99999999,3.85173,3.83033,,,0,ocean,United States,2.1,1.28,1149.4,24.82,14.64,0.05,342.3938637,,07 115 211 49 84 106 94,7,115,211,49,84,106,94
5874456,,4296,104833,11/7/2011 19:40,B,0,29.745,N,-85.369,W,24.927,N,-107.951,W,2,0,-131,111,1,401 677605.7,0,08 115 209 60 70 110 117,,,,,,1320730832,11/7/2011 19:40,0,1320730832,11/7/2011 19:40,311,-1.58,-99.99,-99.99,-99.99,99999.99,99999.99,,,,,,,-9.99999999,-9.99999999,-9.99999999,,,1,ocean,United States,2.4,0.93,1150.33,35.14,16.11,0.03,69.09235698,,08 115 209 60 70 110 117,8,115,209,60,70,110,117
5874457,,4296,104833,11/7/2011 20:43,B,0,29.738,N,-85.279,W,23.887,N,-111.233,W,2,0,-128,267,1,401 677605.7,0,08 113 209 53 82 106 109,,,,,,1320734600,11/7/2011 20:43,0,1320734600,11/7/2011 20:43,311,2.54,-99.99,-99.99,-99.99,99999.99,99999.99,,,,,,,-9.99999999,-9.99999999,-9.99999999,,,2,dry,United States,10.8,8.73,1159.06,1.05,16.15,8.34,95.07069265,,08 113 209 53 82 106 109,8,113,209,53,82,106,109
5874458,,4296,104833,11/8/2011 1:47,B,0,29.671,N,-85.492,W,25.983,N,-102.734,W,2,0,-128,47,1,401 677605.7,0,08 108 210 51 86 106 111,,,,,,1320752849,11/8/2011 1:47,0,1320752849,11/8/2011 1:47,312,-20.14,20.44,21.45,20.87,99999.99,99999.99,,,,,,,1.22901,1.16224,1.26925,,,11,ocean,United States,14,21.9,1180.96,5.07,16.36,4.32,250.2381918,,08 108 210 51 86 106 111,8,108,210,51,86,106,111
5877088,,4296,104833,11/8/2011 8:14,B,0,29.76,N,-85.106,W,33.082,N,-101.878,W,2,0,-133,46,1,401 677605.7,0,08 116 210 51 88 106 102,,,,,,1320776071,11/8/2011 8:14,0,1320776071,11/8/2011 8:14,312,1.26,-99.99,-99.99,-99.99,99999.99,99999.99,,,,,,,-9.99999999,-9.99999999,-9.99999999,,,4,dry,United States,27.3,38.61,1219.57,6.45,16.63,5.99,75.10828049,,08 116 210 51 88 106 102,8,116,210,51,88,106,102
5877093,,4296,104833,11/8/2011 15:27,B,0,29.669,N,-85.775,W,29.016,N,-82.746,W,3,1,-116,724,1,401 677605.7,0,08 104 210 56 81 102 117,,,,,,1320802054,11/8/2011 15:27,0,1320802054,11/8/2011 15:27,312,-34.5,21.94,22.94,22.32,-7.98,-2.35,8.35,-106.4089745,,,,,0.487868,0.593432,0.628944,,,37,ocean,United States,38.7,65.47,1285.04,7.22,16.93,9.07,261.3089574,,08 104 210 56 81 102 117,8,104,210,56,81,102,117
5877095,,4296,104833,11/8/2011 19:27,B,0,29.728,N,-85.449,W,25.99,N,-102.884,W,2,0,-131,333,1,401 677605.7,0,00 105 210 64 66 110 125,,,,,,1320816421,11/8/2011 19:27,0,1320816421,11/8/2011 19:27,312,-12.08,20.09,20.99,20.28,99999.99,99999.99,,,,,,,-9.99999999,1.54824,1.63891,,,5,ocean,United States,6.8,32.2,1317.24,3.99,17.1,8.07,78.20799907,,00 105 210 64 66 110 125,0,105,210,64,66,110,125
5877099,,4296,104833,11/9/2011 1:39,B,0,29.729,N,-85.37,W,27.212,N,-96.911,W,2,0,-124,48,1,401 677605.7,0,08 111 210 50 84 110 122,,,,,,1320838740,11/9/2011 1:39,0,1320838740,11/9/2011 1:39,313,-1.4,-99.99,-99.99,-99.99,99999.99,99999.99,,,,,,,-9.99999999,-9.99999999,-9.99999999,,,0,ocean,United States,3.8,7.64,1324.88,6.2,17.36,1.23,89.14950774,,08 111 210 50 84 110 122,8,111,210,50,84,110,122
5880151,,4296,104833,11/9/2011 15:04,B,0,29.679,N,-85.347,W,27.179,N,-73.158,W,2,1,-117,319,1,401 677605.7,0,08 112 211 49 87 110 128,,,,,,1320887066,11/9/2011 15:04,0,1320887066,11/9/2011 15:04,313,1,-99.99,19.42,19.96,99999.99,99999.99,,,,,,,-9.99999999,-9.99999999,-9.99999999,,,0,dry,United States,9.7,5.99,1330.87,13.42,17.92,0.45,158.1145873,,08 112 211 49 87 110 128,8,112,211,49,87,110,128
5880155,,4296,104833,11/10/2011 1:25,B,0,29.718,N,-85.413,W,28.479,N,-91.105,W,2,0,-124,71,1,401 677605.7,0,09 121 210 59 68 118 133,,,,,,1320924348,11/10/2011 1:25,0,1320924348,11/10/2011 1:25,314,-4.22,-99.99,19.66,20.09,99999.99,99999.99,,,,,,,-9.99999999,2.42017,2.64669,,,2,ocean,United States,5.2,7.72,1338.59,10.36,18.35,0.75,304.1074283,,09 121 210 59 68 118 133,9,121,210,59,68,118,133
5882806,,4296,104833,11/10/2011 7:03,A,0,29.725,N,-85.382,W,20.711,N,-45.741,W,3,0,-131,244,1,401 677620.7,0,09 114 211 54 77 110 129,,,,,,1320944592,11/10/2011 7:03,0,1320944592,11/10/2011 7:03,314,0.76,-99.99,19.22,19.81,99999.99,99999.99,,,,,,,-9.99999999,3.16917,3.56929,,,0,ocean,United States,3.8,3.1,1341.69,5.62,18.58,0.55,75.48803556,,09 114 211 54 77 110 129,9,114,211,54,77,110,129
5882807,,4296,104833,11/10/2011 7:51,1,60,29.715,N,-85.366,W,31.075,N,-91.902,W,5,0,-123,278,1,401 677615.7,0,09 111 210 55 68 110 129,,,,,,1320947497,11/10/2011 7:51,0,1320947497,11/10/2011 7:51,314,-1.71,-99.99,-99.99,-99.99,99999.99,99999.99,,,,,,,-9.99999999,-9.99999999,-9.99999999,,,0,ocean,United States,5.3,1.91,1343.6,0.81,18.62,2.37,125.599694,,09 111 210 55 68 110 129,9,111,210,55,68,110,129
5882814,,4296,104833,11/10/2011 22:14,A,0,29.714,N,-85.362,W,28.159,N,-92.339,W,3,0,-124,383,2,401 677623.6,0,09 112 209 55 74 114 110,,,,,,1320999272,11/10/2011 22:14,0,1320999272,11/10/2011 22:14,314,-1.65,-99.99,-99.99,-99.99,99999.99,99999.99,,,,,,,-9.99999999,-9.99999999,-9.99999999,,,0,ocean,United States,5.6,0.4,1344,14.38,19.21,0.03,105.9804394,,09 112 209 55 74 114 110,9,112,209,55,74,114,110
5885255,,4296,104833,11/11/2011 1:46,B,0,29.725,N,-85.358,W,26.805,N,-101.228,W,2,0,-134,632,2,401 677623.6,0,09 112 209 49 80 106 105,,,,,,1321011970,11/11/2011 1:46,0,1321011970,11/11/2011 1:46,315,-2,-99.99,-99.99,-99.99,99999.99,99999.99,,,,,,,-9.99999999,-9.99999999,-9.99999999,,,1,ocean,United States,4.8,1.28,1345.28,3.53,19.36,0.36,17.60896421,,09 112 209 49 80 106 105,9,112,209,49,80,106,105
5885257,,4296,104833,11/11/2011 10:14,A,0,29.768,N,-85.35,W,40.668,N,-136.588,W,3,0,-136,103,2,401 677640.3,0,09 121 209 50 84 46 81,,,,,,1321042491,11/11/2011 10:14,0,1321042491,11/11/2011 10:14,315,-2,-99.99,-99.99,-99.99,99999.99,99999.99,,,,,,,-9.99999999,-9.99999999,-9.99999999,,,4,ocean,United States,3.8,4.85,1350.13,8.48,19.72,0.57,9.219619837,,09 121 209 50 84 46 81,9,121,209,50,84,46,81
5885258,,4296,104833,11/11/2011 12:27,B,0,29.729,N,-85.363,W,21.427,N,-44.524,W,2,0,-133,47,2,401 677623.6,0,09 110 209 57 76 110 79,,,,,,1321050478,11/11/2011 12:27,0,1321050478,11/11/2011 12:27,315,-2,-99.99,-99.99,-99.99,99999.99,99999.99,,,,,,,-9.99999999,-9.99999999,-9.99999999,,,1,ocean,United States,4.1,4.52,1354.65,2.22,19.81,2.04,196.221574,,09 110 209 57 76 110 79,9,110,209,57,76,110,79
5885259,,4296,104833,11/11/2011 14:07,3,60,29.739,N,-85.371,W,31.209,N,-92.605,W,4,0,-123,236,3,401 677626.0,0,09 112 209 53 79 110 90,,,,,,1321056473,11/11/2011 14:07,0,1321056473,11/11/2011 14:07,315,-1.22,-99.99,-99.99,-99.99,99999.99,99999.99,,,,,,,-9.99999999,-9.99999999,-9.99999999,,,1,ocean,United States,2.8,1.36,1356.01,1.67,19.88,0.82,325.0792406,,09 112 209 53 79 110 90,9,112,209,53,79,110,90
5885260,,4296,104833,11/12/2011 1:37,1,68,29.74,N,-85.364,W,36.526,N,-51.725,W,5,0,-127,185,2,401 677628.5,0,09 110 209 56 73 110 78,,,,,,1321097867,11/12/2011 1:37,0,1321097867,11/12/2011 1:37,316,-2,-99.99,-99.99,-99.99,99999.99,99999.99,,,,,,,-9.99999999,-9.99999999,-9.99999999,,,1,ocean,United States,3.1,0.69,1356.7,11.5,20.36,0.06,80.70166691,,09 110 209 56 73 110 78,9,110,209,56,73,110,78
5888172,,4296,104833,11/12/2011 3:16,0,60,29.743,N,-85.363,W,26.75,N,-99.809,W,4,1,-119,189,2,401 677628.3,0,09 116 209 49 85 110 76,,,,,,1321103772,11/12/2011 3:16,0,1321103772,11/12/2011 3:16,316,-2,-99.99,-99.99,-99.99,99999.99,99999.99,,,,,,,-9.99999999,-9.99999999,-9.99999999,,,1,ocean,United States,3,0.35,1357.05,1.64,20.42,0.21,16.21918393,,09 116 209 49 85 110 76,9,116,209,49,85,110,76
5888173,,4296,104833,11/12/2011 13:34,B,0,29.755,N,-85.391,W,26.999,N,-72.397,W,2,0,-121,250,2,401 677626.0,0,10 119 209 50 83 110 80,,,,,,1321140885,11/12/2011 13:34,0,1321140885,11/12/2011 13:34,316,0.51,19.53,19.04,19.63,99999.99,99999.99,,,,,,,-9.99999999,3.32377,3.51914,,,0,ocean,United States,0.5,3.02,1360.07,10.31,20.85,0.29,296.1641188,,10 119 209 50 83 110 80,10,119,209,50,83,110,80
5888175,,4296,104833,11/12/2011 15:24,A,0,29.725,N,-85.395,W,38.477,N,-129.347,W,3,0,-133,166,3,401 677615.0,0,10 117 209 47 81 110 82,,,,,,1321147440,11/12/2011 15:24,0,1321147440,11/12/2011 15:24,316,-0.05,19.46,19.38,19.91,99999.99,99999.99,,,,,,,-9.99999999,2.87674,3.19486,,,0,ocean,United States,3.8,3.36,1363.43,1.82,20.93,1.85,186.6380608,,10 117 209 47 81 110 82,10,117,209,47,81,110,82
5888176,,4296,104833,11/12/2011 17:09,A,8,29.762,N,-85.47,W,40.646,N,-34.167,W,3,0,-136,140,2,401 677599.2,0,10 110 209 53 83 110 97,,,,,,1321153768,11/12/2011 17:09,0,1321153768,11/12/2011 17:09,316,-16.08,20.6,19.93,20.26,99999.99,99999.99,,,,,,,1.02741,1.31561,1.27581,,,6,ocean,United States,7.9,8.34,1371.77,1.76,21,4.74,299.4988228,,10 110 209 53 83 110 97,10,110,209,53,83,110,97
5888178,,4296,104833,11/12/2011 18:48,A,8,29.776,N,-85.386,W,30.368,N,-83.129,W,3,0,-128,694,2,401 677622.1,0,10 114 208 53 76 106 96,,,,,,1321159682,11/12/2011 18:48,0,1321159682,11/12/2011 18:48,316,-1.52,19.57,18.78,19.42,99999.99,99999.99,,,,,,,-9.99999999,3.73857,3.84107,,,1,ocean,United States,1.9,8.26,1380.03,1.64,21.07,5.03,79.16397817,,10 114 208 53 76 106 96,10,114,208,53,76,106,96
5888179,,4296,104833,11/12/2011 19:51,B,0,30.037,N,-84.116,W,29.033,N,-86.821,W,2,0,-131,49,2,401 677615.0,0,10 123 208 53 80 118 90,,,,,,1321163502,11/12/2011 19:51,0,1321163502,11/12/2011 19:51,316,-1,18.93,17.78,17.74,99999.99,99999.99,,,,,,,11.001,13.4661,9.50615,,,5,ocean,United States,126.6,125.94,1505.97,1.06,21.12,118.69,76.41122195,,10 123 208 53 80 118 90,10,123,208,53,80,118,90
5888180,,4296,104833,11/13/2011 1:21,1,68,29.766,N,-85.371,W,38.874,N,-41.869,W,5,0,-125,186,4,401 677627.6,0,10 115 209 46 81 110 86,,,,,,1321183268,11/13/2011 1:21,0,1321183268,11/13/2011 1:21,317,-1.97,-99.99,-99.99,-99.99,99999.99,99999.99,,,,,,,-9.99999999,-9.99999999,-9.99999999,,,2,ocean,United States,1.8,124.81,1630.78,5.49,21.34,22.73,256.3936898,,10 115 209 46 81 110 86,10,115,209,46,81,110,86
5890583,,4296,104833,11/13/2011 18:31,0,60,29.783,N,-85.625,W,31.359,N,-77.68,W,5,0,-128,188,2,401 677636.5,0,10 114 210 51 65 110 234,,,,,,1321245111,11/13/2011 18:31,0,1321245111,11/13/2011 18:31,317,-27,21.02,20.97,21.37,-3.97,0.25,3.98,-86.39671136,,,,,-9.99999999,0.747237,0.811084,,,20,ocean,United States,23.1,24.61,1655.39,17.18,22.06,1.43,274.4501378,,10 114 210 51 65 110 234,10,114,210,51,65,110,234
5890584,,4296,104833,11/13/2011 20:21,B,0,29.769,N,-85.391,W,20.595,N,-126.647,W,2,0,-133,46,2,401 677627.6,0,10 115 210 49 84 106 97,,,,,,1321251664,11/13/2011 20:21,0,1321251664,11/13/2011 20:21,317,-0.62,18.73,18.91,19.52,99999.99,99999.99,,,,,,,4.80756,3.4904,3.61671,,,0,ocean,United States,1.2,22.66,1678.05,1.82,22.14,12.45,93.86517113,,10 115 210 49 84 106 97,10,115,210,49,84,106,97
5895991,,4296,104833,11/15/2011 10:35,B,0,29.742,N,-85.241,W,29.551,N,-84.475,W,2,0,-124,47,1,401 677627.6,0,11 111 211 50 80 110 87,,,,,,1321389329,11/15/2011 10:35,0,1321389329,11/15/2011 10:35,319,2.7,-99.99,-99.99,-99.99,99999.99,99999.99,,,,,,,-9.99999999,-9.99999999,-9.99999999,,,5,dry,United States,14.3,14.8,1692.85,38.24,23.73,0.39,101.6187724,,11 111 211 50 80 110 87,11,111,211,50,80,110,87
5895994,,4296,104833,11/15/2011 19:11,B,0,29.743,N,-85.399,W,33.305,N,-68.821,W,2,0,-125,332,1,401 677627.6,0,11 114 210 55 81 114 114,,,,,,1321420309,11/15/2011 19:11,0,1321420309,11/15/2011 19:11,319,1,19.65,19.25,19.79,99999.99,99999.99,,,,,,,-9.99999999,2.97141,3.18727,,,0,dry,United States,2.1,15.27,1708.12,8.61,24.09,1.77,270.4547247,,11 114 210 55 81 114 114,11,114,210,55,81,114,114
5898580,,4296,104833,11/16/2011 15:57,B,0,29.684,N,-85.306,W,32.973,N,-98.965,W,2,0,-123,61,1,401 677627.6,0,11 107 211 60 74 110 194,,,,,,1321495027,11/16/2011 15:57,0,1321495027,11/16/2011 15:57,320,1.35,20.45,19.66,19.85,99999.99,99999.99,,,,,,,-9.99999999,-9.99999999,-9.99999999,,,0,dry,United States,11.5,11.13,1719.25,20.75,24.95,0.54,125.9850116,,11 107 211 60 74 110 194,11,107,211,60,74,110,194
5901081,,4296,104833,11/17/2011 6:37,B,0,29.705,N,-85.307,W,23.616,N,-56.608,W,2,0,-130,69,1,401 677627.6,0,11 115 212 50 85 106 137,,,,,,1321547850,11/17/2011 6:37,0,1321547850,11/17/2011 6:37,321,0.75,20.95,20.1,19.71,99999.99,99999.99,,,,,,,-9.99999999,-9.99999999,-9.99999999,,,0,dry,United States,9.9,2.34,1721.59,14.67,25.56,0.16,357.6194871,,11 115 212 50 85 106 137,11,115,212,50,85,106,137
5901089,,4296,104833,11/18/2011 2:24,B,0,29.729,N,-85.406,W,22.728,N,-118.619,W,2,0,-129,47,1,401 677627.6,0,11 112 212 50 87 106 101,,,,,,1321619061,11/18/2011 2:24,0,1321619061,11/18/2011 2:24,322,-1.39,19.79,20.06,19.96,99999.99,99999.99,,,,,,,-9.99999999,-9.99999999,2.89848,,,1,ocean,United States,3.8,9.94,1731.53,19.78,26.39,0.5,285.5457333,,11 112 212 50 87 106 101,11,112,212,50,87,106,101
5904137,,4296,104833,11/18/2011 7:19,B,0,29.716,N,-85.377,W,22.485,N,-51.566,W,2,0,-132,373,1,401 677627.6,0,11 112 211 53 85 110 79,,,,,,1321636779,11/18/2011 7:19,0,1321636779,11/18/2011 7:19,322,-0.09,19.08,19.92,19.86,99999.99,99999.99,,,,,,,-9.99999999,-9.99999999,3.63498,,,0,ocean,United States,4.9,3.15,1734.68,4.92,26.59,0.64,117.1767829,,11 112 211 53 85 110 79,11,112,211,53,85,110,79
5904138,,4296,104833,11/18/2011 9:00,A,0,29.706,N,-85.39,W,32.315,N,-99.365,W,3,0,-136,762,2,401 677627.3,0,74 237 82 173 86 170 213,,,,,,1321642843,11/18/2011 9:00,0,1321642843,11/18/2011 9:00,322,-0.46,19.5,20.07,20.02,99999.99,99999.99,,,,,,,-9.99999999,-9.99999999,3.20975,,,0,ocean,United States,5.9,1.68,1736.36,1.68,26.66,1,228.6172561,,74 237 82 173 86 170 213,74,237,82,173,86,170,213
5904142,,4296,104833,11/19/2011 1:57,B,0,29.734,N,-85.376,W,25.347,N,-106.901,W,2,0,-130,47,2,401 677627.3,0,11 118 211 49 84 110 92,,,,,,1321703853,11/19/2011 1:57,0,1321703853,11/19/2011 1:57,323,-0.32,-99.99,19.79,19.69,99999.99,99999.99,,,,,,,-9.99999999,-9.99999999,3.82153,,,0,ocean,United States,3,3.4,1739.76,16.95,27.37,0.2,23.57474175,,11 118 211 49 84 110 92,11,118,211,49,84,110,92
5906456,,4296,104833,11/19/2011 12:18,B,0,29.745,N,-85.39,W,39.613,N,-133.752,W,2,0,-133,57,2,401 677627.3,0,12 117 211 52 84 118 89,,,,,,1321741114,11/19/2011 12:18,0,1321741114,11/19/2011 12:18,323,1,-99.99,19.84,19.71,99999.99,99999.99,,,,,,,-9.99999999,-9.99999999,3.48073,,,0,dry,United States,1.6,1.82,1741.58,10.35,27.8,0.18,312.0009428,,12 117 211 52 84 118 89,12,117,211,52,84,118,89
5906457,,4296,104833,11/20/2011 1:28,B,0,29.739,N,-85.367,W,27.726,N,-95.998,W,2,0,-130,47,2,401 677627.3,0,12 110 211 51 86 106 98,,,,,,1321788530,11/20/2011 1:28,0,1321788530,11/20/2011 1:28,324,-1.94,-99.99,-99.99,-99.99,99999.99,99999.99,,,,,,,-9.99999999,-9.99999999,-9.99999999,,,1,ocean,United States,3,2.32,1743.9,13.17,28.35,0.18,106.6372446,,12 110 211 51 86 106 98,12,110,211,51,86,106,98
5906458,,4296,104833,11/20/2011 2:51,A,0,29.742,N,-85.358,W,19.712,N,-129.235,W,3,0,-134,94,2,401 677621.3,0,12 123 211 47 83 114 99,,,,,,1321793460,11/20/2011 2:51,0,1321793460,11/20/2011 2:51,324,-2,-99.99,-99.99,-99.99,99999.99,99999.99,,,,,,,-9.99999999,-9.99999999,-9.99999999,,,2,ocean,United States,3.5,0.93,1744.83,1.37,28.41,0.68,69.09293433,,12 123 211 47 83 114 99,12,123,211,47,83,114,99
5908588,,4296,104833,11/20/2011 7:37,Z,30,29.196,N,-84.626,W,29.814,N,-94.616,W,3,0,-129,97,0,401 677643.2,0,12 108 211 52 85 106 98,,,,,,1321810637,11/20/2011 7:37,0,1321810637,11/20/2011 7:37,324,-31.67,22.36,22.8,22.95,3.29,-14.43,14.84,167.1562681,,,,,0.446085,0.452845,0.570762,,,55,ocean,United States,96.9,93.42,1838.25,4.77,28.61,19.58,130.2634368,,12 108 211 52 85 106 98,12,108,211,52,85,106,98
5908590,,4296,104833,11/20/2011 19:02,B,0,29.733,N,-85.329,W,28.588,N,-90.699,W,2,0,-128,194,1,401 677627.3,0,12 113 211 57 79 110 120,,,,,,1321851729,11/20/2011 19:02,0,1321851729,11/20/2011 19:02,324,-1.74,-99.99,-99.99,-99.99,99999.99,99999.99,,,,,,,-9.99999999,-9.99999999,-9.99999999,,,2,ocean,United States,6.4,90.64,1928.89,11.41,29.08,7.94,311.289657,,12 113 211 57 79 110 120,12,113,211,57,79,110,120
5911562,,4296,104833,11/21/2011 10:08,A,0,29.749,N,-85.368,W,39.591,N,-132.415,W,3,0,-133,125,2,401 677636.9,0,12 106 212 50 85 106 113,,,,,,1321906123,11/21/2011 10:08,0,1321906123,11/21/2011 10:08,325,-1.76,-99.99,-99.99,-99.99,99999.99,99999.99,,,,,,,-9.99999999,-9.99999999,-9.99999999,,,1,ocean,United States,2.2,4.17,1933.06,15.11,29.71,0.28,295.1881904,,12 106 212 50 85 106 113,12,106,212,50,85,106,113
5914126,,4296,104833,11/22/2011 7:17,B,0,29.668,N,-85.786,W,27.282,N,-78.32,W,2,0,-129,58,2,401 677636.9,0,12 108 212 53 85 110 129,,,,,,1321982223,11/22/2011 7:17,0,1321982223,11/22/2011 7:17,326,-35.16,22.44,22.62,22.36,-1.43,-2.12,4.97,-145.9992209,,,,,-9.99999999,0.540776,0.619577,,,38,ocean,United States,39.8,41.41,1974.47,21.14,30.59,1.96,257.5882298,,12 108 212 53 85 110 129,12,108,212,53,85,110,129
5922656,,4296,104833,11/26/2011 2:37,B,0,29.732,N,-85.437,W,20.946,N,-125.209,W,2,0,-134,50,1,401 677636.9,0,12 112 214 49 82 106 104,,,,,,1322311054,11/26/2011 2:37,0,1322311054,11/26/2011 2:37,330,-8.96,19.67,19.04,20.17,99999.99,99999.99,,,,,,,-9.99999999,1.91536,1.99409,,,3,ocean,United States,5.6,34.49,2008.96,91.34,34.4,0.38,78.05122959,,12 112 214 49 82 106 104,12,112,214,49,82,106,104
5924955,,4296,104833,11/26/2011 7:38,B,0,29.7,N,-85.292,W,23.86,N,-58.126,W,2,0,-125,104,1,401 677636.9,0,12 111 214 51 81 106 103,,,,,,1322329087,11/26/2011 7:38,0,1322329087,11/26/2011 7:38,330,1.48,-99.99,19.27,19.7,99999.99,99999.99,,,,,,,-9.99999999,-9.99999999,-9.99999999,,,1,dry,United States,11.4,14.46,2023.42,5.01,34.61,2.89,104.15233,,12 111 214 51 81 106 103,12,111,214,51,81,106,103
