DeployID,Ptt,DepthSensor,Instr,SW,RTC,Received,Time Offset,LocationQuality,Latitude,Longitude,Type,HauledOut,BrokenThermistor,BrokenLink,Transmits,BattVoltage,TransmitVoltage,TransmitCurrent,Temperature,Depth,MaxDepth,ZeroDepthOffset,LightLevel,NoDawnDusk,ReleaseType,ReleaseTime,InitiallyBroken,BurnMinutes,ReleaseDepth,FastGPSPower,TWICPower,PowerLimit,WetDry,MinWetDry,MaxWetDry,WetDryThreshold,StatusWord,TransmitPower,Resets,PreReleaseTilt,PreReleaseTiltSd,PreReleaseTiltCount,XmitQueue,FastGPSLocNumber,FastGPSFailures,BattDiscon,Tilt,S11,ReleaseWetDry,ReleaseTemperature
Ravi,226066,,Mk10,,00:48:21 18-Nov-2021,00:48:22 18-Nov-2021,1,A,47.6774,-122.1263,CRC,1,0,,,,1.240,0.124,,0.0,-40.0,0,,,,,,,,,,,255,74,255,119,256,,,,,,,60,1,0,,,,
Ravi,226066,,Mk10,,00:50:21 18-Nov-2021,00:50:22 18-Nov-2021,1,A,47.6774,-122.1263,CRC,1,0,,,,1.232,0.124,,-0.5,-40.0,0,,,,,,,,,,,255,74,255,119,256,,,,,,,60,1,0,,,,
Ravi,226066,,Mk10,,,01:21:22 18-Nov-2021,,3,47.6764,-122.1351,CRC,1,0,,130,3.312,1.232,0.124,4.30,0.0,-40.0,0,,,,,,,,,,,255,74,255,119,256,,,,,,,60,1,0,,,,
Ravi,226066,,Mk10,,01:26:21 18-Nov-2021,01:26:22 18-Nov-2021,1,3,47.6764,-122.1355,CRC,1,0,,,,1.240,0.124,,0.5,-40.0,0,,,,,,,,,,,255,74,255,119,256,,,,,,,60,1,0,,,,
Ravi,226066,,Mk10,,,01:27:22 18-Nov-2021,,3,47.6764,-122.1355,CRC,1,0,,136,3.312,1.232,0.124,4.10,0.0,-40.0,0,,,,,,,,,,,255,74,255,119,256,,,,,,,60,1,0,,,,
Ravi,226066,,Mk10,,01:28:21 18-Nov-2021,01:28:22 18-Nov-2021,1,3,47.6764,-122.1351,CRC,1,0,,,,1.240,0.124,,0.0,-40.0,0,,,,,,,,,,,255,74,255,119,256,,,,,,,60,1,0,,,,
Ravi,226066,,Mk10,,,01:29:22 18-Nov-2021,,3,47.6764,-122.1351,CRC,1,0,,138,3.312,1.240,0.124,4.10,0.0,-40.0,0,,,,,,,,,,,255,74,255,119,256,,,,,,,60,1,0,,,,
Ravi,226066,,Mk10,,01:30:21 18-Nov-2021,01:30:22 18-Nov-2021,1,3,47.6764,-122.1351,CRC,1,0,,,,1.240,0.124,,0.0,-40.0,0,,,,,,,,,,,255,74,255,119,256,,,,,,,60,1,0,,,,
Ravi,226066,,Mk10,,01:32:21 18-Nov-2021,01:32:22 18-Nov-2021,1,3,47.6764,-122.1355,CRC,1,0,,,,1.232,0.124,,0.0,-40.0,0,,,,,,,,,,,255,74,255,119,256,,,,,,,60,1,0,,,,
Ravi,226066,,Mk10,,01:34:21 18-Nov-2021,01:34:22 18-Nov-2021,1,3,47.6764,-122.1355,CRC,1,0,,,,1.240,0.124,,0.5,-40.0,0,,,,,,,,,,,255,74,255,119,256,,,,,,,60,1,0,,,,
Ravi,226066,,Mk10,,,01:35:22 18-Nov-2021,,3,47.6764,-122.1355,CRC,1,0,,144,3.312,1.240,0.124,4.20,-0.5,-40.0,0,,,,,,,,,,,255,74,255,119,256,,,,,,,60,1,0,,,,
Ravi,226066,,Mk10,,01:36:21 18-Nov-2021,01:36:22 18-Nov-2021,1,3,47.6764,-122.1355,CRC,1,0,,,,1.240,0.124,,-0.5,-40.0,0,,,,,,,,,,,255,74,255,119,256,,,,,,,60,1,0,,,,
Ravi,226066,,Mk10,,02:24:21 18-Nov-2021,02:24:22 18-Nov-2021,1,3,47.6776,-122.1320,CRC,1,0,,,,1.240,0.124,,0.0,-40.0,0,,,,,,,,,,,255,74,255,119,256,,,,,,,60,1,0,,,,
Ravi,226066,,Mk10,,,02:25:22 18-Nov-2021,,3,47.6776,-122.1320,,1,0,,194,3.248,1.232,0.124,3.30,44.0,374.0,0,,,,,,,,,,,,53,199,119,65480,,,,,,,,,0,,,,
Ravi,226066,,Mk10,,02:26:21 18-Nov-2021,02:26:22 18-Nov-2021,1,3,47.6776,-122.1320,CRC,1,0,,,,1.240,0.124,,0.0,-40.0,0,,,,,,,,,,,255,74,255,119,256,,,,,,,60,1,0,,,,
Ravi,226066,,Mk10,,,02:27:22 18-Nov-2021,,3,47.6776,-122.1320,CRC,1,0,,196,3.248,1.240,0.124,3.20,0.5,-40.0,0,,,,,,,,,,,255,74,255,119,256,,,,,,,60,1,0,,,,
Ravi,226066,,Mk10,,02:28:21 18-Nov-2021,02:28:22 18-Nov-2021,1,3,47.6776,-122.1320,CRC,1,0,,,,1.240,0.124,,0.5,-40.0,0,,,,,,,,,,,255,74,255,119,256,,,,,,,60,1,0,,,,
Ravi,226066,,Mk10,,,02:29:22 18-Nov-2021,,3,47.6776,-122.1320,CRC,1,0,,198,3.248,1.240,0.124,3.10,0.5,-40.0,0,,,,,,,,,,,255,74,255,119,256,,,,,,,60,1,0,,,,
Ravi,226066,,Mk10,,02:30:21 18-Nov-2021,02:30:22 18-Nov-2021,1,3,47.6776,-122.1320,CRC,1,0,,,,1.240,0.124,,0.5,-40.0,0,,,,,,,,,,,255,74,255,119,256,,,,,,,60,1,0,,,,
Ravi,226066,,Mk10,,,02:31:22 18-Nov-2021,,3,47.6776,-122.1320,CRC,1,0,,200,3.248,1.240,0.124,3.10,0.5,-40.0,0,,,,,,,,,,,255,74,255,119,256,,,,,,,60,1,0,,,,
Ravi,226066,,Mk10,,02:32:21 18-Nov-2021,02:32:22 18-Nov-2021,1,3,47.6776,-122.1320,CRC,1,0,,,,1.240,0.124,,0.5,-40.0,0,,,,,,,,,,,255,74,255,119,256,,,,,,,60,1,0,,,,
Ravi,226066,,Mk10,,,02:33:22 18-Nov-2021,,3,47.6776,-122.1320,CRC,1,0,,202,3.248,1.232,0.124,3.00,0.5,-40.0,0,,,,,,,,,,,255,74,255,119,256,,,,,,,60,1,0,,,,
Ravi,226066,,Mk10,,02:34:21 18-Nov-2021,02:34:22 18-Nov-2021,1,3,47.6776,-122.1320,CRC,1,0,,,,1.240,0.124,,0.0,-40.0,0,,,,,,,,,,,255,74,255,119,256,,,,,,,60,1,0,,,,
Ravi,226066,,Mk10,,,02:35:22 18-Nov-2021,,3,47.6776,-122.1320,CRC,1,0,,204,3.248,1.240,0.124,3.00,0.5,-40.0,0,,,,,,,,,,,255,74,255,119,256,,,,,,,60,1,0,,,,
Ravi,226066,,Mk10,,,02:59:22 18-Nov-2021,,3,47.6778,-122.1331,CRC,1,0,,228,3.248,1.240,0.124,2.50,0.0,-40.0,0,,,,,,,,,,,255,74,255,119,256,,,,,,,60,1,0,,,,
Ravi,226066,,Mk10,,03:00:21 18-Nov-2021,03:00:22 18-Nov-2021,1,3,47.6778,-122.1331,CRC,1,0,,,,1.240,0.124,,0.0,-40.0,0,,,,,,,,,,,255,74,255,119,256,,,,,,,60,1,0,,,,
Ravi,226066,,Mk10,,,03:01:22 18-Nov-2021,,3,47.6778,-122.1331,CRC,1,0,,230,3.248,1.240,0.124,2.50,0.5,-40.0,0,,,,,,,,,,,255,74,255,119,256,,,,,,,60,1,0,,,,
Ravi,226066,,Mk10,,03:02:21 18-Nov-2021,03:02:22 18-Nov-2021,1,3,47.6778,-122.1331,CRC,1,0,,,,1.240,0.124,,0.5,-40.0,0,,,,,,,,,,,255,74,255,119,256,,,,,,,60,1,0,,,,
Ravi,226066,,Mk10,,,03:03:22 18-Nov-2021,,3,47.6778,-122.1331,CRC,1,0,,232,3.248,1.232,0.124,2.50,0.5,-40.0,0,,,,,,,,,,,255,74,255,119,256,,,,,,,60,1,0,,,,
Ravi,226066,,Mk10,,03:04:21 18-Nov-2021,03:04:22 18-Nov-2021,1,3,47.6778,-122.1331,CRC,1,0,,,,1.240,0.124,,0.5,-40.0,0,,,,,,,,,,,255,74,255,119,256,,,,,,,60,1,0,,,,
Ravi,226066,,Mk10,,,03:05:22 18-Nov-2021,,3,47.6778,-122.1331,CRC,1,0,,234,3.248,1.240,0.124,2.50,0.0,-40.0,0,,,,,,,,,,,255,74,255,119,256,,,,,,,60,1,0,,,,
Ravi,226066,,Mk10,,03:06:21 18-Nov-2021,03:06:22 18-Nov-2021,1,3,47.6778,-122.1331,CRC,1,0,,,,1.240,0.124,,0.0,-40.0,0,,,,,,,,,,,255,74,255,119,256,,,,,,,60,1,0,,,,
Ravi,226066,,Mk10,,,03:07:22 18-Nov-2021,,3,47.6778,-122.1331,CRC,1,0,,236,3.248,1.240,0.124,2.60,0.5,-40.0,0,,,,,,,,,,,255,74,255,119,256,,,,,,,60,1,0,,,,
Ravi,226066,,Mk10,,03:08:21 18-Nov-2021,03:08:22 18-Nov-2021,1,3,47.6778,-122.1331,CRC,1,0,,,,1.240,0.124,,0.5,-40.0,0,,,,,,,,,,,255,74,255,119,256,,,,,,,60,1,0,,,,
Ravi,226066,,Mk10,,,03:09:22 18-Nov-2021,,3,47.6778,-122.1331,CRC,1,0,,238,3.248,1.240,0.124,2.70,0.0,-40.0,0,,,,,,,,,,,255,74,255,119,256,,,,,,,60,1,0,,,,
Ravi,226066,,Mk10,,03:10:21 18-Nov-2021,03:10:22 18-Nov-2021,1,3,47.6786,-122.1278,CRC,1,0,,,,1.240,0.124,,0.5,-40.0,0,,,,,,,,,,,255,74,255,119,256,,,,,,,60,1,0,,,,
Ravi,226066,,Mk10,,,03:11:22 18-Nov-2021,,3,47.6786,-122.1278,CRC,1,0,,240,3.248,1.240,0.124,2.80,0.5,-40.0,0,,,,,,,,,,,255,74,255,119,256,,,,,,,60,1,0,,,,
Ravi,226066,,Mk10,,03:12:21 18-Nov-2021,03:12:22 18-Nov-2021,1,3,47.6786,-122.1278,CRC,1,0,,,,1.240,0.124,,0.5,-40.0,0,,,,,,,,,,,255,74,255,119,256,,,,,,,60,1,0,,,,
Ravi,226066,,Mk10,,,03:13:22 18-Nov-2021,,3,47.6786,-122.1278,CRC,1,0,,242,3.248,1.240,0.124,2.80,0.0,-40.0,0,,,,,,,,,,,255,74,255,119,256,,,,,,,60,1,0,,,,
Ravi,226066,,Mk10,,03:14:21 18-Nov-2021,03:14:22 18-Nov-2021,1,3,47.6786,-122.1278,CRC,1,0,,,,1.240,0.124,,0.5,-40.0,0,,,,,,,,,,,255,74,255,119,256,,,,,,,60,1,0,,,,
Ravi,226066,,Mk10,,,03:15:22 18-Nov-2021,,3,47.6786,-122.1278,CRC,1,0,,244,3.248,1.240,0.124,2.90,0.5,-40.0,0,,,,,,,,,,,255,74,255,119,256,,,,,,,60,1,0,,,,
Ravi,226066,,Mk10,,03:16:21 18-Nov-2021,03:16:22 18-Nov-2021,1,3,47.6786,-122.1278,CRC,1,0,,,,1.240,0.124,,0.5,-40.0,0,,,,,,,,,,,255,74,255,119,256,,,,,,,60,1,0,,,,
Ravi,226066,,Mk10,,,03:17:22 18-Nov-2021,,3,47.6786,-122.1278,CRC,1,0,,246,3.248,1.240,0.124,2.90,0.0,-40.0,0,,,,,,,,,,,255,74,255,119,256,,,,,,,60,1,0,,,,
Ravi,226066,,Mk10,,03:26:21 18-Nov-2021,03:26:22 18-Nov-2021,1,3,47.6787,-122.1340,CRC,1,0,,,,1.240,0.124,,0.5,-40.0,0,,,,,,,,,,,255,74,255,119,256,,,,,,,60,1,0,,,,
Ravi,226066,,Mk10,,03:28:21 18-Nov-2021,03:28:22 18-Nov-2021,1,3,47.6787,-122.1340,CRC,1,0,,,,1.240,0.124,,0.0,-40.0,0,,,,,,,,,,,255,74,255,119,256,,,,,,,60,1,0,,,,
Ravi,226066,,Mk10,,,03:29:22 18-Nov-2021,,3,47.6787,-122.1340,CRC,1,0,,258,3.184,1.240,0.124,2.80,0.5,-40.0,0,,,,,,,,,,,255,74,255,119,256,,,,,,,60,1,0,,,,
Ravi,226066,,Mk10,,03:30:21 18-Nov-2021,03:30:22 18-Nov-2021,1,3,47.6787,-122.1340,CRC,1,0,,,,1.240,0.124,,0.5,-40.0,0,,,,,,,,,,,255,74,255,119,256,,,,,,,60,1,0,,,,
Ravi,226066,,Mk10,,03:32:21 18-Nov-2021,03:32:22 18-Nov-2021,1,3,47.6787,-122.1340,CRC,1,0,,,,1.240,0.124,,0.0,-40.0,0,,,,,,,,,,,255,74,255,119,256,,,,,,,60,1,0,,,,
Ravi,226066,,Mk10,,,03:33:22 18-Nov-2021,,3,47.6787,-122.1340,CRC,1,0,,262,3.184,1.240,0.124,2.70,0.0,-40.0,0,,,,,,,,,,,255,74,255,119,256,,,,,,,60,1,0,,,,
Ravi,226066,,Mk10,,03:34:21 18-Nov-2021,03:34:22 18-Nov-2021,1,3,47.6787,-122.1340,CRC,1,0,,,,1.240,0.124,,0.0,-40.0,0,,,,,,,,,,,255,74,255,119,256,,,,,,,60,1,0,,,,
Ravi,226066,,Mk10,,03:42:21 18-Nov-2021,03:42:22 18-Nov-2021,1,3,47.6774,-122.1322,CRC,1,0,,,,1.240,0.124,,0.0,-40.0,0,,,,,,,,,,,255,74,255,119,256,,,,,,,60,1,0,,,,
Ravi,226066,,Mk10,,03:44:21 18-Nov-2021,03:44:22 18-Nov-2021,1,3,47.6774,-122.1322,CRC,1,0,,,,1.232,0.124,,0.5,-40.0,0,,,,,,,,,,,255,74,255,119,256,,,,,,,60,1,0,,,,
Ravi,226066,,Mk10,,,03:45:22 18-Nov-2021,,3,47.6774,-122.1322,CRC,1,0,,274,3.184,1.232,0.124,2.60,0.5,-40.0,0,,,,,,,,,,,255,74,255,119,256,,,,,,,60,1,0,,,,
Ravi,226066,,Mk10,,03:46:21 18-Nov-2021,03:46:22 18-Nov-2021,1,3,47.6774,-122.1322,CRC,1,0,,,,1.232,0.124,,0.0,-40.0,0,,,,,,,,,,,255,74,255,119,256,,,,,,,60,1,0,,,,
Ravi,226066,,Mk10,,,03:47:22 18-Nov-2021,,3,47.6774,-122.1322,CRC,1,0,,276,3.184,1.240,0.124,2.50,0.0,-40.0,0,,,,,,,,,,,255,74,255,119,256,,,,,,,60,1,0,,,,
Ravi,226066,,Mk10,,03:48:21 18-Nov-2021,03:48:22 18-Nov-2021,1,3,47.6774,-122.1322,CRC,1,0,,,,1.240,0.124,,0.0,-40.0,0,,,,,,,,,,,255,74,255,119,256,,,,,,,60,1,0,,,,
Ravi,226066,,Mk10,,,03:49:22 18-Nov-2021,,3,47.6774,-122.1322,CRC,1,0,,278,3.184,1.240,0.124,2.50,0.5,-40.0,0,,,,,,,,,,,255,74,255,119,256,,,,,,,60,1,0,,,,
Ravi,226066,,Mk10,,03:50:21 18-Nov-2021,03:50:22 18-Nov-2021,1,3,47.6774,-122.1322,CRC,1,0,,,,1.240,0.124,,0.5,-40.0,0,,,,,,,,,,,255,74,255,119,256,,,,,,,60,1,0,,,,
Ravi,226066,,Mk10,,,04:05:22 18-Nov-2021,,3,47.6766,-122.1323,CRC,1,0,,294,3.184,1.240,0.124,2.40,0.5,-40.0,0,,,,,,,,,,,255,74,255,119,256,,,,,,,60,1,0,,,,
Ravi,226066,,Mk10,,04:06:21 18-Nov-2021,04:06:22 18-Nov-2021,1,3,47.6766,-122.1323,CRC,1,0,,,,1.240,0.124,,0.0,-40.0,0,,,,,,,,,,,255,74,255,119,256,,,,,,,60,1,0,,,,
Ravi,226066,,Mk10,,,04:07:22 18-Nov-2021,,3,47.6766,-122.1323,CRC,1,0,,296,3.184,1.240,0.124,2.40,0.0,-40.0,0,,,,,,,,,,,255,74,255,119,256,,,,,,,60,1,0,,,,
Ravi,226066,,Mk10,,04:08:21 18-Nov-2021,04:08:22 18-Nov-2021,1,3,47.6766,-122.1323,CRC,1,0,,,,1.240,0.124,,0.0,-40.0,0,,,,,,,,,,,255,74,255,119,256,,,,,,,60,1,0,,,,
Ravi,226066,,Mk10,,,04:09:22 18-Nov-2021,,3,47.6766,-122.1323,CRC,1,0,,298,3.184,1.240,0.124,2.40,0.5,-40.0,0,,,,,,,,,,,255,74,255,119,256,,,,,,,60,1,0,,,,
Ravi,226066,,Mk10,,04:10:21 18-Nov-2021,04:10:22 18-Nov-2021,1,3,47.6766,-122.1323,CRC,1,0,,,,1.240,0.124,,0.5,-40.0,0,,,,,,,,,,,255,74,255,119,256,,,,,,,60,1,0,,,,
Ravi,226066,,Mk10,,,04:11:22 18-Nov-2021,,3,47.6766,-122.1323,CRC,1,0,,300,3.184,1.232,0.124,2.40,0.0,-40.0,0,,,,,,,,,,,255,74,255,119,256,,,,,,,60,1,0,,,,
Ravi,226066,,Mk10,,04:12:21 18-Nov-2021,04:12:22 18-Nov-2021,1,3,47.6766,-122.1323,CRC,1,0,,,,1.240,0.124,,0.0,-40.0,0,,,,,,,,,,,255,74,255,119,256,,,,,,,60,1,0,,,,
Ravi,226066,,Mk10,,,04:13:22 18-Nov-2021,,3,47.6766,-122.1323,CRC,1,0,,302,3.184,1.240,0.124,2.40,0.0,-40.0,0,,,,,,,,,,,255,74,255,119,256,,,,,,,60,1,0,,,,
Ravi,226066,,Mk10,,04:14:21 18-Nov-2021,04:14:22 18-Nov-2021,1,3,47.6766,-122.1323,CRC,1,0,,,,1.240,0.124,,0.5,-40.0,0,,,,,,,,,,,255,74,255,119,256,,,,,,,60,1,0,,,,
Ravi,226066,,Mk10,,,04:15:22 18-Nov-2021,,3,47.6766,-122.1323,CRC,1,0,,304,3.184,1.240,0.124,2.40,0.5,-40.0,0,,,,,,,,,,,255,74,255,119,256,,,,,,,60,1,0,,,,
Ravi,226066,,Mk10,,04:16:21 18-Nov-2021,04:16:22 18-Nov-2021,1,3,47.6765,-122.1366,CRC,1,0,,,,1.240,0.124,,0.5,-40.0,0,,,,,,,,,,,255,74,255,119,256,,,,,,,60,1,0,,,,
Ravi,226066,,Mk10,,04:18:21 18-Nov-2021,04:18:22 18-Nov-2021,1,3,47.6765,-122.1366,CRC,1,0,,,,1.240,0.124,,0.0,-40.0,0,,,,,,,,,,,255,74,255,119,256,,,,,,,60,1,0,,,,
Ravi,226066,,Mk10,,04:20:21 18-Nov-2021,04:20:22 18-Nov-2021,1,3,47.6765,-122.1366,CRC,1,0,,,,1.240,0.124,,0.5,-40.0,0,,,,,,,,,,,255,74,255,119,256,,,,,,,60,1,0,,,,
Ravi,226066,,Mk10,,,04:21:22 18-Nov-2021,,3,47.6765,-122.1366,CRC,1,0,,310,3.184,1.240,0.124,2.40,0.5,-40.0,0,,,,,,,,,,,255,74,255,119,256,,,,,,,60,1,0,,,,
Ravi,226066,,Mk10,,04:22:21 18-Nov-2021,04:22:22 18-Nov-2021,1,3,47.6765,-122.1366,CRC,1,0,,,,1.240,0.124,,0.0,-40.0,0,,,,,,,,,,,255,74,255,119,256,,,,,,,60,1,0,,,,
Ravi,226066,,Mk10,,04:38:21 18-Nov-2021,04:38:22 18-Nov-2021,1,3,47.6746,-122.1304,CRC,1,0,,,,1.240,0.124,,0.0,-40.0,0,,,,,,,,,,,255,74,255,119,256,,,,,,,60,1,0,,,,
Ravi,226066,,Mk10,,,04:39:22 18-Nov-2021,,3,47.6746,-122.1304,CRC,1,0,,328,3.184,1.240,0.124,2.70,0.0,-40.0,0,,,,,,,,,,,255,74,255,119,256,,,,,,,60,1,0,,,,
Ravi,226066,,Mk10,,04:40:21 18-Nov-2021,04:40:22 18-Nov-2021,1,3,47.6746,-122.1304,CRC,1,0,,,,1.240,0.124,,0.5,-40.0,0,,,,,,,,,,,255,74,255,119,256,,,,,,,60,1,0,,,,
Ravi,226066,,Mk10,,,04:41:22 18-Nov-2021,,3,47.6746,-122.1304,CRC,1,0,,330,3.184,1.240,0.124,2.80,0.0,-40.0,0,,,,,,,,,,,255,74,255,119,256,,,,,,,60,1,0,,,,
Ravi,226066,,Mk10,,04:42:21 18-Nov-2021,04:42:22 18-Nov-2021,1,3,47.6746,-122.1304,CRC,1,0,,,,1.240,0.124,,0.5,-40.0,0,,,,,,,,,,,255,74,255,119,256,,,,,,,60,1,0,,,,
Ravi,226066,,Mk10,,,04:43:22 18-Nov-2021,,3,47.6746,-122.1304,CRC,1,0,,332,3.184,1.240,0.124,2.90,0.5,-40.0,0,,,,,,,,,,,255,74,255,119,256,,,,,,,60,1,0,,,,
Ravi,226066,,Mk10,,04:44:21 18-Nov-2021,04:44:22 18-Nov-2021,1,3,47.6746,-122.1304,CRC,1,0,,,,1.240,0.124,,0.5,-40.0,0,,,,,,,,,,,255,74,255,119,256,,,,,,,60,1,0,,,,
Ravi,226066,,Mk10,,,04:45:22 18-Nov-2021,,3,47.6746,-122.1304,CRC,1,0,,334,3.184,1.240,0.124,2.80,0.0,-40.0,0,,,,,,,,,,,255,74,255,119,256,,,,,,,60,1,0,,,,
Ravi,226066,,Mk10,,04:46:21 18-Nov-2021,04:46:22 18-Nov-2021,1,3,47.6746,-122.1304,CRC,1,0,,,,1.240,0.124,,0.0,-40.0,0,,,,,,,,,,,255,74,255,119,256,,,,,,,60,1,0,,,,
Ravi,226066,,Mk10,,04:50:21 18-Nov-2021,04:50:22 18-Nov-2021,1,3,47.6743,-122.1267,CRC,1,0,,,,1.240,0.124,,0.5,-40.0,0,,,,,,,,,,,255,74,255,119,256,,,,,,,60,1,0,,,,
Ravi,226066,,Mk10,,,04:51:22 18-Nov-2021,,3,47.6743,-122.1267,CRC,1,0,,340,3.184,1.240,0.124,3.00,0.5,-40.0,0,,,,,,,,,,,255,74,255,119,256,,,,,,,60,1,0,,,,
Ravi,226066,,Mk10,,04:52:21 18-Nov-2021,04:52:22 18-Nov-2021,1,3,47.6743,-122.1267,CRC,1,0,,,,1.240,0.124,,0.5,-40.0,0,,,,,,,,,,,255,74,255,119,256,,,,,,,60,1,0,,,,
Ravi,226066,,Mk10,,,04:53:22 18-Nov-2021,,3,47.6743,-122.1267,CRC,1,0,,342,3.184,1.240,0.124,3.10,0.5,-40.0,0,,,,,,,,,,,255,74,255,119,256,,,,,,,60,1,0,,,,
Ravi,226066,,Mk10,,04:54:21 18-Nov-2021,04:54:22 18-Nov-2021,1,3,47.6743,-122.1267,CRC,1,0,,,,1.240,0.124,,0.5,-40.0,0,,,,,,,,,,,255,74,255,119,256,,,,,,,60,1,0,,,,
Ravi,226066,,Mk10,,,04:55:22 18-Nov-2021,,3,47.6743,-122.1267,CRC,1,0,,344,3.184,1.240,0.124,3.10,0.5,-40.0,0,,,,,,,,,,,255,74,255,119,256,,,,,,,60,1,0,,,,
Ravi,226066,,Mk10,,05:02:21 18-Nov-2021,05:02:22 18-Nov-2021,1,1,47.6829,-122.1139,CRC,1,0,,,,1.240,0.124,,0.0,-40.0,0,,,,,,,,,,,255,74,255,119,256,,,,,,,60,1,0,,,,
Ravi,226066,,Mk10,,,05:03:22 18-Nov-2021,,1,47.6829,-122.1139,CRC,1,0,,352,3.184,1.240,0.124,3.40,0.5,-40.0,0,,,,,,,,,,,255,74,255,119,256,,,,,,,60,1,0,,,,
Ravi,226066,,Mk10,,05:04:21 18-Nov-2021,05:04:22 18-Nov-2021,1,1,47.6829,-122.1139,CRC,1,0,,,,1.232,0.124,,0.5,-40.0,0,,,,,,,,,,,255,74,255,119,256,,,,,,,60,1,0,,,,
Ravi,226066,,Mk10,,,05:05:22 18-Nov-2021,,1,47.6829,-122.1139,CRC,1,0,,354,3.184,1.232,0.124,3.60,0.0,-40.0,0,,,,,,,,,,,255,74,255,119,256,,,,,,,60,1,0,,,,
Ravi,226066,,Mk10,,05:06:21 18-Nov-2021,05:06:22 18-Nov-2021,1,1,47.6829,-122.1139,CRC,1,0,,,,1.240,0.124,,0.5,-40.0,0,,,,,,,,,,,255,74,255,119,256,,,,,,,60,1,0,,,,
Ravi,226066,,Mk10,,,05:07:22 18-Nov-2021,,1,47.6829,-122.1139,CRC,1,0,,356,3.184,1.240,0.124,3.60,0.0,-40.0,0,,,,,,,,,,,255,74,255,119,256,,,,,,,60,1,0,,,,
Ravi,226066,,Mk10,,05:08:21 18-Nov-2021,05:08:22 18-Nov-2021,1,1,47.6829,-122.1139,CRC,1,0,,,,1.232,0.124,,0.0,-40.0,0,,,,,,,,,,,255,74,255,119,256,,,,,,,60,1,0,,,,
Ravi,226066,,Mk10,,,05:09:22 18-Nov-2021,,1,47.6829,-122.1139,CRC,1,0,,358,3.184,1.240,0.124,3.50,0.5,-40.0,0,,,,,,,,,,,255,74,255,119,256,,,,,,,60,1,0,,,,
Ravi,226066,,Mk10,,05:10:21 18-Nov-2021,05:10:22 18-Nov-2021,1,1,47.6829,-122.1139,CRC,1,0,,,,1.240,0.124,,0.0,-40.0,0,,,,,,,,,,,255,74,255,119,256,,,,,,,60,1,0,,,,
Ravi,226066,,Mk10,,,05:11:22 18-Nov-2021,,1,47.6829,-122.1139,CRC,1,0,,360,3.184,1.240,0.124,3.60,0.0,-40.0,0,,,,,,,,,,,255,74,255,119,256,,,,,,,60,1,0,,,,
Ravi,226066,,Mk10,,05:12:21 18-Nov-2021,05:12:22 18-Nov-2021,1,1,47.6829,-122.1139,CRC,1,0,,,,1.240,0.124,,0.5,-40.0,0,,,,,,,,,,,255,74,255,119,256,,,,,,,60,1,0,,,,
Ravi,226066,,Mk10,,,05:13:22 18-Nov-2021,,1,47.6829,-122.1139,CRC,1,0,,362,3.184,1.232,0.124,3.60,0.5,-40.0,0,,,,,,,,,,,255,74,255,119,256,,,,,,,60,1,0,,,,
Ravi,226066,,Mk10,,05:14:21 18-Nov-2021,05:14:22 18-Nov-2021,1,1,47.6829,-122.1139,CRC,1,0,,,,1.232,0.124,,0.0,-40.0,0,,,,,,,,,,,255,74,255,119,256,,,,,,,60,1,0,,,,
Ravi,226066,,Mk10,,,05:17:22 18-Nov-2021,,2,47.6836,-122.1084,CRC,1,0,,366,3.184,1.240,0.124,3.70,0.0,-40.0,0,,,,,,,,,,,255,74,255,119,256,,,,,,,60,1,0,,,,
Ravi,226066,,Mk10,,05:18:21 18-Nov-2021,05:18:22 18-Nov-2021,1,2,47.6836,-122.1084,CRC,1,0,,,,1.240,0.124,,0.5,-40.0,0,,,,,,,,,,,255,74,255,119,256,,,,,,,60,1,0,,,,
Ravi,226066,,Mk10,,,05:19:22 18-Nov-2021,,2,47.6836,-122.1084,CRC,1,0,,368,3.184,1.240,0.124,3.80,0.0,-40.0,0,,,,,,,,,,,255,74,255,119,256,,,,,,,60,1,0,,,,
Ravi,226066,,Mk10,,05:20:21 18-Nov-2021,05:20:22 18-Nov-2021,1,2,47.6836,-122.1084,CRC,1,0,,,,1.240,0.124,,0.0,-40.0,0,,,,,,,,,,,255,74,255,119,256,,,,,,,60,1,0,,,,
Ravi,226066,,Mk10,,,05:21:22 18-Nov-2021,,2,47.6836,-122.1084,CRC,1,0,,370,3.184,1.240,0.124,3.90,0.5,-40.0,0,,,,,,,,,,,255,74,255,119,256,,,,,,,60,1,0,,,,
Ravi,226066,,Mk10,,05:22:21 18-Nov-2021,05:22:22 18-Nov-2021,1,2,47.6836,-122.1084,CRC,1,0,,,,1.232,0.124,,0.0,-40.0,0,,,,,,,,,,,255,74,255,119,256,,,,,,,60,1,0,,,,
Ravi,226066,,Mk10,,,05:23:22 18-Nov-2021,,2,47.6836,-122.1084,CRC,1,0,,372,3.184,1.240,0.124,3.90,0.5,-40.0,0,,,,,,,,,,,255,74,255,119,256,,,,,,,60,1,0,,,,
Ravi,226066,,Mk10,,05:24:21 18-Nov-2021,05:24:22 18-Nov-2021,1,2,47.6836,-122.1084,CRC,1,0,,,,1.240,0.124,,0.0,-40.0,0,,,,,,,,,,,255,74,255,119,256,,,,,,,60,1,0,,,,
Ravi,226066,,Mk10,,,05:25:22 18-Nov-2021,,2,47.6836,-122.1084,CRC,1,0,,374,3.184,1.240,0.124,3.90,0.0,-40.0,0,,,,,,,,,,,255,74,255,119,256,,,,,,,60,1,0,,,,
Ravi,226066,,Mk10,,05:26:21 18-Nov-2021,05:26:22 18-Nov-2021,1,2,47.6836,-122.1084,CRC,1,0,,,,1.240,0.124,,0.0,-40.0,0,,,,,,,,,,,255,74,255,119,256,,,,,,,60,1,0,,,,
Ravi,226066,,Mk10,,,05:27:22 18-Nov-2021,,2,47.6836,-122.1084,CRC,1,0,,376,3.184,1.240,0.124,3.90,0.0,-40.0,0,,,,,,,,,,,255,74,255,119,256,,,,,,,60,1,0,,,,
Ravi,226066,,Mk10,,05:28:21 18-Nov-2021,05:28:22 18-Nov-2021,1,2,47.6836,-122.1084,CRC,1,0,,,,1.232,0.124,,-0.5,-40.0,0,,,,,,,,,,,255,74,255,119,256,,,,,,,60,1,0,,,,
Ravi,226066,,Mk10,,05:30:21 18-Nov-2021,05:30:22 18-Nov-2021,1,2,47.6836,-122.1084,CRC,1,0,,,,1.240,0.124,,-0.5,-40.0,0,,,,,,,,,,,255,74,255,119,256,,,,,,,60,1,0,,,,
Ravi,226066,,Mk10,,,05:31:22 18-Nov-2021,,2,47.6836,-122.1084,CRC,1,0,,380,3.184,1.240,0.124,4.10,0.0,-40.0,0,,,,,,,,,,,255,74,255,119,256,,,,,,,60,1,0,,,,
Ravi,226066,,Mk10,,21:17:34 07-Dec-2021,21:17:37 07-Dec-2021,3,3,-3.8467,-32.4157,CRC,1,0,,,,1.232,0.152,,-4.0,0.0,1,,,,,,,,,,,255,255,255,80,,,,,,,,68,1,0,,,,
Ravi,226066,,Mk10,,,20:54:59 29-Jan-2022,,2,-3.8517,-32.4454,CRC,0,0,,1092,3.376,1.224,0.148,28.10,-3.5,0.0,5,,,,,,,,,,,255,255,255,90,,,,,,,,81,2,0,,,,
Ravi,226066,,Mk10,,12:19:30 30-Jan-2022,12:19:39 30-Jan-2022,9,0,-3.8911,-32.5021,CRC,0,0,,,,1.232,0.136,,-2.0,34.0,5,,,,,,,,,,,255,29,255,90,16,,,,,,,101,11,0,,,,
Ravi,226066,,Mk10,,,08:29:47 01-Feb-2022,,A,-3.8795,-32.4639,CRC,0,0,,1796,3.376,1.232,0.148,28.00,-3.0,44.0,6,,,,,,,,,,,215,16,255,76,16,,,,,,,145,24,0,,,,
Ravi,226066,,Mk10,,23:20:12 01-Feb-2022,23:20:22 01-Feb-2022,10,A,-3.8352,-32.4312,CRC,0,0,,,,1.232,0.144,,-2.5,44.0,5,,,,,,,,,,,223,16,255,76,16,,,,,,,157,24,0,,,,
Ravi,226066,,Mk10,,10:45:40 02-Feb-2022,10:45:50 02-Feb-2022,10,0,-3.9499,-32.4534,CRC,0,0,,,,1.232,0.148,,-2.5,46.0,4,,,,,,,,,,,255,17,255,76,16,,,,,,,168,27,0,,,,
Ravi,226066,,Mk10,,,12:57:02 02-Feb-2022,,0,-3.8766,-32.4507,CRC,0,0,,2180,3.376,1.232,0.152,28.20,-2.0,46.0,4,,,,,,,,,,,255,17,255,76,16,,,,,,,170,27,0,,,,
Ravi,226066,,Mk10,,,20:32:24 02-Feb-2022,,0,-3.8554,-32.4471,CRC,0,0,,2308,3.376,1.232,0.144,28.10,-2.5,46.0,4,,,,,,,,,,,203,17,255,76,16,,,,,,,180,32,0,,,,
Ravi,226066,,Mk10,,,10:57:43 03-Feb-2022,,0,-3.8460,-32.4546,CRC,0,0,,2436,3.312,1.232,0.180,28.00,-2.0,46.0,4,,,,,,,,,,,255,16,255,76,16,,,,,,,196,40,0,,,,
Ravi,226066,,Mk10,,13:25:31 07-Feb-2022,13:25:41 07-Feb-2022,10,0,-3.8245,-32.4864,CRC,0,0,,,,1.232,0.156,,-0.5,42.0,1,,,,,,,,,,,100,16,255,75,16,,,,,,,303,81,0,,,,
Ravi,226066,,Mk10,,,20:25:26 08-Feb-2022,,0,-3.7467,-32.5761,CRC,0,0,,4164,3.376,1.232,0.156,28.10,-0.5,40.0,2,,,,,,,,,,,255,16,255,75,16,,,,,,,333,88,0,,,,
Ravi,226066,,Mk10,,01:10:44 09-Feb-2022,01:10:54 09-Feb-2022,10,A,-3.7911,-32.5705,CRC,0,0,,,,1.232,0.188,,-2.5,50.0,4,,,,,,,,,,,184,16,255,75,16,,,,,,,337,89,0,,,,
Ravi,226066,,Mk10,,10:59:38 09-Feb-2022,10:59:48 09-Feb-2022,10,A,-3.8950,-32.4715,CRC,0,0,,,,1.232,0.188,,-1.0,50.0,4,,,,,,,,,,,240,16,255,75,16,,,,,,,348,93,0,,,,
Ravi,226066,,Mk10,,,22:10:25 09-Feb-2022,,A,-3.8564,-32.4617,CRC,0,0,,4484,3.376,1.232,0.144,28.30,-2.0,50.0,3,,,,,,,,,,,241,16,255,75,16,,,,,,,359,96,0,,,,
Ravi,226066,,Mk10,,,00:29:37 11-Feb-2022,,A,-3.8548,-32.4812,CRC,0,0,,4804,3.376,1.232,0.136,28.20,-2.0,44.0,4,,,,,,,,,,,200,16,255,75,16,,,,,,,382,99,0,,,,
Ravi,226066,,Mk10,,10:57:21 11-Feb-2022,10:57:31 11-Feb-2022,10,0,-3.8832,-32.4948,CRC,0,0,,,,1.232,0.144,,-2.5,44.0,6,,,,,,,,,,,169,16,255,75,16,,,,,,,393,103,0,,,,
Ravi,226066,,Mk10,,,12:39:36 11-Feb-2022,,1,-3.8785,-32.4587,CRC,0,0,,4932,3.376,1.232,0.144,28.10,-2.0,44.0,5,,,,,,,,,,,248,16,255,75,16,,,,,,,395,104,0,,,,
Ravi,226066,,Mk10,,20:14:34 12-Feb-2022,20:14:45 12-Feb-2022,11,0,-3.9193,-32.4244,CRC,0,0,,,,1.232,0.140,,-3.0,42.0,4,,,,,,,,,,,255,16,255,75,16,,,,,,,428,114,0,,,,
Ravi,226066,,Mk10,,,10:02:15 14-Feb-2022,,1,-3.8765,-32.4750,CRC,0,0,,5764,3.376,1.232,0.140,28.00,-1.0,52.0,3,,,,,,,,,,,188,16,255,73,16,,,,,,,471,132,0,,,,
Ravi,226066,,Mk10,,12:10:44 14-Feb-2022,12:10:54 14-Feb-2022,10,0,-3.8679,-32.4680,CRC,0,0,,,,1.232,0.140,,-0.5,52.0,2,,,,,,,,,,,206,16,255,73,16,,,,,,,473,132,0,,,,
Ravi,226066,,Mk10,,,22:48:26 15-Feb-2022,,B,-3.8681,-32.4645,CRC,0,0,,6276,3.312,1.232,0.212,28.20,-3.0,76.0,5,,,,,,,,,,,159,15,255,69,16,,,,,,,519,156,0,,,,
Ravi,226066,,Mk10,,,19:57:28 16-Feb-2022,,A,-3.8531,-32.4600,CRC,0,0,,6532,3.376,1.232,0.160,28.60,-3.0,42.0,5,,,,,,,,,,,195,15,255,69,16,,,,,,,542,164,0,,,,
Ravi,226066,,Mk10,,,13:07:37 17-Feb-2022,,0,-3.8536,-32.4485,CRC,0,0,,6724,3.376,1.232,0.148,28.00,-2.0,42.0,5,,,,,,,,,,,255,16,255,69,16,,,,,,,561,171,0,,,,
Ravi,226066,,Mk10,,00:09:20 19-Feb-2022,00:09:31 19-Feb-2022,11,A,-3.8465,-32.4282,CRC,0,0,,,,1.232,0.140,,-2.0,44.0,5,,,,,,,,,,,255,16,255,69,16,,,,,,,594,179,0,,,,
Ravi,226066,,Mk10,,,10:43:11 21-Feb-2022,,0,-3.8563,-32.4591,CRC,0,0,,7812,3.376,1.232,0.144,28.00,-2.5,52.0,4,,,,,,,,,,,255,15,255,69,16,,,,,,,652,197,0,,,,
Ravi,226066,,Mk10,,13:25:38 24-Feb-2022,13:25:49 24-Feb-2022,11,1,-3.8856,-32.4614,CRC,0,0,,,,1.224,0.148,,-2.0,42.0,5,,,,,,,,,,,240,14,255,69,16,,,,,,,734,231,0,,,,
Ravi,226066,,Mk10,,20:12:43 25-Feb-2022,20:12:55 25-Feb-2022,12,A,-3.8598,-32.4851,CRC,0,0,,,,1.232,0.140,,-2.5,48.0,5,,,,,,,,,,,211,14,255,69,16,,,,,,,768,245,0,,,,
Ravi,226066,,Mk10,,,20:21:07 27-Feb-2022,,B,-3.8651,-32.4461,CRC,0,0,,9348,3.376,1.232,0.140,28.40,-2.0,42.0,5,,,,,,,,,,,199,14,255,69,16,,,,,,,819,264,0,,,,
Ravi,226066,,Mk10,,,20:46:04 01-Mar-2022,,B,-3.8840,-32.4489,CRC,0,0,,9796,3.376,1.232,0.144,28.30,-2.0,40.0,4,,,,,,,,,,,194,14,255,69,16,,,,,,,881,298,0,,,,
Ravi,226066,,Mk10,,12:16:07 05-Mar-2022,12:16:20 05-Mar-2022,13,1,-3.8838,-32.4747,CRC,0,0,,,,1.232,0.148,,-2.5,40.0,5,,,,,,,,,,,253,14,255,74,16,,,,,,,988,348,0,,,,
Ravi,226066,,Mk10,,,11:24:41 06-Mar-2022,,A,-3.8783,-32.4480,CRC,0,0,,10820,3.376,1.232,0.136,28.40,-2.5,36.0,4,,,,,,,,,,,223,14,255,73,16,,,,,,,1024,371,0,,,,
Ravi,226066,,Mk10,,09:05:49 08-Mar-2022,09:06:02 08-Mar-2022,13,1,-3.8674,-32.4579,CRC,0,0,,,,1.232,0.148,,-2.5,36.0,5,,,,,,,,,,,230,14,255,74,16,,,,,,,1098,424,0,,,,
Ravi,226066,,Mk10,,,10:32:45 09-Mar-2022,,1,-3.8816,-32.4596,CRC,0,0,,11524,3.376,1.232,0.156,28.40,-2.5,36.0,5,,,,,,,,,,,213,14,255,74,16,,,,,,,1127,435,0,,,,
Ravi,226066,,Mk10,,,08:30:17 12-Mar-2022,,B,-3.8527,-32.4723,CRC,0,0,,12292,3.312,1.232,0.216,28.30,-1.5,36.0,3,,,,,,,,,,,255,14,255,74,16,,,,,,,1213,477,0,,,,
Ravi,226066,,Mk10,,12:35:21 14-Mar-2022,12:35:34 14-Mar-2022,13,B,-3.8584,-32.4673,CRC,0,0,,,,1.232,0.156,,-2.0,34.0,4,,,,,,,,,,,212,14,255,73,16,,,,,,,1282,516,0,,,,
Ravi,226066,,Mk10,,,19:39:57 14-Mar-2022,,1,-3.8732,-32.4552,CRC,0,0,,12932,3.312,1.232,0.260,28.70,-2.5,34.0,5,,,,,,,,,,,255,14,255,73,16,,,,,,,1288,517,0,,,,
Ravi,226066,,Mk10,,,11:15:14 15-Mar-2022,,A,-3.9192,-32.4610,CRC,0,0,,13060,3.376,1.232,0.164,28.50,-2.5,32.0,5,,,,,,,,,,,255,14,255,74,16,,,,,,,1312,534,0,,,,
Ravi,226066,,Mk10,,11:23:57 22-Mar-2022,11:24:11 22-Mar-2022,14,0,-3.8818,-32.4553,CRC,0,0,,,,1.232,0.240,,-3.5,34.0,5,,,,,,,,,,,254,14,255,74,16,,,,,,,1559,696,0,,,,
Ravi,226066,,Mk10,,20:15:12 22-Mar-2022,20:15:26 22-Mar-2022,14,B,-3.8653,-32.4614,CRC,0,0,,,,1.232,0.148,,-2.0,34.0,5,,,,,,,,,,,155,14,255,74,16,,,,,,,1566,697,0,,,,
Ravi,226066,,Mk10,,20:19:07 24-Mar-2022,20:19:22 24-Mar-2022,15,B,-3.8882,-32.4528,CRC,0,0,,,,1.232,0.144,,-2.5,34.0,5,,,,,,,,,,,242,14,255,73,16,,,,,,,1639,742,0,,,,
Ravi,226066,,Mk10,,,12:27:41 26-Mar-2022,,0,-3.8921,-32.4389,CRC,0,0,,16068,3.376,1.232,0.156,28.70,-2.5,32.0,6,,,,,,,,,,,240,14,255,73,16,,,,,,,1700,780,0,,,,
Ravi,226066,,Mk10,,,23:12:12 26-Mar-2022,,A,-3.8846,-32.4528,CRC,0,0,,16196,3.376,1.232,0.144,28.70,-4.0,32.0,5,,,,,,,,,,,210,14,255,73,16,,,,,,,1710,783,0,,,,
Ravi,226066,,Mk10,,,20:49:05 28-Mar-2022,,B,-3.8824,-32.4679,CRC,0,0,,16772,3.376,1.232,0.144,29.00,-2.0,32.0,6,,,,,,,,,,,74,13,255,73,16,,,,,,,1778,826,0,,,,
Ravi,226066,,Mk10,,08:34:31 29-Mar-2022,08:34:46 29-Mar-2022,15,1,-3.8779,-32.4441,CRC,0,0,,,,1.232,0.152,,-3.0,38.0,4,,,,,,,,,,,232,14,255,74,16,,,,,,,1796,837,0,,,,
Ravi,226066,,Mk10,,19:43:28 30-Mar-2022,19:43:43 30-Mar-2022,15,1,-3.8792,-32.4421,CRC,0,0,,,,1.232,0.184,,-2.5,34.0,5,,,,,,,,,,,255,14,255,67,16,,,,,,,1842,863,0,,,,
Ravi,226066,,Mk10,,08:52:49 31-Mar-2022,08:53:04 31-Mar-2022,15,0,-3.8432,-32.4588,CRC,0,0,,,,1.232,0.164,,-1.5,32.0,6,,,,,,,,,,,222,14,255,67,16,,,,,,,1865,880,0,,,,
Ravi,226066,,Mk10,,20:00:47 31-Mar-2022,20:01:02 31-Mar-2022,15,0,-3.8411,-32.4433,CRC,0,0,,,,1.232,0.264,,-2.0,32.0,5,,,,,,,,,,,233,14,255,67,16,,,,,,,1876,882,0,,,,
Ravi,226066,,Mk10,,08:29:31 01-Apr-2022,08:29:46 01-Apr-2022,15,1,-3.8881,-32.4553,CRC,0,0,,,,1.232,0.144,,-3.5,26.0,3,,,,,,,,,,,240,14,255,68,16,,,,,,,1899,899,0,,,,
Ravi,226066,,Mk10,,12:03:40 01-Apr-2022,12:03:55 01-Apr-2022,15,0,-3.8879,-32.4337,CRC,0,0,,,,1.224,0.144,,-2.5,26.0,6,,,,,,,,,,,239,14,255,68,16,,,,,,,1903,900,0,,,,
Ravi,226066,,Mk10,,10:41:24 04-Apr-2022,10:41:40 04-Apr-2022,16,A,-3.8776,-32.4515,CRC,0,0,,,,1.232,0.212,,-2.5,34.0,7,,,,,,,,,,,244,13,255,69,16,,,,,,,2018,978,0,,,,
Ravi,226066,,Mk10,,,20:53:56 05-Apr-2022,,0,-4.1437,-32.6612,CRC,0,0,,19268,3.312,1.232,0.232,28.60,-2.0,36.0,4,,,,,,,,,,,215,13,255,69,16,,,,,,,2064,1001,0,,,,
Ravi,226066,,Mk10,,,00:31:51 07-Apr-2022,,0,-5.0504,-33.3485,CRC,0,0,,19908,3.312,1.232,0.176,28.60,-2.5,54.0,5,,,,,,,,,,,195,13,255,69,16,,,,,,,2092,1004,0,,,,
Ravi,226066,,Mk10,,09:15:09 07-Apr-2022,09:15:25 07-Apr-2022,16,2,-5.3086,-33.5462,CRC,0,0,,,,1.232,0.240,,-2.5,54.0,5,,,,,,,,,,,207,13,255,69,16,,,,,,,2102,1007,0,,,,
Ravi,226066,,Mk10,,21:45:32 07-Apr-2022,21:45:47 07-Apr-2022,15,0,-5.5970,-33.9231,CRC,0,0,,,,1.232,0.168,,-2.5,54.0,5,,,,,,,,,,,222,13,255,69,16,,,,,,,2116,1010,0,,,,
Ravi,226066,,Mk10,,00:23:10 08-Apr-2022,00:23:26 08-Apr-2022,16,1,-5.6456,-33.9772,CRC,0,0,,,,1.232,0.176,,-2.5,64.0,4,,,,,,,,,,,192,13,255,69,16,,,,,,,2118,1010,0,,,,
Ravi,226066,,Mk10,,,13:18:46 08-Apr-2022,,3,-5.8867,-34.3306,CRC,0,0,,20932,3.312,1.232,0.168,29.00,-2.5,64.0,4,,,,,,,,,,,220,13,255,69,16,,,,,,,2131,1012,0,,,,
Ravi,226066,,Mk10,,,20:01:57 08-Apr-2022,,1,-6.0002,-34.5449,CRC,0,0,,21124,3.312,1.224,0.164,29.20,-2.5,64.0,4,,,,,,,,,,,77,13,255,69,16,,,,,,,2141,1016,0,,,,
Ravi,226066,,Mk10,,,22:23:11 08-Apr-2022,,3,-6.0177,-34.5998,CRC,0,0,,21188,3.376,1.232,0.140,29.10,-2.0,64.0,4,,,,,,,,,,,149,13,255,69,16,,,,,,,2143,1016,0,,,,
Ravi,226066,,Mk10,,,00:57:24 09-Apr-2022,,0,-6.0544,-34.6777,CRC,0,0,,21252,3.312,1.232,0.152,29.10,-2.0,58.0,4,,,,,,,,,,,170,13,255,69,16,,,,,,,2146,1017,0,,,,
Ravi,226066,,Mk10,,09:55:37 09-Apr-2022,09:55:53 09-Apr-2022,16,1,-6.0556,-34.8619,CRC,0,0,,,,1.232,0.180,,-2.5,58.0,4,,,,,,,,,,,195,13,255,69,16,,,,,,,2156,1019,0,,,,
Ravi,226066,,Mk10,,09:41:14 10-Apr-2022,09:41:30 10-Apr-2022,16,1,-6.4056,-34.9281,CRC,0,0,,,,1.232,0.160,,-1.5,58.0,4,,,,,,,,,,,217,13,255,73,16,,,,,,,2185,1029,0,,,,
Ravi,226066,,Mk10,,,21:51:38 10-Apr-2022,,1,-6.5710,-34.8910,,0,0,,22148,3.376,1.232,0.160,29.60,-1.5,58.0,5,,,,,,,,,,,,13,255,73,32,,,,,,,,,0,,,,
Ravi,226066,,Mk10,,11:19:18 11-Apr-2022,11:19:34 11-Apr-2022,16,0,-6.7588,-34.8592,CRC,0,0,,,,1.232,0.160,,-2.0,26.0,4,,,,,,,,,,,225,13,255,73,16,,,,,,,2212,1035,0,,,,
Ravi,226066,,Mk10,,07:02:02 12-Apr-2022,07:02:18 12-Apr-2022,16,1,-7.0548,-34.7692,CRC,0,0,,,,1.232,0.180,,-2.0,16.0,4,,,,,,,,,,,148,13,255,73,16,,,,,,,2232,1038,0,,,,
Ravi,226066,,Mk10,,,10:24:55 13-Apr-2022,,A,-7.3886,-34.7345,CRC,0,0,,23108,3.376,1.232,0.156,29.50,-2.0,20.0,4,,,,,,,,,,,213,13,255,73,16,,,,,,,2259,1041,0,,,,
Ravi,226066,,Mk10,,12:13:04 13-Apr-2022,12:13:20 13-Apr-2022,16,A,-7.4107,-34.7285,CRC,0,0,,,,1.232,0.176,,-2.0,20.0,4,,,,,,,,,,,125,13,255,73,16,,,,,,,2261,1041,0,,,,
Ravi,226066,,Mk10,,09:08:59 14-Apr-2022,09:09:15 14-Apr-2022,16,A,-7.5082,-34.7602,CRC,0,0,,,,1.232,0.192,,-2.0,16.0,4,,,,,,,,,,,232,13,255,73,16,,,,,,,2282,1045,0,,,,
Ravi,226066,,Mk10,,13:39:27 14-Apr-2022,13:39:43 14-Apr-2022,16,0,-7.5007,-34.7481,CRC,0,0,,,,1.232,0.164,,-2.0,16.0,5,,,,,,,,,,,157,13,255,73,16,,,,,,,2286,1045,0,,,,
Ravi,226066,,Mk10,,11:08:56 16-Apr-2022,11:09:13 16-Apr-2022,17,1,-7.5051,-34.7324,CRC,0,0,,,,1.232,0.152,,-2.5,12.0,5,,,,,,,,,,,255,13,255,73,16,,,,,,,2331,1055,0,,,,
Ravi,226066,,Mk10,,,13:21:52 16-Apr-2022,,0,-7.4853,-34.7106,CRC,0,0,,24324,3.376,1.232,0.160,30.00,-2.0,12.0,5,,,,,,,,,,,191,13,255,73,16,,,,,,,2333,1055,0,,,,
Ravi,226066,,Mk10,,20:13:10 17-Apr-2022,20:13:27 17-Apr-2022,17,A,-7.5469,-34.7292,CRC,0,0,,,,1.232,0.168,,-2.5,16.0,5,,,,,,,,,,,94,13,255,73,16,,,,,,,2364,1061,0,,,,
Ravi,226066,,Mk10,,,09:34:33 18-Apr-2022,,A,-7.5033,-34.7470,CRC,0,0,,25092,3.376,1.224,0.168,29.90,-2.0,18.0,3,,,,,,,,,,,255,13,255,73,16,,,,,,,2377,1063,0,,,,
Ravi,226066,,Mk10,,,23:43:21 19-Apr-2022,,0,-7.4821,-34.7717,CRC,0,0,,25732,3.312,1.232,0.244,29.90,-2.0,14.0,4,,,,,,,,,,,255,13,255,73,16,,,,,,,2420,1077,0,,,,
Ravi,226066,,Mk10,,,08:53:07 21-Apr-2022,,0,-7.4459,-34.7682,CRC,0,0,,26308,3.376,1.232,0.168,29.50,-2.0,14.0,4,,,,,,,,,,,218,13,255,73,16,,,,,,,2454,1085,0,,,,
Ravi,226066,,Mk10,,11:05:14 21-Apr-2022,11:05:31 21-Apr-2022,17,0,-7.4686,-34.7749,CRC,0,0,,,,1.232,0.188,,-2.5,14.0,4,,,,,,,,,,,255,13,255,73,16,,,,,,,2456,1085,0,,,,
Ravi,226066,,Mk10,,19:56:01 21-Apr-2022,19:56:18 21-Apr-2022,17,0,-7.4771,-34.7443,CRC,0,0,,,,1.232,0.228,,-2.0,14.0,4,,,,,,,,,,,255,13,255,73,16,,,,,,,2464,1086,0,,,,
Ravi,226066,,Mk10,,23:39:53 21-Apr-2022,23:40:10 21-Apr-2022,17,0,-7.4785,-34.7822,CRC,0,0,,,,1.232,0.256,,-2.0,14.0,4,,,,,,,,,,,96,13,255,73,16,,,,,,,2468,1087,0,,,,
Ravi,226066,,Mk10,,,12:22:41 22-Apr-2022,,A,-7.4753,-34.7742,CRC,0,0,,26756,3.376,1.224,0.172,29.80,-2.0,12.0,4,,,,,,,,,,,234,13,255,73,16,,,,,,,2481,1090,0,,,,
Ravi,226066,,Mk10,,,00:40:17 23-Apr-2022,,0,-7.4496,-34.7423,CRC,0,0,,26948,3.376,1.232,0.148,29.70,-2.0,12.0,4,,,,,,,,,,,226,13,255,73,16,,,,,,,2493,1090,0,,,,
Ravi,226066,,Mk10,,13:35:35 23-Apr-2022,13:35:52 23-Apr-2022,17,0,-7.4729,-34.7408,CRC,0,0,,,,1.232,0.164,,-2.0,12.0,5,,,,,,,,,,,245,13,255,73,16,,,,,,,2508,1095,0,,,,
Ravi,226066,,Mk10,,,20:51:19 25-Apr-2022,,1,-7.4710,-34.7868,CRC,0,0,,28100,3.376,1.232,0.168,29.60,-2.0,12.0,4,,,,,,,,,,,253,13,255,73,16,,,,,,,2564,1105,0,,,,
Ravi,226066,,Mk10,,22:19:07 25-Apr-2022,22:19:24 25-Apr-2022,17,1,-7.5159,-34.8160,CRC,0,0,,,,1.224,0.172,,-2.5,12.0,5,,,,,,,,,,,234,13,255,73,16,,,,,,,2566,1106,0,,,,
Ravi,226066,,Mk10,,,12:51:29 27-Apr-2022,,A,-7.4613,-34.7649,CRC,0,0,,28804,3.376,1.232,0.144,29.30,-2.5,14.0,3,,,,,,,,,,,74,13,255,73,16,,,,,,,2605,1116,0,,,,
Ravi,226066,,Mk10,,,12:27:45 28-Apr-2022,,B,-7.4471,-34.7725,CRC,0,0,,29188,3.312,1.232,0.228,29.20,-2.0,18.0,4,,,,,,,,,,,223,13,255,73,16,,,,,,,2628,1120,0,,,,
Ravi,226066,,Mk10,,,21:18:18 28-Apr-2022,,0,-7.4826,-34.7418,CRC,0,0,,29316,3.376,1.232,0.164,29.30,-2.0,18.0,5,,,,,,,,,,,216,13,255,73,16,,,,,,,2636,1121,0,,,,
Ravi,226066,,Mk10,,22:38:51 29-Apr-2022,22:39:08 29-Apr-2022,17,0,-7.3884,-34.7063,CRC,0,0,,,,1.232,0.160,,-1.5,14.0,4,,,,,,,,,,,139,13,255,73,16,,,,,,,2664,1128,0,,,,
Ravi,226066,,Mk10,,,12:10:28 30-Apr-2022,,B,-7.4526,-34.7715,CRC,0,0,,29956,3.312,1.232,0.252,29.20,-2.0,14.0,4,,,,,,,,,,,157,13,255,73,16,,,,,,,2676,1128,0,,,,
Ravi,226066,,Mk10,,,07:49:28 01-May-2022,,2,-7.4937,-34.7500,CRC,0,0,,30276,3.312,1.232,0.244,28.90,-2.0,14.0,5,,,,,,,,,,,226,13,255,73,16,,,,,,,2696,1133,0,,,,
Ravi,226066,,Mk10,,,11:41:38 01-May-2022,,B,-7.4496,-34.7433,CRC,0,0,,30340,3.376,1.232,0.144,28.90,-2.0,14.0,4,,,,,,,,,,,228,13,255,73,16,,,,,,,2699,1133,0,,,,
Ravi,226066,,Mk10,,,20:57:01 02-May-2022,,1,-7.4843,-34.7491,CRC,0,0,,30852,3.312,1.232,0.216,29.00,-2.0,14.0,4,,,,,,,,,,,236,14,255,73,16,,,,,,,2732,1139,0,,,,
Ravi,226066,,Mk10,,22:37:35 02-May-2022,22:37:52 02-May-2022,17,0,-7.4921,-34.7774,CRC,0,0,,,,1.224,0.144,,-2.0,14.0,5,,,,,,,,,,,223,14,255,73,16,,,,,,,2733,1138,0,,,,
Ravi,226066,,Mk10,,,11:23:59 03-May-2022,,B,-7.4657,-34.7285,CRC,0,0,,31108,3.376,1.232,0.140,28.90,-2.5,14.0,4,,,,,,,,,,,188,13,255,73,16,,,,,,,2748,1144,0,,,,
Ravi,226066,,Mk10,,12:26:43 04-May-2022,12:27:01 04-May-2022,18,0,-7.5315,-34.6636,CRC,0,0,,,,1.232,0.140,,-2.0,18.0,4,,,,,,,,,,,255,13,255,73,16,,,,,,,2776,1152,0,,,,
Ravi,226066,,Mk10,,21:10:30 06-May-2022,21:10:48 06-May-2022,18,0,-7.5187,-34.7331,CRC,0,0,,,,1.232,0.144,,-2.5,18.0,5,,,,,,,,,,,227,14,255,73,16,,,,,,,2829,1160,0,,,,
Ravi,226066,,Mk10,,,22:51:45 06-May-2022,,0,-7.5068,-34.7382,CRC,0,0,,32452,3.376,1.232,0.136,28.80,-2.0,18.0,3,,,,,,,,,,,245,14,255,73,16,,,,,,,2830,1159,0,,,,
Ravi,226066,,Mk10,,01:15:47 07-May-2022,01:16:05 07-May-2022,18,0,-7.5482,-34.6928,CRC,0,0,,,,1.232,0.152,,-2.0,16.0,5,,,,,,,,,,,255,14,255,73,16,,,,,,,2832,1159,0,,,,
Ravi,226066,,Mk10,,08:59:39 07-May-2022,08:59:57 07-May-2022,18,B,-7.5349,-34.7206,CRC,0,0,,,,1.224,0.148,,-2.0,16.0,4,,,,,,,,,,,167,14,255,73,16,,,,,,,2840,1161,0,,,,
Ravi,226066,,Mk10,,,19:55:29 07-May-2022,,0,-7.5325,-34.6455,CRC,0,0,,32772,3.376,1.232,0.132,28.90,-2.5,16.0,4,,,,,,,,,,,255,14,255,73,16,,,,,,,2851,1163,0,,,,
Ravi,226066,,Mk10,,21:43:27 07-May-2022,21:43:45 07-May-2022,18,0,-7.5427,-34.7392,CRC,0,0,,,,1.232,0.148,,-2.0,16.0,4,,,,,,,,,,,246,14,255,73,16,,,,,,,2852,1163,0,,,,
Ravi,226066,,Mk10,,,12:20:30 08-May-2022,,0,-7.5120,-34.7002,CRC,0,0,,33028,3.376,1.232,0.176,28.70,-2.0,16.0,5,,,,,,,,,,,140,14,255,73,16,,,,,,,2867,1167,0,,,,
Ravi,226066,,Mk10,,,21:02:29 08-May-2022,,0,-7.5189,-34.7899,CRC,0,0,,33156,3.376,1.232,0.148,28.80,-2.0,16.0,4,,,,,,,,,,,129,14,255,73,16,,,,,,,2874,1166,0,,,,
Ravi,226066,,Mk10,,,07:15:46 09-May-2022,,0,-7.4987,-34.7013,CRC,0,0,,33348,3.376,1.232,0.132,28.60,-2.0,16.0,4,,,,,,,,,,,255,14,255,73,16,,,,,,,2885,1170,0,,,,
Ravi,226066,,Mk10,,,11:17:32 10-May-2022,,0,-7.4951,-34.7147,CRC,0,0,,33796,3.376,1.224,0.144,28.60,-2.5,16.0,4,,,,,,,,,,,255,13,255,73,16,,,,,,,2913,1177,0,,,,
Ravi,226066,,Mk10,,13:36:47 10-May-2022,13:37:06 10-May-2022,19,0,-7.5138,-34.7148,CRC,0,0,,,,1.232,0.152,,-2.0,16.0,4,,,,,,,,,,,235,13,255,73,16,,,,,,,2916,1178,0,,,,
Ravi,226066,,Mk10,,,10:37:19 12-May-2022,,0,-7.5210,-34.6613,CRC,0,0,,34564,3.376,1.224,0.144,28.70,-2.0,18.0,4,,,,,,,,,,,255,14,255,73,16,,,,,,,2960,1185,0,,,,
Ravi,226066,,Mk10,,20:18:23 12-May-2022,20:18:42 12-May-2022,19,1,-7.5070,-34.7364,CRC,0,0,,,,1.232,0.160,,-2.5,18.0,4,,,,,,,,,,,238,14,255,73,16,,,,,,,2970,1186,0,,,,
Ravi,226066,,Mk10,,,01:46:49 13-May-2022,,0,-7.5026,-34.7016,CRC,0,0,,34820,3.376,1.232,0.136,28.70,-2.0,18.0,4,,,,,,,,,,,236,14,255,73,16,,,,,,,2975,1187,0,,,,
Ravi,226066,,Mk10,,10:40:44 13-May-2022,10:41:03 13-May-2022,19,0,-7.5433,-34.7171,CRC,0,0,,,,1.232,0.156,,-2.0,18.0,4,,,,,,,,,,,226,14,255,73,16,,,,,,,2983,1187,0,,,,
Ravi,226066,,Mk10,,,00:02:08 15-May-2022,,1,-7.5125,-34.7196,CRC,0,0,,35588,3.376,1.232,0.168,28.80,-2.0,18.0,4,,,,,,,,,,,244,14,255,73,16,,,,,,,3019,1192,0,,,,
Ravi,226066,,Mk10,,,09:53:26 15-May-2022,,0,-7.5195,-34.6551,CRC,0,0,,35780,3.376,1.232,0.144,28.70,-2.5,18.0,4,,,,,,,,,,,255,14,255,73,16,,,,,,,3030,1196,0,,,,
Ravi,226066,,Mk10,,,12:21:41 16-May-2022,,0,-7.5186,-34.7202,CRC,0,0,,36228,3.376,1.232,0.132,28.90,-2.5,18.0,4,,,,,,,,,,,255,14,255,73,16,,,,,,,3054,1198,0,,,,
Ravi,226066,,Mk10,,21:27:35 16-May-2022,21:27:53 16-May-2022,18,0,-7.5067,-34.7186,CRC,0,0,,,,1.232,0.152,,-2.0,18.0,5,,,,,,,,,,,222,14,255,73,16,,,,,,,3063,1199,0,,,,
Ravi,226066,,Mk10,,,23:30:21 16-May-2022,,0,-7.5289,-34.6520,CRC,0,0,,36420,3.376,1.232,0.140,28.70,-2.0,18.0,4,,,,,,,,,,,233,14,255,73,16,,,,,,,3064,1198,0,,,,
Ravi,226066,,Mk10,,19:42:04 17-May-2022,19:42:23 17-May-2022,19,0,-7.5234,-34.6542,CRC,0,0,,,,1.232,0.160,,-2.0,18.0,4,,,,,,,,,,,248,14,255,73,16,,,,,,,3086,1204,0,,,,
Ravi,226066,,Mk10,,,21:31:35 17-May-2022,,0,-7.5207,-34.6249,CRC,0,0,,36804,3.376,1.232,0.132,28.80,-2.0,18.0,4,,,,,,,,,,,214,14,255,73,16,,,,,,,3087,1203,0,,,,
Ravi,226066,,Mk10,,23:06:12 17-May-2022,23:06:31 17-May-2022,19,1,-7.5184,-34.7240,CRC,0,0,,,,1.232,0.204,,-2.0,18.0,4,,,,,,,,,,,206,14,255,73,16,,,,,,,3089,1203,0,,,,
Ravi,226066,,Mk10,,,00:50:41 18-May-2022,,0,-7.5173,-34.7129,CRC,0,0,,36868,3.376,1.232,0.144,28.70,-2.0,18.0,5,,,,,,,,,,,236,14,255,73,16,,,,,,,3090,1203,0,,,,
Ravi,226066,,Mk10,,08:20:57 18-May-2022,08:21:16 18-May-2022,19,A,-7.5270,-34.7163,CRC,0,0,,,,1.232,0.132,,-2.0,18.0,5,,,,,,,,,,,255,14,255,73,16,,,,,,,3096,1203,0,,,,
Ravi,226066,,Mk10,,11:58:42 18-May-2022,11:59:01 18-May-2022,19,0,-7.5113,-34.7288,CRC,0,0,,,,1.232,0.140,,-2.0,18.0,4,,,,,,,,,,,227,14,255,73,16,,,,,,,3099,1203,0,,,,
Ravi,226066,,Mk10,,,11:33:54 19-May-2022,,0,-7.5096,-34.6878,CRC,0,0,,37508,3.376,1.224,0.136,29.10,-2.5,18.0,5,,,,,,,,,,,125,14,255,73,16,,,,,,,3123,1208,0,,,,
Ravi,226066,,Mk10,,,11:12:51 20-May-2022,,0,-7.5421,-34.7053,CRC,0,0,,37892,3.376,1.232,0.164,29.10,-2.0,18.0,4,,,,,,,,,,,255,14,255,73,16,,,,,,,3147,1213,0,,,,
Ravi,226066,,Mk10,,13:08:55 20-May-2022,13:09:14 20-May-2022,19,A,-7.5226,-34.7066,CRC,0,0,,,,1.232,0.148,,-2.0,18.0,4,,,,,,,,,,,180,14,255,73,16,,,,,,,3150,1214,0,,,,
Ravi,226066,,Mk10,,,09:34:29 21-May-2022,,0,-7.5237,-34.7227,CRC,0,0,,38276,3.376,1.232,0.136,28.60,-2.0,18.0,3,,,,,,,,,,,255,14,255,73,16,,,,,,,3168,1216,0,,,,
Ravi,226066,,Mk10,,10:12:08 22-May-2022,10:12:27 22-May-2022,19,0,-7.5240,-34.6968,CRC,0,0,,,,1.232,0.164,,-2.0,18.0,3,,,,,,,,,,,197,14,255,73,16,,,,,,,3193,1221,0,,,,
Ravi,226066,,Mk10,,,18:56:44 22-May-2022,,0,-7.5453,-34.7181,CRC,0,0,,38852,3.376,1.232,0.160,28.70,-2.0,18.0,4,,,,,,,,,,,215,14,255,73,16,,,,,,,3202,1223,0,,,,
Ravi,226066,,Mk10,,,20:43:06 23-May-2022,,0,-7.4984,-34.7295,,0,0,,39300,3.312,1.232,0.160,28.40,-35.0,18.0,4,,,,,,,,,,,,4,215,73,18953,,,,,,,,,0,,,,
Ravi,226066,,Mk10,,22:15:27 23-May-2022,22:15:46 23-May-2022,19,A,-7.5136,-34.7134,CRC,0,0,,,,1.232,0.152,,-2.0,18.0,4,,,,,,,,,,,253,14,255,73,16,,,,,,,3228,1229,0,,,,
Ravi,226066,,Mk10,,,00:25:43 28-May-2022,,0,-7.5223,-34.7075,CRC,0,0,,41028,3.376,1.232,0.132,27.80,-2.0,16.0,3,,,,,,,,,,,255,14,255,73,16,,,,,,,3324,1248,0,,,,
Ravi,226066,,Mk10,,09:18:25 28-May-2022,09:18:44 28-May-2022,19,0,-7.5248,-34.6718,CRC,0,0,,,,1.232,0.152,,-2.5,16.0,4,,,,,,,,,,,240,14,255,73,16,,,,,,,3335,1252,0,,,,
Ravi,226066,,Mk10,,,01:14:39 31-May-2022,,B,-7.4318,-34.8019,CRC,0,0,,41860,3.376,1.232,0.192,27.50,-2.5,10.0,5,,,,,,,,,,,161,13,255,73,16,,,,,,,3404,1269,0,,,,
Ravi,226066,,Mk10,,09:54:42 05-Jun-2022,09:55:02 05-Jun-2022,20,0,-7.5172,-34.7202,CRC,0,0,,,,1.232,0.264,,-2.5,34.0,4,,,,,,,,,,,207,13,255,73,16,,,,,,,3559,1347,0,,,,
Ravi,226066,,Mk10,,,09:03:36 07-Jun-2022,,A,-7.5135,-34.6948,CRC,0,0,,43652,3.376,1.232,0.152,27.30,-2.5,16.0,4,,,,,,,,,,,238,14,255,73,16,,,,,,,3602,1359,0,,,,
Ravi,226066,,Mk10,,12:55:45 07-Jun-2022,12:56:05 07-Jun-2022,20,0,-7.5264,-34.7049,CRC,0,0,,,,1.232,0.164,,-2.0,16.0,4,,,,,,,,,,,152,14,255,73,16,,,,,,,3606,1361,0,,,,
Ravi,226066,,Mk10,,,20:00:14 08-Jun-2022,,B,-7.4455,-34.7988,CRC,0,0,,43908,3.376,1.224,0.148,28.40,-2.0,16.0,4,,,,,,,,,,,177,14,255,73,16,,,,,,,3642,1373,0,,,,
Ravi,226066,,Mk10,,09:00:25 11-Jun-2022,09:00:45 11-Jun-2022,20,0,-7.5150,-34.7287,CRC,0,0,,,,1.232,0.220,,-2.0,10.0,4,,,,,,,,,,,255,14,255,73,16,,,,,,,3714,1405,0,,,,
Ravi,226066,,Mk10,,,11:52:56 11-Jun-2022,,0,-7.5162,-34.7427,CRC,0,0,,44484,3.312,1.232,0.184,27.20,-2.0,10.0,4,,,,,,,,,,,227,14,255,73,16,,,,,,,3717,1406,0,,,,
Ravi,226066,,Mk10,,,23:08:32 11-Jun-2022,,1,-7.5094,-34.6962,CRC,0,0,,44612,3.312,1.224,0.216,27.20,-2.0,10.0,4,,,,,,,,,,,254,14,255,73,16,,,,,,,3726,1406,0,,,,
Ravi,226066,,Mk10,,00:30:06 13-Jun-2022,00:30:26 13-Jun-2022,20,0,-7.5122,-34.7427,CRC,0,0,,,,1.232,0.228,,-2.0,16.0,4,,,,,,,,,,,222,14,255,73,16,,,,,,,3748,1410,0,,,,
Ravi,226066,,Mk10,,11:50:03 13-Jun-2022,11:50:24 13-Jun-2022,21,0,-7.4943,-34.7167,CRC,0,0,,,,1.232,0.264,,-2.5,16.0,4,,,,,,,,,,,90,14,255,73,16,,,,,,,3755,1409,0,,,,
Ravi,226066,,Mk10,,22:50:28 13-Jun-2022,22:50:49 13-Jun-2022,21,1,-7.5171,-34.7279,CRC,0,0,,,,1.232,0.228,,-2.5,16.0,4,,,,,,,,,,,238,14,255,73,16,,,,,,,3765,1410,0,,,,
Ravi,226066,,Mk10,,10:37:34 14-Jun-2022,10:37:55 14-Jun-2022,21,2,-7.5078,-34.7158,CRC,0,0,,,,1.232,0.136,,-2.0,18.0,4,,,,,,,,,,,211,14,255,73,16,,,,,,,3773,1412,0,,,,
Ravi,226066,,Mk10,,,23:20:09 14-Jun-2022,,0,-7.5117,-34.6802,CRC,0,0,,45444,3.376,1.232,0.144,27.70,-2.5,18.0,4,,,,,,,,,,,255,14,255,73,16,,,,,,,3786,1416,0,,,,
Ravi,226066,,Mk10,,,19:44:53 15-Jun-2022,,0,-7.5370,-34.6640,CRC,0,0,,45700,3.376,1.232,0.144,28.00,-1.5,16.0,5,,,,,,,,,,,255,13,255,73,16,,,,,,,3804,1421,0,,,,
Ravi,226066,,Mk10,,22:19:20 15-Jun-2022,22:19:41 15-Jun-2022,21,0,-7.5190,-34.7300,CRC,0,0,,,,1.232,0.140,,-1.5,16.0,4,,,,,,,,,,,237,13,255,73,16,,,,,,,3807,1422,0,,,,
Ravi,226066,,Mk10,,,11:03:35 16-Jun-2022,,1,-7.5267,-34.7119,CRC,0,0,,45892,3.376,1.224,0.160,27.60,-2.0,18.0,5,,,,,,,,,,,255,13,255,73,16,,,,,,,3818,1425,0,,,,
Ravi,226066,,Mk10,,00:26:41 17-Jun-2022,00:27:02 17-Jun-2022,21,0,-7.5083,-34.7380,CRC,0,0,,,,1.232,0.236,,-2.0,18.0,5,,,,,,,,,,,225,14,255,73,16,,,,,,,3832,1429,0,,,,
Ravi,226066,,Mk10,,,11:06:10 18-Jun-2022,,1,-7.5239,-34.7130,CRC,0,0,,46468,3.376,1.232,0.152,27.40,-1.5,16.0,4,,,,,,,,,,,212,14,255,73,16,,,,,,,3862,1435,0,,,,
Ravi,226066,,Mk10,,,23:07:53 18-Jun-2022,,0,-7.5275,-34.6790,CRC,0,0,,46596,3.312,1.232,0.216,27.70,-2.0,16.0,5,,,,,,,,,,,208,14,255,73,16,,,,,,,3873,1437,0,,,,
Ravi,226066,,Mk10,,07:42:13 20-Jun-2022,07:42:34 20-Jun-2022,21,0,-7.5085,-34.7186,CRC,0,0,,,,1.232,0.152,,-1.5,16.0,4,,,,,,,,,,,228,14,255,73,16,,,,,,,3900,1442,0,,,,
Ravi,226066,,Mk10,,,23:01:04 20-Jun-2022,,1,-7.5060,-34.7059,,0,0,,47236,3.312,1.232,0.152,27.40,-5.5,16.0,2,,,,,,,,,,,,14,191,73,16115,,,,,,,,,0,,,,
Ravi,226066,,Mk10,,08:48:52 21-Jun-2022,08:49:13 21-Jun-2022,21,0,-7.5199,-34.7278,CRC,0,0,,,,1.232,0.156,,-2.0,16.0,4,,,,,,,,,,,253,14,255,73,16,,,,,,,3923,1448,0,,,,
Ravi,226066,,Mk10,,21:25:29 22-Jun-2022,21:25:49 22-Jun-2022,20,0,-7.5414,-34.7517,CRC,0,0,,,,1.232,0.152,,-2.0,16.0,3,,,,,,,,,,,144,14,255,73,16,,,,,,,3955,1454,0,,,,
Ravi,226066,,Mk10,,22:09:27 24-Jun-2022,22:09:48 24-Jun-2022,21,0,-7.5137,-34.7192,CRC,0,0,,,,1.224,0.148,,-2.0,16.0,5,,,,,,,,,,,84,14,255,73,16,,,,,,,3999,1459,0,,,,
Ravi,226066,,Mk10,,,10:19:19 25-Jun-2022,,B,-7.5099,-34.6952,CRC,0,0,,48708,3.312,1.232,0.160,26.80,-1.5,16.0,2,,,,,,,,,,,228,14,255,73,16,,,,,,,4009,1461,0,,,,
Ravi,226066,,Mk10,,19:19:49 25-Jun-2022,19:20:10 25-Jun-2022,21,1,-7.5158,-34.7114,CRC,0,0,,,,1.232,0.148,,-2.5,16.0,4,,,,,,,,,,,208,14,255,73,16,,,,,,,4018,1463,0,,,,
Ravi,226066,,Mk10,,,01:27:07 26-Jun-2022,,0,-7.5200,-34.6639,CRC,0,0,,48900,3.312,1.232,0.172,26.90,-1.5,16.0,3,,,,,,,,,,,216,14,255,73,16,,,,,,,4024,1464,0,,,,
Ravi,226066,,Mk10,,08:30:05 27-Jun-2022,08:30:26 27-Jun-2022,21,1,-7.5157,-34.7059,CRC,0,0,,,,1.232,0.164,,-1.5,16.0,4,,,,,,,,,,,89,14,255,73,16,,,,,,,4053,1470,0,,,,
Ravi,226066,,Mk10,,11:14:09 27-Jun-2022,11:14:30 27-Jun-2022,21,0,-7.5227,-34.6772,CRC,0,0,,,,1.232,0.172,,-2.0,16.0,3,,,,,,,,,,,255,14,255,73,16,,,,,,,4056,1471,0,,,,
Ravi,226066,,Mk10,,,18:25:43 27-Jun-2022,,B,-7.5318,-34.6611,CRC,0,0,,49476,3.312,1.232,0.188,26.80,-1.0,16.0,2,,,,,,,,,,,228,14,255,73,16,,,,,,,4065,1476,0,,,,
Ravi,226066,,Mk10,,20:09:01 27-Jun-2022,20:09:22 27-Jun-2022,21,0,-7.5147,-34.6843,CRC,0,0,,,,1.232,0.140,,-1.0,16.0,3,,,,,,,,,,,140,14,255,73,16,,,,,,,4066,1475,0,,,,
Ravi,226066,,Mk10,,,22:36:59 27-Jun-2022,,0,-7.5142,-34.7016,CRC,0,0,,49540,3.312,1.232,0.204,26.60,-1.5,16.0,3,,,,,,,,,,,249,14,255,73,16,,,,,,,4068,1475,0,,,,
Ravi,226066,,Mk10,,,10:56:00 29-Jun-2022,,A,-7.5017,-34.6839,CRC,0,0,,50052,3.376,1.232,0.148,26.60,-2.0,16.0,3,,,,,,,,,,,255,14,255,73,16,,,,,,,4102,1486,0,,,,
Ravi,226066,,Mk10,,,10:04:56 30-Jun-2022,,0,-7.5117,-34.7332,CRC,0,0,,50372,3.312,1.232,0.224,26.40,-2.0,16.0,5,,,,,,,,,,,222,14,255,73,16,,,,,,,4122,1489,0,,,,
Ravi,226066,,Mk10,,,08:38:55 01-Jul-2022,,3,-7.5140,-34.7142,CRC,0,0,,50692,3.312,1.232,0.148,26.60,-1.5,18.0,3,,,,,,,,,,,195,14,255,73,16,,,,,,,4142,1492,0,,,,
Ravi,226066,,Mk10,,,08:44:59 02-Jul-2022,,0,-7.5408,-34.6433,CRC,0,0,,51012,3.312,1.232,0.148,26.90,-1.5,16.0,3,,,,,,,,,,,199,14,255,73,16,,,,,,,4165,1497,0,,,,
Ravi,226066,,Mk10,,09:23:12 03-Jul-2022,09:23:33 03-Jul-2022,21,0,-7.5128,-34.7036,CRC,0,0,,,,1.232,0.156,,-2.0,16.0,3,,,,,,,,,,,227,14,255,73,16,,,,,,,4185,1499,0,,,,
Ravi,226066,,Mk10,,18:47:30 03-Jul-2022,18:47:51 03-Jul-2022,21,0,-7.5079,-34.7209,CRC,0,0,,,,1.232,0.152,,-1.5,16.0,3,,,,,,,,,,,208,14,255,73,16,,,,,,,4193,1500,0,,,,
Ravi,226066,,Mk10,,23:35:50 03-Jul-2022,23:36:11 03-Jul-2022,21,A,-7.5100,-34.7419,CRC,0,0,,,,1.232,0.144,,-1.5,16.0,3,,,,,,,,,,,220,14,255,73,16,,,,,,,4198,1503,0,,,,
