DeployID,Ptt,Instr,Date,Type,Quality,Latitude,Longitude,Error radius,Error Semi-major axis,Error Semi-minor axis,Error Ellipse orientation,Offset,Offset orientation,GPE MSD,GPE U,Count,Comment
161638,161638,UT,12:59:57 09-Mar-2018,Argos,2,-25.5779,-48.3578,392,1487,103,140,,,,,,
161638,161638,UT,11:10:55 10-Mar-2018,Argos,2,-25.5822,-48.3524,279,1436,54,99,,,,,,
161638,161638,UT,12:41:21 10-Mar-2018,Argos,3,-25.5804,-48.3545,246,2221,27,95,,,,,,
161638,161638,UT,06:33:32 11-Mar-2018,Argos,B,-25.5689,-48.3503,4258,4782,3790,120,,,,,,
161638,161638,UT,11:01:17 11-Mar-2018,Argos,0,-25.5778,-48.3289,2945,34807,249,72,,,,,,
161638,161638,UT,12:18:56 11-Mar-2018,Argos,3,-25.5803,-48.3582,242,3406,17,101,,,,,,
161638,161638,UT,11:57:06 12-Mar-2018,Argos,3,-25.5808,-48.3564,135,195,93,65,,,,,,
161638,161638,UT,12:55:20 12-Mar-2018,Argos,A,-25.5841,-48.3547,280,1629,48,125,,,,,,
161638,161638,UT,11:37:15 13-Mar-2018,Argos,3,-25.5812,-48.3562,121,181,80,85,,,,,,
161638,161638,UT,11:37:15 13-Mar-2018,Argos,3,-25.5812,-48.3562,121,181,80,85,,,,,,
161638,161638,UT,12:35:56 13-Mar-2018,Argos,3,-25.5809,-48.3562,202,1296,31,104,,,,,,
161638,161638,UT,08:41:52 14-Mar-2018,Argos,B,-25.5904,-48.3832,3579,10973,1167,85,,,,,,
161638,161638,UT,11:13:45 14-Mar-2018,Argos,3,-25.5817,-48.3577,157,250,99,38,,,,,,
161638,161638,UT,12:11:57 14-Mar-2018,Argos,3,-25.5812,-48.3549,153,675,34,94,,,,,,
161638,161638,UT,12:53:52 14-Mar-2018,Argos,3,-25.5829,-48.3546,224,322,154,163,,,,,,
161638,161638,UT,11:56:23 15-Mar-2018,Argos,A,-25.5905,-48.3406,2376,38448,146,127,,,,,,
161638,161638,UT,12:35:18 15-Mar-2018,Argos,3,-25.5807,-48.3547,146,375,57,109,,,,,,
161638,161638,UT,07:16:32 16-Mar-2018,Argos,B,-25.5341,-48.4251,4856,6041,3903,63,,,,,,
161638,161638,UT,12:12:34 16-Mar-2018,Argos,3,-25.5806,-48.3585,237,2189,25,100,,,,,,
161638,161638,UT,11:55:37 17-Mar-2018,Argos,3,-25.5806,-48.3571,129,388,42,93,,,,,,
161638,161638,UT,12:55:29 17-Mar-2018,Argos,B,-25.5775,-48.3582,971,1365,690,76,,,,,,
161638,161638,UT,11:34:16 18-Mar-2018,Argos,1,-25.5790,-48.3568,578,2441,137,87,,,,,,
161638,161638,UT,12:29:34 18-Mar-2018,Argos,1,-25.5688,-48.3583,1193,16855,84,104,,,,,,
161638,161638,UT,08:07:09 19-Mar-2018,Argos,B,-25.4555,-48.3817,11599,20423,6587,82,,,,,,
161638,161638,UT,09:48:43 19-Mar-2018,Argos,B,-25.4789,-48.3557,4291,43475,423,81,,,,,,
161638,161638,UT,11:14:22 19-Mar-2018,Argos,B,-25.4726,-48.3568,2102,4883,904,81,,,,,,
161638,161638,UT,19:11:21 19-Mar-2018,Argos,A,-25.4869,-48.4445,815,4940,134,29,,,,,,
161638,161638,UT,01:11:05 20-Mar-2018,Argos,B,-25.4699,-48.4647,2714,2945,2500,59,,,,,,
161638,161638,UT,08:08:36 20-Mar-2018,Argos,B,-25.4882,-48.4497,3321,5915,1864,76,,,,,,
161638,161638,UT,09:15:41 20-Mar-2018,Argos,B,-25.4859,-48.4502,3023,4825,1893,60,,,,,,
161638,161638,UT,09:26:55 20-Mar-2018,Argos,B,-25.4833,-48.4579,3285,4778,2258,76,,,,,,
161638,161638,UT,20:35:46 20-Mar-2018,Argos,B,-25.4874,-48.4675,3991,9505,1675,73,,,,,,
161638,161638,UT,21:41:15 20-Mar-2018,Argos,B,-25.4864,-48.4346,2375,17327,325,73,,,,,,
161638,161638,UT,21:41:30 20-Mar-2018,Argos,B,-25.4852,-48.4282,932,2611,332,76,,,,,,
161638,161638,UT,23:18:15 20-Mar-2018,Argos,B,-25.4815,-48.4180,2241,4905,1023,77,,,,,,
161638,161638,UT,06:12:48 21-Mar-2018,Argos,B,-25.4845,-48.3948,1865,22129,157,113,,,,,,
161638,161638,UT,08:58:55 21-Mar-2018,Argos,B,-25.4848,-48.3860,2524,7206,884,109,,,,,,
161638,161638,UT,10:01:46 21-Mar-2018,Argos,B,-25.4699,-48.3894,1885,3066,1159,63,,,,,,
161638,161638,UT,10:39:03 21-Mar-2018,Argos,B,-25.4831,-48.4008,1858,4809,717,80,,,,,,
161638,161638,UT,10:39:03 21-Mar-2018,Argos,B,-25.4807,-48.3947,1996,5417,735,78,,,,,,
161638,161638,UT,12:11:09 21-Mar-2018,Argos,A,-25.4848,-48.4170,220,351,138,61,,,,,,
161638,161638,UT,18:39:54 21-Mar-2018,Argos,B,-25.4825,-48.4199,2616,2952,2318,107,,,,,,
161638,161638,UT,23:03:15 21-Mar-2018,Argos,B,-25.4829,-48.4199,2787,4996,1555,70,,,,,,
161638,161638,UT,00:49:35 22-Mar-2018,Argos,B,-25.4830,-48.4218,2984,4459,1997,72,,,,,,
161638,161638,UT,02:17:42 22-Mar-2018,Argos,B,-25.4848,-48.4254,2982,3876,2294,84,,,,,,
161638,161638,UT,06:08:34 22-Mar-2018,Argos,B,-25.4856,-48.4296,3259,4756,2233,105,,,,,,
161638,161638,UT,10:30:29 22-Mar-2018,Argos,B,-25.4885,-48.4283,3524,6621,1875,102,,,,,,
161638,161638,UT,11:53:50 22-Mar-2018,Argos,B,-25.4891,-48.4300,3606,6767,1921,98,,,,,,
161638,161638,UT,12:53:35 22-Mar-2018,Argos,B,-25.4894,-48.4348,3132,4301,2281,104,,,,,,
161638,161638,UT,13:29:19 22-Mar-2018,Argos,B,-25.4915,-48.4363,2878,5692,1455,107,,,,,,
161638,161638,UT,18:29:45 22-Mar-2018,Argos,B,-25.4929,-48.4450,3384,7364,1554,108,,,,,,
161638,161638,UT,20:58:22 22-Mar-2018,Argos,B,-25.4918,-48.4500,1615,8036,324,168,,,,,,
161638,161638,UT,22:51:58 22-Mar-2018,Argos,B,-25.4919,-48.4555,1904,2536,1428,168,,,,,,
161638,161638,UT,01:11:23 23-Mar-2018,Argos,B,-25.5043,-48.4553,1579,16120,154,69,,,,,,
161638,161638,UT,01:52:39 23-Mar-2018,Argos,A,-25.4685,-48.4107,4600,28087,753,79,,,,,,
161638,161638,UT,00:54:51 24-Mar-2018,Argos,B,-25.2540,-48.1527,17918,49889,6435,62,,,,,,Lat > 4 deviations from mean
161638,161638,UT,01:35:42 24-Mar-2018,Argos,B,-25.4126,-48.3705,13549,31144,5894,65,,,,,,
161638,161638,UT,05:44:55 24-Mar-2018,Argos,B,-25.6429,-48.6701,10270,14991,7036,98,,,,,,Lat > 4 deviations from mean
161638,161638,UT,07:21:32 24-Mar-2018,Argos,B,-25.4831,-48.4340,14920,177038,1257,121,,,,,,
161638,161638,UT,09:22:06 24-Mar-2018,Argos,B,-25.5008,-48.4633,21923,39867,12055,119,,,,,,
161638,161638,UT,11:44:32 24-Mar-2018,Argos,B,-25.4989,-48.4591,11018,32411,3745,56,,,,,,
161638,161638,UT,12:06:12 24-Mar-2018,Argos,B,-25.4983,-48.4618,1683,4502,629,63,,,,,,
161638,161638,UT,12:46:31 24-Mar-2018,Argos,B,-25.5043,-48.4720,1889,3859,924,65,,,,,,
161638,161638,UT,21:44:52 24-Mar-2018,Argos,B,-25.5270,-48.5479,2454,13733,438,96,,,,,,
161638,161638,UT,22:29:20 24-Mar-2018,Argos,B,-25.5353,-48.5118,5215,36806,738,94,,,,,,
161638,161638,UT,23:26:06 24-Mar-2018,Argos,B,-25.5434,-48.4815,2551,6220,1046,85,,,,,,
161638,161638,UT,00:13:25 25-Mar-2018,Argos,B,-25.5500,-48.4770,2429,4529,1302,82,,,,,,
161638,161638,UT,01:13:29 25-Mar-2018,Argos,B,-25.5185,-48.4702,2510,6612,953,81,,,,,,
161638,161638,UT,07:14:10 25-Mar-2018,Argos,B,-25.5048,-48.5060,3345,5477,2043,71,,,,,,
161638,161638,UT,09:03:49 25-Mar-2018,Argos,B,-25.4572,-48.4372,2193,8347,576,132,,,,,,
161638,161638,UT,11:32:49 25-Mar-2018,Argos,B,-25.4616,-48.4078,2422,5127,1144,119,,,,,,
161638,161638,UT,20:47:05 25-Mar-2018,Argos,B,-25.4804,-48.4185,3328,12510,885,100,,,,,,
161638,161638,UT,21:19:42 25-Mar-2018,Argos,A,-25.4672,-48.5857,23092,355962,1498,95,,,,,,
161638,161638,UT,21:20:36 25-Mar-2018,Argos,B,-25.4849,-48.4112,3674,6809,1981,91,,,,,,
161638,161638,UT,00:04:40 26-Mar-2018,Argos,B,-25.4672,-48.3651,39242,135037,11403,71,,,,,,
161638,161638,UT,01:51:03 26-Mar-2018,Argos,B,-25.4559,-48.3413,32327,100928,10354,70,,,,,,
161638,161638,UT,20:57:13 26-Mar-2018,Argos,B,-25.4786,-48.4343,3024,20819,439,31,,,,,,
161638,161638,UT,22:10:43 26-Mar-2018,Argos,B,-25.5147,-48.4447,2317,11069,485,48,,,,,,
161638,161638,UT,22:37:41 26-Mar-2018,Argos,A,-25.4928,-48.4246,468,1521,143,146,,,,,,
161638,161638,UT,23:47:37 26-Mar-2018,Argos,B,-25.4954,-48.4202,1234,1388,1096,122,,,,,,
161638,161638,UT,08:14:37 27-Mar-2018,Argos,B,-25.5673,-48.4162,2339,10152,539,119,,,,,,Lat > 4 deviations from mean
161638,161638,UT,09:27:23 27-Mar-2018,Argos,B,-25.4806,-48.4250,11141,40477,3066,113,,,,,,
161638,161638,UT,09:49:16 27-Mar-2018,Argos,B,-25.4888,-48.4206,2667,9045,786,99,,,,,,
161638,161638,UT,10:12:24 27-Mar-2018,Argos,B,-25.4855,-48.4282,2414,31382,185,59,,,,,,
161638,161638,UT,11:10:55 27-Mar-2018,Argos,B,-25.4871,-48.4244,1950,5774,658,69,,,,,,
161638,161638,UT,19:22:13 27-Mar-2018,Argos,B,-25.5055,-48.4123,2312,12343,433,137,,,,,,
161638,161638,UT,19:42:10 27-Mar-2018,Argos,A,-25.4965,-48.4262,286,733,111,163,,,,,,
161638,161638,UT,20:52:05 27-Mar-2018,Argos,B,-25.4908,-48.4289,1002,1491,673,70,,,,,,
161638,161638,UT,21:22:05 27-Mar-2018,Argos,B,-25.4915,-48.4281,1212,1611,911,80,,,,,,
161638,161638,UT,21:54:33 27-Mar-2018,Argos,B,-25.4923,-48.4273,1251,1819,859,102,,,,,,
161638,161638,UT,01:51:18 28-Mar-2018,Argos,B,-25.5033,-48.4399,1239,3613,424,141,,,,,,
161638,161638,UT,09:20:04 28-Mar-2018,Argos,B,-25.4996,-48.4392,2730,4428,1682,110,,,,,,
161638,161638,UT,09:43:24 28-Mar-2018,Argos,B,-25.5078,-48.4473,2722,3653,2028,65,,,,,,
161638,161638,UT,10:56:42 28-Mar-2018,Argos,B,-25.4947,-48.4424,2450,5062,1185,85,,,,,,
161638,161638,UT,20:43:37 28-Mar-2018,Argos,B,-25.4771,-48.4410,3644,7003,1896,78,,,,,,
161638,161638,UT,23:28:50 28-Mar-2018,Argos,B,-25.4737,-48.4211,2840,58131,138,90,,,,,,
161638,161638,UT,23:28:50 28-Mar-2018,Argos,B,-25.4741,-48.3507,1080,6018,193,89,,,,,,Lon > 4 deviations from mean
161638,161638,UT,23:52:23 28-Mar-2018,Argos,A,-25.4800,-48.4399,3110,12747,758,114,,,,,,
161638,161638,UT,00:44:15 29-Mar-2018,Argos,B,-25.4786,-48.4366,6134,9802,3838,111,,,,,,
161638,161638,UT,01:10:36 29-Mar-2018,Argos,B,-25.4790,-48.4359,4758,6779,3338,105,,,,,,
161638,161638,UT,08:06:07 29-Mar-2018,Argos,B,-25.4728,-48.4122,7258,11296,4663,74,,,,,,
161638,161638,UT,09:03:49 29-Mar-2018,Argos,B,-25.4760,-48.4230,2829,4797,1668,59,,,,,,
161638,161638,UT,11:05:14 29-Mar-2018,Argos,B,-25.4802,-48.4235,2760,4470,1704,80,,,,,,
161638,161638,UT,20:26:40 29-Mar-2018,Argos,B,-25.4735,-48.4112,4170,5280,3293,78,,,,,,
161638,161638,UT,22:05:07 29-Mar-2018,Argos,B,-25.4731,-48.4223,3642,6547,2025,41,,,,,,
161638,161638,UT,23:08:24 29-Mar-2018,Argos,B,-25.4817,-48.4273,2918,4964,1714,68,,,,,,
161638,161638,UT,00:55:16 30-Mar-2018,Argos,B,-25.4848,-48.4306,2798,4002,1955,49,,,,,,
161638,161638,UT,06:17:36 30-Mar-2018,Argos,B,-25.4925,-48.4358,3640,4523,2928,61,,,,,,
161638,161638,UT,07:54:58 30-Mar-2018,Argos,B,-25.4901,-48.4359,3433,6186,1904,53,,,,,,
161638,161638,UT,12:15:03 30-Mar-2018,Argos,B,-25.4934,-48.4389,3490,4107,2966,62,,,,,,
161638,161638,UT,12:23:21 30-Mar-2018,Argos,2,-25.4894,-48.4317,357,2554,50,105,,,,,,
161638,161638,UT,21:27:40 30-Mar-2018,Argos,B,-25.4897,-48.4318,2885,3686,2257,130,,,,,,
161638,161638,UT,07:44:13 31-Mar-2018,Argos,B,-25.5045,-48.4453,3848,4840,3059,35,,,,,,
161638,161638,UT,20:03:49 31-Mar-2018,Argos,B,-25.5113,-48.4541,4951,7065,3469,40,,,,,,
161638,161638,UT,20:59:35 31-Mar-2018,Argos,B,-25.4856,-48.4414,3104,13930,691,96,,,,,,
161638,161638,UT,00:28:25 01-Apr-2018,Argos,B,-25.4775,-48.4562,1095,5060,237,45,,,,,,
161638,161638,UT,01:21:43 01-Apr-2018,Argos,B,-25.4807,-48.4632,1344,2008,898,48,,,,,,
161638,161638,UT,02:08:51 01-Apr-2018,Argos,B,-25.4826,-48.4644,1543,2160,1102,62,,,,,,
161638,161638,UT,09:28:59 01-Apr-2018,Argos,B,-25.4693,-48.4750,3187,3785,2682,82,,,,,,
161638,161638,UT,11:43:43 01-Apr-2018,Argos,B,-25.4783,-48.4719,2440,89942,66,109,,,,,,
161638,161638,UT,20:00:03 01-Apr-2018,Argos,B,-25.4814,-48.4689,3300,9708,1121,94,,,,,,
161638,161638,UT,22:12:22 01-Apr-2018,Argos,B,-25.4887,-48.4563,3026,8059,1136,81,,,,,,
161638,161638,UT,23:27:08 01-Apr-2018,Argos,B,-25.4924,-48.4482,2857,8063,1012,71,,,,,,
161638,161638,UT,00:09:17 02-Apr-2018,Argos,B,-25.4932,-48.4472,2896,9115,919,69,,,,,,
161638,161638,UT,10:05:50 02-Apr-2018,Argos,B,-25.5005,-48.4232,2632,34452,201,133,,,,,,
161638,161638,UT,10:40:37 02-Apr-2018,Argos,B,-25.4936,-48.4295,1755,4886,629,130,,,,,,
161638,161638,UT,12:24:26 02-Apr-2018,Argos,B,-25.5208,-48.4341,1654,10196,268,116,,,,,,
161638,161638,UT,12:56:28 02-Apr-2018,Argos,A,-25.4858,-48.4380,220,461,105,92,,,,,,
161638,161638,UT,00:12:41 03-Apr-2018,Argos,B,-25.4311,-48.4055,2557,7597,860,23,,,,,,
161638,161638,UT,05:26:45 03-Apr-2018,Argos,A,-25.4724,-48.3763,1522,10832,213,76,,,,,,
161638,161638,UT,08:35:09 03-Apr-2018,Argos,A,-25.4501,-48.3563,1665,8142,340,53,,,,,,
161638,161638,UT,09:55:51 03-Apr-2018,Argos,B,-25.4757,-48.3754,4834,7734,3020,65,,,,,,
161638,161638,UT,10:17:26 03-Apr-2018,Argos,B,-25.4482,-48.3712,3925,10532,1462,51,,,,,,
161638,161638,UT,11:03:22 03-Apr-2018,Argos,B,-25.4877,-48.4082,1417,9474,211,79,,,,,,
161638,161638,UT,12:42:42 03-Apr-2018,Argos,B,-25.4996,-48.4381,1832,3794,884,73,,,,,,
161638,161638,UT,00:00:17 04-Apr-2018,Argos,B,-25.4771,-48.4087,1273,4148,390,165,,,,,,
161638,161638,UT,02:00:18 04-Apr-2018,Argos,B,-25.5800,-48.3793,6423,8531,4834,46,,,,,,
161638,161638,UT,08:12:57 04-Apr-2018,Argos,B,-25.6566,-48.3421,8536,10059,7243,120,,,,,,
161638,161638,UT,09:29:05 04-Apr-2018,Argos,B,-25.6604,-48.4044,9226,13001,6546,76,,,,,,
161638,161638,UT,11:22:34 04-Apr-2018,Argos,B,-25.5864,-48.4607,9477,17910,5014,63,,,,,,
161638,161638,UT,12:21:36 04-Apr-2018,Argos,B,-25.4849,-48.4059,5042,126863,200,102,,,,,,
161638,161638,UT,13:15:28 04-Apr-2018,Argos,B,-25.4589,-48.4076,5206,15577,1740,104,,,,,,
161638,161638,UT,22:06:31 04-Apr-2018,Argos,B,-25.4855,-48.4178,8399,18155,3886,105,,,,,,
161638,161638,UT,22:06:31 04-Apr-2018,Argos,B,-25.4872,-48.4181,6235,11330,3430,110,,,,,,
161638,161638,UT,00:46:08 05-Apr-2018,Argos,B,-25.4884,-48.4179,2812,11562,683,81,,,,,,
161638,161638,UT,08:57:28 05-Apr-2018,Argos,B,-25.4813,-48.3993,3972,8739,1805,66,,,,,,
161638,161638,UT,09:26:02 05-Apr-2018,Argos,B,-25.4843,-48.3974,3715,15066,915,76,,,,,,
161638,161638,UT,09:26:02 05-Apr-2018,Argos,B,-25.4850,-48.3984,3727,16152,859,77,,,,,,
161638,161638,UT,11:08:19 05-Apr-2018,Argos,B,-25.4542,-48.3694,3145,8124,1217,67,,,,,,
161638,161638,UT,23:24:18 05-Apr-2018,Argos,B,-25.2763,-48.2366,4951,12162,2015,61,,,,,,
161638,161638,UT,08:08:05 06-Apr-2018,Argos,B,-25.5543,-48.4140,6265,49198,797,86,,,,,,
161638,161638,UT,09:14:13 06-Apr-2018,Argos,A,-25.5505,-48.4445,1378,3190,595,9,,,,,,
161638,161638,UT,10:03:08 06-Apr-2018,Argos,B,-25.5278,-48.5037,5862,28276,1215,81,,,,,,
161638,161638,UT,01:05:14 07-Apr-2018,Argos,B,-25.4136,-48.3910,2780,8384,921,152,,,,,,
161638,161638,UT,01:46:50 07-Apr-2018,Argos,B,-25.5040,-48.5292,2737,25152,297,66,,,,,,
161638,161638,UT,08:03:33 07-Apr-2018,Argos,B,-25.4758,-48.5771,4250,8748,2064,76,,,,,,
161638,161638,UT,08:32:16 07-Apr-2018,Argos,B,-25.4801,-48.5475,5306,10936,2574,100,,,,,,
161638,161638,UT,09:04:14 07-Apr-2018,Argos,B,-25.4922,-48.4845,6226,8585,4515,90,,,,,,
161638,161638,UT,22:19:31 07-Apr-2018,Argos,B,-25.5815,-48.1150,11276,17125,7424,96,,,,,,
161638,161638,UT,23:06:48 07-Apr-2018,Argos,B,-25.6272,-48.0067,22497,34218,14790,83,,,,,,
161638,161638,UT,08:13:00 08-Apr-2018,Argos,B,-25.5756,-48.0343,16629,74478,3712,107,,,,,,
161638,161638,UT,08:59:55 08-Apr-2018,Argos,B,-25.4885,-48.1324,22597,415696,1228,88,,,,,,
161638,161638,UT,10:32:54 08-Apr-2018,Argos,B,-25.5059,-48.3164,11538,31933,4168,102,,,,,,
161638,161638,UT,10:43:57 08-Apr-2018,Argos,B,-25.5122,-48.3355,13648,48625,3830,102,,,,,,
161638,161638,UT,10:59:38 08-Apr-2018,Argos,B,-25.5152,-48.3492,4375,20001,956,91,,,,,,
161638,161638,UT,21:55:04 08-Apr-2018,Argos,B,-25.5468,-48.5728,3396,4373,2636,60,,,,,,
161638,161638,UT,23:00:02 08-Apr-2018,Argos,A,-25.5005,-48.5349,7113,156974,322,82,,,,,,
161638,161638,UT,23:21:23 08-Apr-2018,Argos,B,-25.4963,-48.5322,7657,40223,1457,83,,,,,,
161638,161638,UT,01:58:03 09-Apr-2018,Argos,B,-25.4697,-48.4847,5525,8883,3436,74,,,,,,
161638,161638,UT,02:40:57 09-Apr-2018,Argos,B,-25.4618,-48.4830,4806,7338,3148,76,,,,,,
161638,161638,UT,07:46:28 09-Apr-2018,Argos,B,-25.4406,-48.4883,2990,4804,1861,96,,,,,,
161638,161638,UT,10:05:42 09-Apr-2018,Argos,A,-25.4896,-48.4398,2133,28875,157,48,,,,,,
161638,161638,UT,10:25:33 09-Apr-2018,Argos,B,-25.5045,-48.4566,906,1538,533,50,,,,,,
161638,161638,UT,10:38:15 09-Apr-2018,Argos,B,-25.5012,-48.4549,1008,1460,694,53,,,,,,
161638,161638,UT,13:55:25 09-Apr-2018,Argos,B,-25.4838,-48.4418,2078,2502,1725,85,,,,,,
161638,161638,UT,18:23:06 09-Apr-2018,Argos,B,-25.5320,-48.4202,2948,11529,753,89,,,,,,
161638,161638,UT,19:41:18 09-Apr-2018,Argos,B,-25.5252,-48.3847,2864,6148,1334,101,,,,,,
161638,161638,UT,20:03:29 09-Apr-2018,Argos,B,-25.5157,-48.3876,2922,6226,1371,97,,,,,,
161638,161638,UT,09:36:34 10-Apr-2018,Argos,B,-25.4586,-48.2344,4344,5729,3293,83,,,,,,
161638,161638,UT,11:48:21 10-Apr-2018,Argos,B,-25.4828,-48.2835,6152,30133,1256,84,,,,,,
161638,161638,UT,11:57:12 10-Apr-2018,Argos,B,-25.4857,-48.3668,3793,284839,50,86,,,,,,
161638,161638,UT,07:16:01 11-Apr-2018,Argos,B,-25.3990,-48.1969,4693,10082,2184,59,,,,,,
161638,161638,UT,08:36:56 11-Apr-2018,Argos,B,-25.4747,-48.4220,3660,6216,2154,39,,,,,,
161638,161638,UT,09:03:08 11-Apr-2018,Argos,B,-25.4774,-48.4012,2899,12626,665,109,,,,,,
161638,161638,UT,18:04:57 11-Apr-2018,Argos,A,-25.4670,-48.4040,458,1571,133,131,,,,,,
161638,161638,UT,19:49:17 11-Apr-2018,Argos,3,-25.4602,-48.3846,172,509,58,70,,,,,,
161638,161638,UT,20:16:29 11-Apr-2018,Argos,3,-25.4577,-48.3737,220,235,204,108,,,,,,
161638,161638,UT,20:54:05 11-Apr-2018,Argos,B,-25.4579,-48.3741,1868,2100,1661,95,,,,,,
161638,161638,UT,21:57:34 11-Apr-2018,Argos,B,-25.4516,-48.3735,2525,3406,1871,91,,,,,,
161638,161638,UT,22:31:17 11-Apr-2018,Argos,A,-25.4454,-48.3720,174,248,122,173,,,,,,
161638,161638,UT,22:41:26 11-Apr-2018,Argos,B,-25.4459,-48.3745,1049,7792,141,96,,,,,,
161638,161638,UT,00:01:59 12-Apr-2018,Argos,A,-25.4392,-48.3945,989,5986,163,56,,,,,,
161638,161638,UT,11:26:48 12-Apr-2018,Argos,B,-25.4165,-48.4650,3226,7124,1461,80,,,,,,
161638,161638,UT,17:52:47 12-Apr-2018,Argos,B,-25.3694,-48.3863,1710,22057,132,152,,,,,,
161638,161638,UT,19:26:33 12-Apr-2018,Argos,A,-25.3783,-48.3886,650,3289,128,60,,,,,,
161638,161638,UT,19:46:42 12-Apr-2018,Argos,1,-25.3666,-48.3796,935,2951,296,29,,,,,,
161638,161638,UT,21:14:44 12-Apr-2018,Argos,B,-25.3652,-48.3830,3050,3524,2640,82,,,,,,
161638,161638,UT,21:27:11 12-Apr-2018,Argos,B,-25.3702,-48.3801,2380,3688,1535,80,,,,,,
161638,161638,UT,23:39:12 12-Apr-2018,Argos,B,-25.3746,-48.3807,3033,4949,1858,87,,,,,,
161638,161638,UT,23:48:59 12-Apr-2018,Argos,2,-25.3748,-48.3602,377,934,152,58,,,,,,
161638,161638,UT,23:52:09 12-Apr-2018,Argos,B,-25.3752,-48.3614,611,752,495,65,,,,,,
161638,161638,UT,00:40:13 13-Apr-2018,Argos,B,-25.3719,-48.3615,2137,2687,1699,72,,,,,,
161638,161638,UT,01:24:24 13-Apr-2018,Argos,B,-25.3474,-48.3547,1706,7149,407,98,,,,,,
161638,161638,UT,05:08:40 13-Apr-2018,Argos,B,-25.3069,-48.3437,2262,3328,1538,98,,,,,,
161638,161638,UT,09:38:18 13-Apr-2018,Argos,B,-25.2658,-48.3443,3527,4183,2974,42,,,,,,
161638,161638,UT,17:43:04 13-Apr-2018,Argos,B,-25.2255,-48.3440,2325,31714,170,171,,,,,,
161638,161638,UT,19:15:08 13-Apr-2018,Argos,1,-25.2541,-48.3498,1350,12967,140,73,,,,,,
161638,161638,UT,19:15:08 13-Apr-2018,Argos,B,-25.2549,-48.3525,1547,20612,116,74,,,,,,
161638,161638,UT,23:19:58 13-Apr-2018,Argos,B,-25.2336,-48.3266,3006,7707,1172,159,,,,,,
161638,161638,UT,23:24:42 13-Apr-2018,Argos,B,-25.2567,-48.3206,627,1891,207,103,,,,,,
161638,161638,UT,00:54:24 14-Apr-2018,Argos,B,-25.2484,-48.3184,1440,1816,1141,99,,,,,,
161638,161638,UT,08:18:52 14-Apr-2018,Argos,B,-25.2252,-48.3289,1687,9121,311,29,,,,,,
161638,161638,UT,09:10:32 14-Apr-2018,Argos,B,-25.2378,-48.3383,1680,3169,890,31,,,,,,
161638,161638,UT,10:55:56 14-Apr-2018,Argos,A,-25.2631,-48.3487,260,1070,63,65,,,,,,
161638,161638,UT,10:55:56 14-Apr-2018,Argos,B,-25.2432,-48.3410,2026,2739,1498,47,,,,,,
161638,161638,UT,12:10:02 14-Apr-2018,Argos,B,-25.2586,-48.3359,860,2951,250,164,,,,,,
161638,161638,UT,13:14:49 14-Apr-2018,Argos,B,-25.2571,-48.3329,1362,1687,1098,163,,,,,,
161638,161638,UT,19:08:07 14-Apr-2018,Argos,2,-25.2517,-48.3345,304,883,104,81,,,,,,
161638,161638,UT,21:25:47 14-Apr-2018,Argos,3,-25.2696,-48.3418,143,171,119,141,,,,,,
161638,161638,UT,21:53:39 14-Apr-2018,Argos,B,-25.2703,-48.3416,729,818,648,86,,,,,,
161638,161638,UT,22:05:26 14-Apr-2018,Argos,B,-25.2720,-48.3411,858,976,754,84,,,,,,
161638,161638,UT,23:26:15 14-Apr-2018,Argos,A,-25.3389,-48.3382,268,1806,39,64,,,,,,
161638,161638,UT,00:37:33 15-Apr-2018,Argos,1,-25.3594,-48.3498,608,2753,134,58,,,,,,
161638,161638,UT,01:36:02 15-Apr-2018,Argos,B,-25.3740,-48.3533,1867,2300,1514,66,,,,,,
161638,161638,UT,02:20:19 15-Apr-2018,Argos,B,-25.3696,-48.3515,2233,2573,1936,35,,,,,,
161638,161638,UT,06:33:24 15-Apr-2018,Argos,B,-25.3678,-48.3471,1867,17121,203,30,,,,,,
161638,161638,UT,10:10:10 15-Apr-2018,Argos,B,-25.4326,-48.3607,3022,5327,1714,19,,,,,,
161638,161638,UT,10:53:11 15-Apr-2018,Argos,B,-25.4291,-48.3595,3389,6548,1753,12,,,,,,
161638,161638,UT,13:28:32 15-Apr-2018,Argos,B,-25.4599,-48.3510,3736,6564,2126,12,,,,,,
161638,161638,UT,19:54:01 15-Apr-2018,Argos,2,-25.4602,-48.3422,396,533,293,52,,,,,,
161638,161638,UT,20:55:46 15-Apr-2018,Argos,B,-25.5002,-48.3093,2991,7878,1135,52,,,,,,
161638,161638,UT,21:28:27 15-Apr-2018,Argos,1,-25.4829,-48.2932,559,2272,137,84,,,,,,
161638,161638,UT,22:33:39 15-Apr-2018,Argos,B,-25.4891,-48.2862,1380,18316,104,64,,,,,,
161638,161638,UT,23:16:16 15-Apr-2018,Argos,B,-25.4962,-48.2807,1798,3090,1045,67,,,,,,
161638,161638,UT,00:13:15 16-Apr-2018,Argos,A,-25.4729,-48.2531,185,528,64,82,,,,,,
161638,161638,UT,01:20:24 16-Apr-2018,Argos,A,-25.4748,-48.2429,225,477,105,119,,,,,,
161638,161638,UT,02:02:12 16-Apr-2018,Argos,B,-25.4754,-48.2338,914,1056,789,98,,,,,,
161638,161638,UT,08:14:30 16-Apr-2018,Argos,B,-25.4792,-48.2361,2496,3654,1705,71,,,,,,
161638,161638,UT,08:14:30 16-Apr-2018,Argos,B,-25.4743,-48.1967,3887,13316,1134,87,,,,,,
161638,161638,UT,08:59:58 16-Apr-2018,Argos,B,-25.4741,-48.1861,3962,12784,1227,87,,,,,,
161638,161638,UT,09:42:52 16-Apr-2018,Argos,B,-25.4744,-48.1772,4388,12965,1485,81,,,,,,
161638,161638,UT,13:05:13 16-Apr-2018,Argos,B,-25.4748,-48.1445,4676,10433,2095,82,,,,,,
161638,161638,UT,18:51:34 16-Apr-2018,Argos,A,-25.3911,-48.1739,174,227,132,136,,,,,,
161638,161638,UT,20:22:08 16-Apr-2018,Argos,B,-25.3797,-48.1649,1018,2267,456,54,,,,,,
161638,161638,UT,20:35:05 16-Apr-2018,Argos,B,-25.3770,-48.1624,962,1634,566,69,,,,,,
161638,161638,UT,21:01:56 16-Apr-2018,Argos,B,-25.3680,-48.1535,831,11803,58,103,,,,,,
161638,161638,UT,21:31:26 16-Apr-2018,Argos,B,-25.3688,-48.1520,1078,2106,551,101,,,,,,
161638,161638,UT,22:07:05 16-Apr-2018,Argos,A,-25.3499,-48.1524,2375,5452,1034,61,,,,,,
161638,161638,UT,23:06:49 16-Apr-2018,Argos,A,-25.3655,-48.1487,4022,50412,320,81,,,,,,
161638,161638,UT,23:56:24 16-Apr-2018,Argos,B,-25.3618,-48.1393,2753,22830,331,37,,,,,,
161638,161638,UT,00:44:47 17-Apr-2018,Argos,B,-25.3592,-48.1325,3375,4996,2280,38,,,,,,
161638,161638,UT,01:37:14 17-Apr-2018,Argos,B,-25.3580,-48.1300,1045,10986,99,154,,,,,,
161638,161638,UT,05:58:38 17-Apr-2018,Argos,B,-25.3355,-48.0940,2325,2439,2216,126,,,,,,
161638,161638,UT,07:38:34 17-Apr-2018,Argos,B,-25.3383,-48.1065,3035,4041,2279,52,,,,,,
161638,161638,UT,09:24:14 17-Apr-2018,Argos,B,-25.3423,-48.1123,3098,4294,2234,72,,,,,,
161638,161638,UT,10:23:03 17-Apr-2018,Argos,1,-25.3487,-48.1631,1198,3658,392,67,,,,,,
161638,161638,UT,11:02:36 17-Apr-2018,Argos,B,-25.3455,-48.0870,4382,18299,1049,87,,,,,,
161638,161638,UT,11:10:42 17-Apr-2018,Argos,3,-25.3565,-48.1427,168,201,139,128,,,,,,
161638,161638,UT,12:08:06 17-Apr-2018,Argos,B,-25.3592,-48.1336,991,1244,788,89,,,,,,
161638,161638,UT,12:11:30 17-Apr-2018,Argos,B,-25.3605,-48.1382,1083,1566,748,90,,,,,,
161638,161638,UT,18:37:59 17-Apr-2018,Argos,3,-25.4669,-48.2458,217,528,89,50,,,,,,
161638,161638,UT,20:19:39 17-Apr-2018,Argos,B,-25.4515,-48.2448,1095,9058,132,87,,,,,,
161638,161638,UT,20:24:19 17-Apr-2018,Argos,A,-25.4575,-48.2601,157,462,53,90,,,,,,
161638,161638,UT,21:43:50 17-Apr-2018,Argos,B,-25.4764,-48.2612,885,8676,90,94,,,,,,
161638,161638,UT,22:06:08 17-Apr-2018,Argos,A,-25.4754,-48.2621,216,354,131,19,,,,,,
161638,161638,UT,23:00:36 17-Apr-2018,Argos,1,-25.4830,-48.2602,643,1436,287,73,,,,,,
161638,161638,UT,23:27:58 17-Apr-2018,Argos,B,-25.4858,-48.2600,4222,4848,3676,87,,,,,,
161638,161638,UT,23:41:56 17-Apr-2018,Argos,A,-25.4771,-48.2483,189,209,169,159,,,,,,
161638,161638,UT,00:39:41 18-Apr-2018,Argos,B,-25.4826,-48.2473,1053,1155,959,87,,,,,,
161638,161638,UT,00:40:49 18-Apr-2018,Argos,A,-25.4759,-48.2568,1537,6401,368,58,,,,,,
161638,161638,UT,01:20:17 18-Apr-2018,Argos,B,-25.4859,-48.2578,1275,25758,63,82,,,,,,
161638,161638,UT,00:22:32 19-Apr-2018,Argos,B,-25.6159,-48.3945,5302,8211,3423,38,,,,,,
161638,161638,UT,00:52:34 19-Apr-2018,Argos,B,-25.6007,-48.4064,12680,45560,3528,18,,,,,,
161638,161638,UT,22:32:05 19-Apr-2018,Argos,B,-26.1251,-48.7394,8756,17619,4351,6,,,,,,Lat > 4 deviations from mean
161638,161638,UT,22:32:05 19-Apr-2018,Argos,B,-25.6433,-48.3803,22663,38143,13465,99,,,,,,
161638,161638,UT,00:13:29 20-Apr-2018,Argos,B,-25.4912,-48.4432,522,4014,67,59,,,,,,
161638,161638,UT,11:53:02 20-Apr-2018,Argos,B,-25.4607,-48.4745,38311,52002,28224,107,,,,,,
161638,161638,UT,22:09:45 20-Apr-2018,Argos,A,-25.4844,-48.4159,3376,131568,86,72,,,,,,
161638,161638,UT,00:11:17 21-Apr-2018,Argos,B,-25.4937,-48.4500,1960,8135,472,93,,,,,,
161638,161638,UT,01:07:38 21-Apr-2018,Argos,B,-25.4949,-48.4501,2117,5088,880,94,,,,,,
161638,161638,UT,01:52:20 21-Apr-2018,Argos,A,-25.4910,-48.4071,2468,24751,246,95,,,,,,
161638,161638,UT,09:25:03 21-Apr-2018,Argos,B,-25.4966,-48.3382,5865,11469,2999,102,,,,,,
161638,161638,UT,10:30:39 21-Apr-2018,Argos,B,-25.4883,-48.3631,6035,19698,1848,95,,,,,,
161638,161638,UT,22:08:34 21-Apr-2018,Argos,B,-25.5035,-48.3228,5455,12853,2315,116,,,,,,
161638,161638,UT,23:26:46 21-Apr-2018,Argos,B,-25.4899,-48.4003,3690,5016,2714,99,,,,,,
161638,161638,UT,23:48:32 21-Apr-2018,Argos,B,-25.4739,-48.3906,3769,82637,171,62,,,,,,
161638,161638,UT,23:49:11 21-Apr-2018,Argos,B,-25.4888,-48.4190,2175,25041,188,61,,,,,,
161638,161638,UT,09:00:09 22-Apr-2018,Argos,B,-25.4923,-48.4237,2642,5182,1346,124,,,,,,
161638,161638,UT,10:04:56 22-Apr-2018,Argos,B,-25.4903,-48.4090,2579,9063,733,95,,,,,,
161638,161638,UT,01:09:49 23-Apr-2018,Argos,B,-25.4331,-48.3468,3387,63385,181,56,,,,,,Lat > 4 deviations from mean
161638,161638,UT,09:20:46 23-Apr-2018,Argos,B,-25.4777,-48.4140,3596,5048,2561,63,,,,,,
161638,161638,UT,12:30:47 23-Apr-2018,Argos,B,-25.4755,-48.4111,3560,3825,3313,35,,,,,,
161638,161638,UT,20:43:27 23-Apr-2018,Argos,B,-25.4912,-48.4219,3327,11902,929,113,,,,,,
161638,161638,UT,20:43:27 23-Apr-2018,Argos,B,-25.4897,-48.4218,2512,10727,588,102,,,,,,
161638,161638,UT,22:27:17 23-Apr-2018,Argos,B,-25.4873,-48.4299,1997,3256,1224,90,,,,,,
161638,161638,UT,00:47:48 24-Apr-2018,Argos,B,-25.4810,-48.4311,2283,4238,1229,81,,,,,,
161638,161638,UT,09:51:50 24-Apr-2018,Argos,A,-25.4897,-48.4295,245,1560,38,114,,,,,,
161638,161638,UT,10:37:26 24-Apr-2018,Argos,B,-25.4893,-48.4297,946,1067,838,95,,,,,,
161638,161638,UT,21:51:11 24-Apr-2018,Argos,B,-25.4923,-48.4299,2899,6541,1284,94,,,,,,
161638,161638,UT,23:18:40 24-Apr-2018,Argos,B,-25.4918,-48.4271,2371,44869,125,77,,,,,,
161638,161638,UT,23:52:46 24-Apr-2018,Argos,B,-25.4918,-48.4269,2491,11604,534,78,,,,,,
161638,161638,UT,07:58:24 25-Apr-2018,Argos,B,-25.4803,-48.4275,3193,12270,831,75,,,,,,
161638,161638,UT,09:27:47 25-Apr-2018,Argos,B,-25.4800,-48.4283,3057,7352,1271,74,,,,,,
161638,161638,UT,20:20:14 25-Apr-2018,Argos,B,-25.4720,-48.4270,3982,7019,2258,54,,,,,,
161638,161638,UT,00:11:52 26-Apr-2018,Argos,B,-25.4861,-48.4330,3543,8162,1538,80,,,,,,
161638,161638,UT,00:43:51 26-Apr-2018,Argos,1,-25.4804,-48.4335,537,1882,153,172,,,,,,
161638,161638,UT,01:48:20 26-Apr-2018,Argos,B,-25.4995,-48.4265,2992,24887,359,78,,,,,,
161638,161638,UT,09:05:22 26-Apr-2018,Argos,B,-25.5212,-48.4236,4014,7365,2187,79,,,,,,
161638,161638,UT,09:34:33 26-Apr-2018,Argos,B,-25.5114,-48.4548,3045,8005,1158,53,,,,,,
161638,161638,UT,10:20:00 26-Apr-2018,Argos,A,-25.4856,-48.4347,202,1037,39,101,,,,,,
161638,161638,UT,22:57:45 26-Apr-2018,Argos,B,-25.4023,-48.3694,3736,4830,2890,38,,,,,,
161638,161638,UT,23:47:28 26-Apr-2018,Argos,B,-25.4839,-48.4206,1695,9218,311,77,,,,,,
161638,161638,UT,11:51:05 27-Apr-2018,Argos,B,-25.5984,-48.4651,3202,6452,1588,106,,,,,,
161638,161638,UT,21:58:41 27-Apr-2018,Argos,B,-25.5805,-48.4570,5848,8670,3943,35,,,,,,
161638,161638,UT,22:40:42 27-Apr-2018,Argos,B,-25.4981,-48.4588,2725,12837,578,50,,,,,,
161638,161638,UT,07:21:39 28-Apr-2018,Argos,A,-25.4794,-48.3016,10560,152633,730,82,,,,,,
161638,161638,UT,10:22:27 28-Apr-2018,Argos,B,-25.5012,-48.3132,13821,58997,3237,96,,,,,,
161638,161638,UT,10:47:14 28-Apr-2018,Argos,B,-25.5017,-48.3507,10579,27408,4082,98,,,,,,
161638,161638,UT,12:25:56 28-Apr-2018,Argos,B,-25.5029,-48.3637,1806,10028,325,97,,,,,,
161638,161638,UT,13:25:07 28-Apr-2018,Argos,B,-25.4992,-48.3695,2205,6176,787,92,,,,,,
161638,161638,UT,23:51:09 28-Apr-2018,Argos,B,-25.3680,-48.2314,3602,6986,1856,70,,,,,,Lat > 4 deviations from mean
161638,161638,UT,02:29:29 29-Apr-2018,Argos,A,-25.4905,-48.4286,3968,29086,541,25,,,,,,
161638,161638,UT,07:44:22 29-Apr-2018,Argos,B,-25.4990,-48.4350,2283,5621,927,31,,,,,,
161638,161638,UT,09:28:42 29-Apr-2018,Argos,B,-25.4908,-48.4760,6012,7096,5092,32,,,,,,
161638,161638,UT,11:29:36 29-Apr-2018,Argos,B,-25.4966,-48.4894,2740,5513,1361,78,,,,,,
161638,161638,UT,21:41:54 29-Apr-2018,Argos,B,-25.4940,-48.5433,4098,6195,2710,91,,,,,,
161638,161638,UT,00:02:07 30-Apr-2018,Argos,B,-25.4882,-48.5084,4990,11142,2234,93,,,,,,
161638,161638,UT,07:01:56 30-Apr-2018,Argos,B,-25.4792,-48.5030,5389,10729,2706,99,,,,,,
161638,161638,UT,10:34:24 30-Apr-2018,Argos,B,-25.4662,-48.4875,4723,9676,2305,119,,,,,,
161638,161638,UT,11:21:16 30-Apr-2018,Argos,B,-25.4791,-48.4483,3636,6005,2201,141,,,,,,
161638,161638,UT,11:43:35 30-Apr-2018,Argos,B,-25.4867,-48.4354,1530,8881,263,99,,,,,,
161638,161638,UT,12:43:29 30-Apr-2018,Argos,A,-25.4891,-48.4324,1181,22937,60,91,,,,,,
161638,161638,UT,20:24:50 30-Apr-2018,Argos,B,-25.5127,-48.3600,2586,7183,930,109,,,,,,
161638,161638,UT,21:17:21 30-Apr-2018,Argos,A,-25.4924,-48.4485,3921,115270,133,78,,,,,,
161638,161638,UT,22:06:27 30-Apr-2018,Argos,B,-25.4920,-48.4574,4873,11809,2011,79,,,,,,
161638,161638,UT,23:41:50 30-Apr-2018,Argos,B,-25.4921,-48.4700,4355,7037,2695,76,,,,,,
161638,161638,UT,00:04:52 01-May-2018,Argos,B,-25.4880,-48.4538,3417,5298,2203,96,,,,,,
161638,161638,UT,01:42:04 01-May-2018,Argos,B,-25.4848,-48.4626,2153,2798,1656,110,,,,,,
161638,161638,UT,08:39:35 01-May-2018,Argos,B,-25.4750,-48.4961,3295,3967,2736,131,,,,,,
161638,161638,UT,11:06:20 01-May-2018,Argos,B,-25.4720,-48.4476,2761,139832,54,131,,,,,,
161638,161638,UT,11:22:46 01-May-2018,Argos,B,-25.4771,-48.4412,2577,17040,389,132,,,,,,
161638,161638,UT,12:24:14 01-May-2018,Argos,B,-25.4757,-48.4432,2774,8641,890,131,,,,,,
161638,161638,UT,19:12:43 01-May-2018,Argos,B,-25.4819,-48.4519,2984,6989,1274,100,,,,,,
161638,161638,UT,21:32:39 01-May-2018,Argos,B,-25.4841,-48.4501,3087,12711,749,98,,,,,,
161638,161638,UT,06:33:11 02-May-2018,Argos,A,-25.4912,-48.4312,153,215,108,117,,,,,,
161638,161638,UT,08:08:43 02-May-2018,Argos,B,-25.5052,-48.4328,1335,2140,832,97,,,,,,
161638,161638,UT,08:08:43 02-May-2018,Argos,B,-25.4946,-48.4210,1006,1574,642,26,,,,,,
161638,161638,UT,09:12:42 02-May-2018,Argos,B,-25.5008,-48.4305,1965,2943,1311,103,,,,,,
161638,161638,UT,11:02:51 02-May-2018,Argos,B,-25.4786,-48.4402,2554,9853,661,86,,,,,,
161638,161638,UT,12:04:24 02-May-2018,Argos,B,-25.4773,-48.4407,1760,3508,883,86,,,,,,
161638,161638,UT,20:41:28 02-May-2018,Argos,B,-25.4832,-48.4349,3068,5264,1787,65,,,,,,
161638,161638,UT,22:11:32 02-May-2018,Argos,B,-25.4881,-48.4423,2739,8576,875,82,,,,,,
161638,161638,UT,23:52:05 02-May-2018,Argos,B,-25.4898,-48.4422,3003,6944,1298,81,,,,,,
161638,161638,UT,01:09:15 03-May-2018,Argos,B,-25.4907,-48.4418,3073,5881,1605,78,,,,,,
161638,161638,UT,09:28:01 03-May-2018,Argos,B,-25.4909,-48.4425,2962,36694,239,119,,,,,,
161638,161638,UT,10:43:01 03-May-2018,Argos,B,-25.4928,-48.4398,3081,11357,835,120,,,,,,
161638,161638,UT,10:43:01 03-May-2018,Argos,B,-25.4888,-48.4464,2712,10315,713,113,,,,,,
161638,161638,UT,13:57:34 03-May-2018,Argos,B,-25.4976,-48.4357,3360,7352,1535,114,,,,,,
161638,161638,UT,21:43:41 03-May-2018,Argos,0,-25.4880,-48.4316,2945,58692,147,94,,,,,,
161638,161638,UT,23:23:47 03-May-2018,Argos,B,-25.4883,-48.4331,1988,4127,957,86,,,,,,
161638,161638,UT,07:50:24 04-May-2018,Argos,B,-25.4879,-48.4289,1427,7058,288,149,,,,,,
161638,161638,UT,11:59:55 04-May-2018,Argos,B,-25.4879,-48.4282,1537,34438,68,105,,,,,,
161638,161638,UT,21:17:33 04-May-2018,Argos,B,-25.4898,-48.4270,3247,4698,2243,120,,,,,,
161638,161638,UT,21:41:42 04-May-2018,Argos,B,-25.4833,-48.4270,2356,22690,244,95,,,,,,
161638,161638,UT,22:57:13 04-May-2018,Argos,B,-25.4835,-48.4338,865,2467,303,85,,,,,,
161638,161638,UT,22:57:13 04-May-2018,Argos,B,-25.4847,-48.4245,2379,17518,323,96,,,,,,
161638,161638,UT,00:38:04 05-May-2018,Argos,B,-25.4843,-48.4328,1584,2195,1142,82,,,,,,
161638,161638,UT,07:36:13 05-May-2018,Argos,B,-25.4873,-48.4351,2683,4793,1501,108,,,,,,
161638,161638,UT,09:57:07 05-May-2018,Argos,3,-25.4897,-48.4311,221,708,69,126,,,,,,
161638,161638,UT,10:10:37 05-May-2018,Argos,B,-25.4899,-48.4310,546,650,457,111,,,,,,
161638,161638,UT,20:56:06 05-May-2018,Argos,B,-25.4899,-48.4246,2876,5516,1499,89,,,,,,
161638,161638,UT,21:13:47 05-May-2018,Argos,B,-25.4960,-48.4240,3539,3901,3210,86,,,,,,
161638,161638,UT,22:43:35 05-May-2018,Argos,A,-25.4981,-48.4227,2999,28370,316,109,,,,,,
161638,161638,UT,07:31:40 06-May-2018,Argos,B,-25.5068,-48.4166,4386,6871,2799,103,,,,,,Lat > 4 deviations from mean
161638,161638,UT,09:26:38 06-May-2018,Argos,A,-25.4870,-48.4184,2296,129527,40,77,,,,,,
161638,161638,UT,09:51:48 06-May-2018,Argos,B,-25.4869,-48.4177,2383,12506,454,77,,,,,,
161638,161638,UT,10:08:03 06-May-2018,Argos,B,-25.4884,-48.4228,1579,4279,582,83,,,,,,
161638,161638,UT,12:59:18 06-May-2018,Argos,B,-25.4869,-48.4263,2103,3413,1295,66,,,,,,
161638,161638,UT,18:15:20 06-May-2018,Argos,B,-25.4865,-48.4330,2702,5420,1347,87,,,,,,
161638,161638,UT,22:11:17 06-May-2018,Argos,B,-25.4895,-48.4274,2852,9665,841,74,,,,,,
161638,161638,UT,22:36:03 06-May-2018,Argos,B,-25.4899,-48.4294,2629,7426,930,70,,,,,,
161638,161638,UT,23:48:33 06-May-2018,Argos,B,-25.4895,-48.4302,2200,3444,1405,72,,,,,,
161638,161638,UT,00:42:58 07-May-2018,Argos,B,-25.4897,-48.4322,2686,6857,1051,59,,,,,,
161638,161638,UT,05:39:19 07-May-2018,Argos,B,-25.4877,-48.4358,2929,4239,2024,84,,,,,,
161638,161638,UT,09:27:32 07-May-2018,Argos,A,-25.4848,-48.4359,2495,16320,381,120,,,,,,
161638,161638,UT,09:55:36 07-May-2018,Argos,A,-25.4853,-48.4268,362,2094,62,64,,,,,,
161638,161638,UT,10:56:07 07-May-2018,Argos,1,-25.4880,-48.4285,790,1037,602,9,,,,,,
161638,161638,UT,11:06:04 07-May-2018,Argos,B,-25.4880,-48.4287,1948,2078,1826,83,,,,,,
161638,161638,UT,11:37:12 07-May-2018,Argos,B,-25.4867,-48.4309,941,11821,74,138,,,,,,
161638,161638,UT,11:59:59 07-May-2018,Argos,B,-25.4875,-48.4306,1099,2293,526,137,,,,,,
161638,161638,UT,12:40:49 07-May-2018,Argos,B,-25.4874,-48.4313,1377,1988,953,135,,,,,,
161638,161638,UT,21:42:24 07-May-2018,Argos,B,-25.4906,-48.4443,2447,61245,97,99,,,,,,
161638,161638,UT,21:44:07 07-May-2018,Argos,B,-25.4929,-48.4303,2125,29907,151,99,,,,,,
161638,161638,UT,07:02:40 08-May-2018,Argos,B,-25.4988,-48.4122,2171,26761,176,85,,,,,,
161638,161638,UT,09:42:56 08-May-2018,Argos,B,-25.5017,-48.4246,1123,11337,111,172,,,,,,
161638,161638,UT,10:04:14 08-May-2018,Argos,B,-25.4857,-48.4163,2525,104018,61,88,,,,,,
161638,161638,UT,17:56:30 08-May-2018,Argos,B,-25.4841,-48.4336,2327,27233,198,130,,,,,,
161638,161638,UT,19:40:14 08-May-2018,Argos,B,-25.4857,-48.4319,2569,6429,1026,126,,,,,,
161638,161638,UT,23:01:45 08-May-2018,Argos,A,-25.4878,-48.4306,367,1092,123,9,,,,,,
161638,161638,UT,23:49:09 08-May-2018,Argos,B,-25.4875,-48.4313,1008,1032,984,44,,,,,,
161638,161638,UT,05:14:17 09-May-2018,Argos,B,-25.4845,-48.4343,2457,3003,2009,120,,,,,,
161638,161638,UT,19:23:12 09-May-2018,Argos,B,-25.4856,-48.4359,2947,68615,126,86,,,,,,
161638,161638,UT,20:55:31 09-May-2018,Argos,B,-25.4841,-48.4302,2592,8335,806,92,,,,,,
161638,161638,UT,22:01:30 09-May-2018,Argos,B,-25.4838,-48.4295,2804,7093,1108,91,,,,,,
161638,161638,UT,22:37:20 09-May-2018,Argos,A,-25.5098,-48.4693,2392,19722,290,56,,,,,,
161638,161638,UT,00:15:41 10-May-2018,Argos,B,-25.5139,-48.4759,3588,4927,2611,85,,,,,,
161638,161638,UT,02:03:48 10-May-2018,Argos,B,-25.5135,-48.4803,4023,5476,2955,87,,,,,,
161638,161638,UT,06:38:36 10-May-2018,Argos,B,-25.4743,-48.4718,2042,36319,114,105,,,,,,
161638,161638,UT,09:03:12 10-May-2018,Argos,B,-25.4868,-48.4579,2250,6693,756,92,,,,,,
161638,161638,UT,09:16:29 10-May-2018,Argos,B,-25.4797,-48.4101,1600,6433,397,103,,,,,,
161638,161638,UT,10:42:19 10-May-2018,Argos,A,-25.4865,-48.4349,441,1500,129,151,,,,,,
161638,161638,UT,11:06:48 10-May-2018,Argos,B,-25.4865,-48.4348,785,925,666,139,,,,,,
161638,161638,UT,20:48:27 10-May-2018,Argos,B,-25.5091,-48.4838,2944,4118,2105,50,,,,,,
161638,161638,UT,21:47:04 10-May-2018,Argos,B,-25.4946,-48.4451,2010,12269,329,68,,,,,,
161638,161638,UT,22:09:58 10-May-2018,Argos,A,-25.4820,-48.3927,7022,231070,213,78,,,,,,
161638,161638,UT,00:54:47 11-May-2018,Argos,A,-25.4770,-48.3964,5126,24692,1064,78,,,,,,
161638,161638,UT,06:34:14 11-May-2018,Argos,B,-25.5069,-48.4670,3278,6632,1619,131,,,,,,
161638,161638,UT,08:26:49 11-May-2018,Argos,B,-25.5069,-48.4470,3159,5252,1899,131,,,,,,
161638,161638,UT,09:22:31 11-May-2018,Argos,B,-25.4855,-48.4478,3451,12160,979,107,,,,,,
161638,161638,UT,10:08:02 11-May-2018,Argos,B,-25.4813,-48.4442,2241,5645,889,99,,,,,,
161638,161638,UT,10:49:28 11-May-2018,Argos,B,-25.4826,-48.4387,2010,6657,606,92,,,,,,
161638,161638,UT,11:00:32 11-May-2018,Argos,B,-25.4825,-48.4402,2057,6646,636,92,,,,,,
161638,161638,UT,21:40:31 11-May-2018,Argos,B,-25.4367,-48.3718,3841,5027,2934,99,,,,,,Lat > 4 deviations from mean
161638,161638,UT,23:22:30 11-May-2018,Argos,B,-25.4512,-48.4019,4400,8809,2197,38,,,,,,
161638,161638,UT,06:21:27 12-May-2018,Argos,B,-25.4961,-48.4440,2836,9629,834,131,,,,,,
161638,161638,UT,09:44:22 12-May-2018,Argos,1,-25.4915,-48.4571,1114,19116,64,82,,,,,,
161638,161638,UT,20:29:51 12-May-2018,Argos,B,-25.4837,-48.4580,3009,5846,1548,89,,,,,,
161638,161638,UT,20:55:02 12-May-2018,Argos,B,-25.4820,-48.4448,2347,5982,920,105,,,,,,
161638,161638,UT,21:19:16 12-May-2018,Argos,B,-25.4829,-48.4451,2375,6498,868,106,,,,,,
161638,161638,UT,23:00:43 12-May-2018,Argos,B,-25.4877,-48.4351,1948,3816,994,79,,,,,,
161638,161638,UT,23:00:43 12-May-2018,Argos,B,-25.4849,-48.4369,2180,3606,1318,91,,,,,,
161638,161638,UT,00:43:53 13-May-2018,Argos,B,-25.4871,-48.4314,2207,3236,1504,71,,,,,,
161638,161638,UT,01:57:22 13-May-2018,Argos,B,-25.4876,-48.4304,2303,3913,1355,78,,,,,,
161638,161638,UT,02:37:47 13-May-2018,Argos,B,-25.4881,-48.4302,2453,3982,1511,78,,,,,,
161638,161638,UT,06:04:15 13-May-2018,Argos,B,-25.4919,-48.4412,1340,4821,372,132,,,,,,
161638,161638,UT,10:23:55 13-May-2018,Argos,B,-25.4910,-48.4407,2329,3451,1571,107,,,,,,
161638,161638,UT,12:05:53 13-May-2018,Argos,1,-25.4883,-48.4307,816,2721,244,39,,,,,,
161638,161638,UT,12:10:34 13-May-2018,Argos,B,-25.4883,-48.4307,1275,2165,750,33,,,,,,
161638,161638,UT,20:24:55 13-May-2018,Argos,B,-25.4853,-48.4146,5671,5989,5370,87,,,,,,
161638,161638,UT,22:35:56 13-May-2018,Argos,B,-25.4858,-48.4180,4435,12799,1536,80,,,,,,
161638,161638,UT,22:56:23 13-May-2018,Argos,B,-25.4911,-48.4431,1084,4161,282,151,,,,,,
161638,161638,UT,00:40:49 14-May-2018,Argos,B,-25.4959,-48.4158,2479,11116,552,76,,,,,,
161638,161638,UT,02:13:29 14-May-2018,Argos,B,-25.4993,-48.4211,2209,4234,1151,73,,,,,,
161638,161638,UT,05:52:31 14-May-2018,Argos,B,-25.4932,-48.4208,2702,5583,1307,77,,,,,,
161638,161638,UT,07:36:25 14-May-2018,Argos,B,-25.4901,-48.4218,1906,37737,96,108,,,,,,
161638,161638,UT,09:46:19 14-May-2018,Argos,B,-25.4916,-48.4239,2170,5760,817,118,,,,,,
161638,161638,UT,10:17:38 14-May-2018,Argos,3,-25.4935,-48.4267,240,980,58,125,,,,,,
161638,161638,UT,10:20:18 14-May-2018,Argos,3,-25.4904,-48.4312,233,456,118,106,,,,,,
161638,161638,UT,11:54:53 14-May-2018,Argos,B,-25.4904,-48.4314,3331,4162,2665,93,,,,,,
161638,161638,UT,11:56:06 14-May-2018,Argos,B,-25.4874,-48.4282,1937,9193,408,130,,,,,,
161638,161638,UT,20:08:51 14-May-2018,Argos,B,-25.4892,-48.4291,2943,3921,2207,113,,,,,,
161638,161638,UT,21:26:17 14-May-2018,Argos,B,-25.4872,-48.4327,1244,7650,202,77,,,,,,
161638,161638,UT,22:12:42 14-May-2018,Argos,B,-25.4900,-48.4321,1180,22565,61,78,,,,,,
161638,161638,UT,09:48:25 15-May-2018,Argos,B,-25.4954,-48.4384,1592,42110,60,46,,,,,,
161638,161638,UT,10:59:10 15-May-2018,Argos,B,-25.4906,-48.4331,1383,1924,993,55,,,,,,
161638,161638,UT,11:34:12 15-May-2018,Argos,A,-25.4889,-48.4400,1324,9483,184,115,,,,,,
161638,161638,UT,12:35:38 15-May-2018,Argos,B,-25.4989,-48.4392,1567,3558,690,99,,,,,,
161638,161638,UT,20:59:29 15-May-2018,Argos,B,-25.5158,-48.4540,3390,4373,2628,97,,,,,,Lat > 4 deviations from mean
161638,161638,UT,21:46:56 15-May-2018,Argos,B,-25.4879,-48.4355,1569,21933,112,98,,,,,,
161638,161638,UT,01:35:29 16-May-2018,Argos,B,-25.4834,-48.4303,1992,13401,296,101,,,,,,
161638,161638,UT,09:51:10 16-May-2018,Argos,2,-25.4875,-48.4313,480,1139,202,72,,,,,,
161638,161638,UT,10:35:23 16-May-2018,Argos,B,-25.4872,-48.4303,3429,6591,1784,95,,,,,,
161638,161638,UT,21:16:22 16-May-2018,Argos,A,-25.4821,-48.4675,2084,35315,123,101,,,,,,
161638,161638,UT,22:15:40 16-May-2018,Argos,B,-25.4805,-48.4630,2368,7732,725,101,,,,,,
161638,161638,UT,01:11:38 17-May-2018,Argos,B,-25.4770,-48.4479,2604,4080,1661,101,,,,,,
161638,161638,UT,09:42:23 17-May-2018,Argos,B,-25.4695,-48.4419,3579,5556,2305,120,,,,,,
161638,161638,UT,10:12:49 17-May-2018,Argos,A,-25.4897,-48.4293,231,648,82,140,,,,,,
161638,161638,UT,12:29:06 17-May-2018,Argos,2,-25.4910,-48.4216,327,2346,45,102,,,,,,
161638,161638,UT,19:24:06 17-May-2018,Argos,B,-25.4860,-48.4046,4829,5367,4343,90,,,,,,
161638,161638,UT,19:57:41 17-May-2018,Argos,B,-25.4844,-48.4171,2797,17722,441,108,,,,,,
161638,161638,UT,22:04:38 17-May-2018,Argos,B,-25.4842,-48.4246,1834,6726,499,98,,,,,,
161638,161638,UT,22:32:26 17-May-2018,Argos,B,-25.4791,-48.4157,2501,4744,1318,105,,,,,,
161638,161638,UT,06:52:09 18-May-2018,Argos,B,-25.4807,-48.4177,2994,10426,859,113,,,,,,
161638,161638,UT,09:29:39 18-May-2018,Argos,B,-25.4737,-48.4308,3303,8200,1330,117,,,,,,
161638,161638,UT,10:28:19 18-May-2018,Argos,B,-25.4776,-48.4167,1508,9551,238,36,,,,,,
161638,161638,UT,12:06:42 18-May-2018,Argos,B,-25.4878,-48.4233,1045,9972,109,97,,,,,,
161638,161638,UT,21:06:53 18-May-2018,Argos,A,-25.4931,-48.4349,4080,26624,625,88,,,,,,
161638,161638,UT,22:07:45 18-May-2018,Argos,B,-25.4919,-48.4387,3272,14952,716,74,,,,,,
161638,161638,UT,23:51:46 18-May-2018,Argos,B,-25.4907,-48.4360,1304,3294,515,28,,,,,,
161638,161638,UT,02:11:57 19-May-2018,Argos,B,-25.4914,-48.4380,1365,2585,720,89,,,,,,
161638,161638,UT,06:39:52 19-May-2018,Argos,B,-25.4889,-48.4404,1927,9880,375,120,,,,,,
161638,161638,UT,12:44:25 19-May-2018,Argos,B,-25.4820,-48.4451,2482,43921,140,108,,,,,,
161638,161638,UT,20:31:25 19-May-2018,Argos,B,-25.4881,-48.4405,3251,13047,809,96,,,,,,
161638,161638,UT,23:23:04 19-May-2018,Argos,A,-25.4824,-48.4738,826,5077,134,100,,,,,,Lon > 4 deviations from mean
161638,161638,UT,23:23:08 19-May-2018,Argos,B,-25.4918,-48.4380,2260,51014,100,69,,,,,,
161638,161638,UT,00:13:39 20-May-2018,Argos,B,-25.4896,-48.4347,2151,7997,578,74,,,,,,
161638,161638,UT,09:08:05 20-May-2018,Argos,B,-25.4860,-48.4260,3120,4146,2347,114,,,,,,
161638,161638,UT,10:29:43 20-May-2018,Argos,B,-25.4863,-48.4220,3400,6322,1828,53,,,,,,
161638,161638,UT,10:39:52 20-May-2018,Argos,B,-25.4900,-48.4325,1080,15214,76,119,,,,,,
161638,161638,UT,10:48:02 20-May-2018,Argos,0,-25.4891,-48.4330,2577,29197,227,103,,,,,,
161638,161638,UT,12:24:48 20-May-2018,Argos,B,-25.4886,-48.4314,3738,5505,2538,99,,,,,,
161638,161638,UT,13:10:18 20-May-2018,Argos,B,-25.4886,-48.4312,3462,4451,2692,95,,,,,,
161638,161638,UT,20:04:02 20-May-2018,Argos,B,-25.4731,-48.4249,1982,30744,127,109,,,,,,
161638,161638,UT,20:36:30 20-May-2018,Argos,B,-25.4759,-48.4197,2025,7795,526,107,,,,,,
161638,161638,UT,23:02:29 20-May-2018,Argos,B,-25.4762,-48.4137,1379,4229,449,62,,,,,,
161638,161638,UT,23:49:55 20-May-2018,Argos,B,-25.4779,-48.4122,1671,3229,865,64,,,,,,
161638,161638,UT,07:55:54 21-May-2018,Argos,B,-25.4976,-48.4308,1829,13898,240,123,,,,,,
161638,161638,UT,08:37:08 21-May-2018,Argos,B,-25.4996,-48.4281,1604,3623,710,125,,,,,,
161638,161638,UT,10:13:53 21-May-2018,Argos,B,-25.5039,-48.4110,2126,75928,59,134,,,,,,
161638,161638,UT,10:36:49 21-May-2018,Argos,B,-25.4958,-48.4179,1898,39814,90,117,,,,,,
161638,161638,UT,18:44:27 21-May-2018,Argos,B,-25.4843,-48.4086,2766,6503,1176,84,,,,,,
161638,161638,UT,20:22:58 21-May-2018,Argos,B,-25.4916,-48.4220,2362,15527,359,93,,,,,,
161638,161638,UT,21:07:52 21-May-2018,Argos,B,-25.4902,-48.4234,2493,10559,588,92,,,,,,
161638,161638,UT,23:00:07 21-May-2018,Argos,B,-25.4906,-48.4238,2346,4995,1101,102,,,,,,
161638,161638,UT,00:39:38 22-May-2018,Argos,B,-25.4900,-48.4257,2320,3197,1683,103,,,,,,
161638,161638,UT,09:27:11 22-May-2018,Argos,A,-25.4897,-48.4315,2717,100811,73,77,,,,,,
161638,161638,UT,09:46:35 22-May-2018,Argos,B,-25.4893,-48.4298,1559,6539,371,83,,,,,,
161638,161638,UT,11:58:54 22-May-2018,Argos,B,-25.4900,-48.4300,2203,3877,1252,83,,,,,,
161638,161638,UT,22:50:03 22-May-2018,Argos,B,-25.4876,-48.4308,2179,96687,49,69,,,,,,
161638,161638,UT,00:45:07 23-May-2018,Argos,B,-25.4889,-48.4342,2430,5529,1068,70,,,,,,
161638,161638,UT,10:10:59 23-May-2018,Argos,2,-25.4885,-48.4331,390,1405,108,83,,,,,,
161638,161638,UT,11:47:48 23-May-2018,Argos,A,-25.4861,-48.4354,986,6884,141,101,,,,,,
161638,161638,UT,12:02:39 23-May-2018,Argos,B,-25.4884,-48.4331,1611,1794,1445,102,,,,,,
161638,161638,UT,19:59:37 23-May-2018,Argos,B,-25.4870,-48.4380,2069,23132,185,73,,,,,,
161638,161638,UT,21:48:19 23-May-2018,Argos,B,-25.4874,-48.4356,2353,6260,884,69,,,,,,
161638,161638,UT,02:07:23 24-May-2018,Argos,B,-25.4884,-48.4342,2971,5712,1545,62,,,,,,
161638,161638,UT,05:39:22 24-May-2018,Argos,B,-25.4871,-48.4331,2968,5993,1469,83,,,,,,
161638,161638,UT,10:03:08 24-May-2018,Argos,B,-25.4885,-48.4320,3494,6661,1832,80,,,,,,
161638,161638,UT,10:03:08 24-May-2018,Argos,B,-25.4883,-48.4323,3434,6990,1687,79,,,,,,
161638,161638,UT,11:46:43 24-May-2018,Argos,B,-25.4879,-48.4310,3119,5482,1774,94,,,,,,
161638,161638,UT,19:45:22 24-May-2018,Argos,B,-25.4865,-48.4230,2697,28336,256,53,,,,,,
161638,161638,UT,21:19:24 24-May-2018,Argos,B,-25.4907,-48.4270,1866,3769,924,69,,,,,,
161638,161638,UT,01:45:04 25-May-2018,Argos,B,-25.4941,-48.4303,2586,2870,2329,79,,,,,,
161638,161638,UT,09:34:56 25-May-2018,Argos,2,-25.4886,-48.4358,381,2915,49,82,,,,,,
161638,161638,UT,09:50:52 25-May-2018,Argos,A,-25.4886,-48.4356,559,1012,308,117,,,,,,
161638,161638,UT,11:22:32 25-May-2018,Argos,B,-25.4887,-48.4357,2074,2306,1864,96,,,,,,
161638,161638,UT,11:25:25 25-May-2018,Argos,B,-25.4883,-48.4359,1987,2467,1600,111,,,,,,
161638,161638,UT,13:09:34 25-May-2018,Argos,B,-25.4881,-48.4345,1877,2122,1658,120,,,,,,
161638,161638,UT,19:41:31 25-May-2018,Argos,B,-25.4920,-48.4341,3023,3951,2312,88,,,,,,
161638,161638,UT,20:42:47 25-May-2018,Argos,B,-25.4912,-48.4339,2646,6762,1035,88,,,,,,
161638,161638,UT,23:46:55 25-May-2018,Argos,B,-25.4913,-48.4295,2069,11482,372,75,,,,,,
161638,161638,UT,09:37:59 26-May-2018,Argos,A,-25.4905,-48.4310,1390,12817,150,104,,,,,,
161638,161638,UT,09:49:40 26-May-2018,Argos,A,-25.4894,-48.4339,1315,31212,55,93,,,,,,
161638,161638,UT,12:42:58 26-May-2018,Argos,B,-25.4893,-48.4340,799,3256,196,18,,,,,,
161638,161638,UT,17:46:59 26-May-2018,Argos,B,-25.4852,-48.4196,1503,4155,543,167,,,,,,
161638,161638,UT,21:11:13 26-May-2018,Argos,B,-25.4852,-48.4170,2443,3046,1958,161,,,,,,
161638,161638,UT,23:46:36 26-May-2018,Argos,B,-25.4844,-48.4203,2836,3512,2290,172,,,,,,
161638,161638,UT,23:46:40 26-May-2018,Argos,A,-25.4860,-48.4300,700,5132,95,52,,,,,,
161638,161638,UT,00:23:32 27-May-2018,Argos,B,-25.4904,-48.4341,866,1272,588,86,,,,,,
161638,161638,UT,08:27:22 27-May-2018,Argos,A,-25.4897,-48.4360,1630,7607,349,136,,,,,,
161638,161638,UT,08:28:11 27-May-2018,Argos,B,-25.4887,-48.4366,1441,5777,359,134,,,,,,
161638,161638,UT,09:27:49 27-May-2018,Argos,B,-25.4901,-48.4383,1786,3427,930,133,,,,,,
161638,161638,UT,09:27:49 27-May-2018,Argos,B,-25.4901,-48.4375,1764,3452,900,134,,,,,,
161638,161638,UT,10:11:53 27-May-2018,Argos,3,-25.4886,-48.4325,151,231,98,39,,,,,,
161638,161638,UT,11:05:47 27-May-2018,Argos,B,-25.4890,-48.4319,991,1151,853,84,,,,,,
161638,161638,UT,11:05:47 27-May-2018,Argos,B,-25.4887,-48.4322,989,1154,846,85,,,,,,
161638,161638,UT,00:06:32 28-May-2018,Argos,B,-25.4912,-48.4223,3094,7266,1317,92,,,,,,
161638,161638,UT,00:42:16 28-May-2018,Argos,B,-25.5180,-48.4125,8729,32560,2339,90,,,,,,
161638,161638,UT,01:16:11 28-May-2018,Argos,B,-25.5226,-48.4146,8882,29069,2713,89,,,,,,Lat > 4 deviations from mean
161638,161638,UT,01:44:13 28-May-2018,Argos,B,-25.5044,-48.4542,3772,30546,465,66,,,,,,
