DeployID,Ptt,Instr,RecordType,MsgCount,Duplicates,Corrupt,AvgInterval,MinInterval,Date,Satellite,LocationQuality,Latitude,Longitude,Latitude2,Longitude2,IQ,Duration,Frequency,Power
161638,161638,UT,DS,2,0,0,31,31,12:15:12 09-Mar-2018,MB,,,,,,,,401650000,-132
161638,161638,UT,DS,4,0,0,40,30,12:59:57 09-Mar-2018,MA,2,-25.5779,-48.3578,-25.5779,-48.3578,50,,401677250,-125
161638,161638,UT,DS,10,2,1,,,11:10:55 10-Mar-2018,NN,2,-25.5822,-48.3524,-25.5822,-48.3524,50,,401677238,-129
161638,161638,UT,DS,10,3,1,,,12:41:21 10-Mar-2018,MA,3,-25.5804,-48.3545,-25.5804,-48.3545,58,,401677245,-121
161638,161638,UT,DS,1,0,0,,,06:33:32 11-Mar-2018,NP,B,-25.5689,-48.3503,-25.5689,-48.3503,,,401677238,-136
161638,161638,UT,DS,4,1,1,,,11:01:17 11-Mar-2018,NN,0,-25.5778,-48.3289,-25.5778,-48.3289,58,,401677242,-127
161638,161638,UT,DS,16,6,0,,,12:18:56 11-Mar-2018,MA,3,-25.5803,-48.3582,-25.5803,-48.3582,58,,401677250,-124
161638,161638,UT,DS,8,1,0,,,11:57:06 12-Mar-2018,MA,3,-25.5808,-48.3564,-25.5808,-48.3564,50,,401677247,-127
161638,161638,UT,DS,3,0,2,122,30,12:55:20 12-Mar-2018,MB,A,-25.5841,-48.3547,-25.5841,-48.3547,8,,401677245,-132
161638,161638,UT,DS,20,7,2,,,11:37:15 13-Mar-2018,MA,3,-25.5812,-48.3562,-25.5812,-48.3562,50,,401677240,-116
161638,161638,UT,DS,6,1,2,,,12:35:56 13-Mar-2018,MB,3,-25.5809,-48.3562,-25.5809,-48.3562,68,,401677242,-132
161638,161638,UT,DS,1,0,0,,,08:41:52 14-Mar-2018,SR,B,-25.5904,-48.3832,-25.5904,-48.3832,,,401677242,-132
161638,161638,UT,DS,10,1,0,,,11:13:45 14-Mar-2018,MA,3,-25.5817,-48.3577,-25.5817,-48.3577,58,,401677245,-123
161638,161638,UT,DS,10,2,1,,,12:11:57 14-Mar-2018,MB,3,-25.5812,-48.3549,-25.5812,-48.3549,58,,401677249,-127
161638,161638,UT,DS,5,0,0,99,30,12:53:52 14-Mar-2018,MA,3,-25.5829,-48.3546,-25.5829,-48.3546,58,,401677249,-127
161638,161638,UT,DS,3,0,3,76,31,11:56:23 15-Mar-2018,MB,A,-25.5905,-48.3406,-25.5905,-48.3406,,,401677249,-134
161638,161638,UT,DS,9,1,0,,,12:35:18 15-Mar-2018,MA,3,-25.5807,-48.3547,-25.5807,-48.3547,58,,401677249,-122
161638,161638,UT,DS,1,0,0,,,07:16:32 16-Mar-2018,NP,B,-25.5341,-48.4251,-25.5341,-48.4251,,,401677255,-133
161638,161638,UT,DS,12,2,1,,,12:12:34 16-Mar-2018,MA,3,-25.5806,-48.3585,-25.5806,-48.3585,58,,401677248,-122
161638,161638,UT,DS,16,4,0,,,11:55:37 17-Mar-2018,MA,3,-25.5806,-48.3571,-25.5806,-48.3571,50,,401677241,-121
161638,161638,UT,DS,2,0,0,30,30,12:55:29 17-Mar-2018,MB,B,-25.5775,-48.3582,-25.5775,-48.3582,8,,401677248,-132
161638,161638,UT,DS,6,1,1,,,11:34:16 18-Mar-2018,MA,1,-25.5790,-48.3568,,,50,,401677248,-127
161638,161638,UT,DS,5,0,1,76,30,12:29:34 18-Mar-2018,MB,1,-25.5688,-48.3583,-25.5688,-48.3583,58,,401677246,-135
161638,161638,UT,DS,1,0,0,,,08:07:09 19-Mar-2018,NK,B,-25.4555,-48.3817,-25.4555,-48.3817,,,401677245,-129
161638,161638,UT,DS,2,0,0,31,31,09:48:43 19-Mar-2018,NK,B,-25.4789,-48.3557,-25.4789,-48.3557,,,401677252,-121
161638,161638,UT,DS,1,0,0,,,11:14:22 19-Mar-2018,MA,B,-25.4726,-48.3568,-25.4726,-48.3568,8,,401677246,-124
161638,161638,UT,DS,3,0,1,263,31,19:11:21 19-Mar-2018,NP,A,-25.4869,-48.4445,-25.4869,-48.4445,8,,401677245,-124
161638,161638,UT,DS,1,0,0,,,01:11:05 20-Mar-2018,MA,B,-25.4699,-48.4647,-25.4699,-48.4647,8,,401677236,-131
161638,161638,UT,DS,1,0,0,,,08:08:36 20-Mar-2018,NP,B,-25.4882,-48.4497,-25.4882,-48.4497,8,,401677240,-136
161638,161638,UT,DS,1,0,0,,,09:15:41 20-Mar-2018,NN,B,-25.4859,-48.4502,-25.4859,-48.4502,8,,401677236,-133
161638,161638,UT,DS,1,0,0,,,09:26:55 20-Mar-2018,NK,B,-25.4833,-48.4579,-25.4833,-48.4579,8,,401677239,-124
161638,161638,UT,DS,1,0,0,,,20:35:46 20-Mar-2018,NP,B,-25.4874,-48.4675,-25.4874,-48.4675,8,,401677231,-128
161638,161638,UT,DS,2,0,0,30,30,21:41:15 20-Mar-2018,SR,B,-25.4864,-48.4346,-25.4864,-48.4346,8,,401677231,-129
161638,161638,UT,DS,2,0,0,30,30,21:41:30 20-Mar-2018,NN,B,-25.4852,-48.4282,-25.4852,-48.4282,6,,401677233,-133
161638,161638,UT,DS,1,0,0,,,23:18:15 20-Mar-2018,NN,B,-25.4815,-48.4180,-25.4815,-48.4180,8,,401677241,-128
161638,161638,UT,DS,2,0,1,51,51,06:12:48 21-Mar-2018,NP,B,-25.4845,-48.3948,-25.4845,-48.3948,8,,401677238,-124
161638,161638,UT,DS,1,0,0,,,08:58:55 21-Mar-2018,NK,B,-25.4848,-48.3860,-25.4848,-48.3860,8,,401677246,-130
161638,161638,UT,DS,1,0,0,,,10:01:46 21-Mar-2018,SR,B,-25.4699,-48.3894,-25.4699,-48.3894,8,,401677245,-126
161638,161638,UT,DS,1,0,0,,,10:39:03 21-Mar-2018,NN,B,-25.4831,-48.4008,-25.4831,-48.4008,,,401677253,-127
161638,161638,UT,DS,1,0,0,,,10:39:03 21-Mar-2018,NK,B,-25.4807,-48.3947,-25.4807,-48.3947,8,,401677249,-135
161638,161638,UT,DS,3,0,1,135,57,12:11:09 21-Mar-2018,MA,A,-25.4848,-48.4170,-25.4848,-48.4170,8,,401677243,-118
161638,161638,UT,DS,1,0,0,,,18:39:54 21-Mar-2018,NP,B,-25.4825,-48.4199,-25.4825,-48.4199,8,,401677239,-133
161638,161638,UT,DS,1,0,0,,,23:03:15 21-Mar-2018,NK,B,-25.4829,-48.4199,-25.4829,-48.4199,8,,401677239,-127
161638,161638,UT,DS,1,0,0,,,00:49:35 22-Mar-2018,NN,B,-25.4830,-48.4218,-25.4830,-48.4218,8,,401677241,-132
161638,161638,UT,DS,1,0,0,,,02:17:42 22-Mar-2018,MA,B,-25.4848,-48.4254,-25.4848,-48.4254,8,,401677239,-126
161638,161638,UT,DS,1,0,1,,,06:08:34 22-Mar-2018,NP,B,-25.4856,-48.4296,-25.4856,-48.4296,8,,401677240,-133
161638,161638,UT,DS,1,0,0,,,10:30:29 22-Mar-2018,NN,B,-25.4885,-48.4283,-25.4885,-48.4283,8,,401677241,-125
161638,161638,UT,DS,1,0,1,,,11:53:50 22-Mar-2018,MA,B,-25.4891,-48.4300,-25.4891,-48.4300,8,,401677239,-126
161638,161638,UT,DS,1,0,1,,,12:53:35 22-Mar-2018,MB,B,-25.4894,-48.4348,-25.4894,-48.4348,8,,401677238,-134
161638,161638,UT,DS,1,0,0,,,13:29:19 22-Mar-2018,MA,B,-25.4915,-48.4363,-25.4915,-48.4363,8,,401677239,-122
161638,161638,UT,DS,1,0,0,,,18:29:45 22-Mar-2018,NP,B,-25.4929,-48.4450,-25.4929,-48.4450,8,,401677243,-126
161638,161638,UT,DS,2,0,0,65,65,20:58:22 22-Mar-2018,NK,B,-25.4918,-48.4500,-25.4918,-48.4500,8,,401677243,-137
161638,161638,UT,DS,1,0,0,,,22:51:58 22-Mar-2018,NN,B,-25.4919,-48.4555,-25.4919,-48.4555,8,,401677241,-137
161638,161638,UT,DS,2,0,0,47,47,01:11:23 23-Mar-2018,MB,B,-25.5043,-48.4553,-25.5043,-48.4553,8,,401677241,-127
161638,161638,UT,DS,3,0,0,33,31,01:52:39 23-Mar-2018,MA,A,-25.4685,-48.4107,-25.4685,-48.4107,8,,401677239,-124
161638,161638,UT,DS,3,0,0,36,34,22:08:55 23-Mar-2018,NK,B,-25.1913,-48.0760,-25.1913,-48.0760,,,401677245,-126
161638,161638,UT,DS,1,0,0,,,00:54:51 24-Mar-2018,MB,B,-25.2540,-48.1527,-25.2540,-48.1527,8,,401677187,-131
161638,161638,UT,DS,1,0,1,,,01:35:42 24-Mar-2018,MA,B,-25.4126,-48.3705,-25.4126,-48.3705,8,,401677188,-120
161638,161638,UT,DS,1,0,0,,,05:44:55 24-Mar-2018,NP,B,-25.6429,-48.6701,-25.6429,-48.6701,8,,401677169,-135
161638,161638,UT,DS,2,0,0,70,70,07:21:32 24-Mar-2018,NP,B,-25.4831,-48.4340,-25.4831,-48.4340,6,,401677246,-124
161638,161638,UT,DS,1,0,0,,,09:22:06 24-Mar-2018,NK,B,-25.5008,-48.4633,-25.5008,-48.4633,8,,401677238,-137
161638,161638,UT,DS,2,0,2,42,42,11:44:32 24-Mar-2018,NN,B,-25.4989,-48.4591,-25.4989,-48.4591,8,,401677234,-127
161638,161638,UT,DS,1,0,1,,,12:06:12 24-Mar-2018,MB,B,-25.4983,-48.4618,-25.4983,-48.4618,6,,401677226,-129
161638,161638,UT,DS,1,0,0,,,12:46:31 24-Mar-2018,MA,B,-25.5043,-48.4720,-25.5043,-48.4720,8,,401677222,-120
161638,161638,UT,DS,2,0,0,36,36,21:44:52 24-Mar-2018,NK,B,-25.5270,-48.5479,-25.5270,-48.5479,8,,401677262,-127
161638,161638,UT,DS,1,0,1,,,22:29:20 24-Mar-2018,NN,B,-25.5353,-48.5118,-25.5353,-48.5118,8,,401677257,-135
161638,161638,UT,DS,1,0,0,,,23:26:06 24-Mar-2018,NK,B,-25.5434,-48.4815,-25.5434,-48.4815,8,,401677250,-127
161638,161638,UT,DS,1,0,1,,,00:13:25 25-Mar-2018,NN,B,-25.5500,-48.4770,-25.5500,-48.4770,8,,401677251,-127
161638,161638,UT,DS,1,0,1,,,01:13:29 25-Mar-2018,MA,B,-25.5185,-48.4702,-25.5185,-48.4702,8,,401677258,-118
161638,161638,UT,DS,1,0,0,,,07:14:10 25-Mar-2018,NP,B,-25.5048,-48.5060,-25.5048,-48.5060,8,,401677244,-131
161638,161638,UT,DS,2,0,0,44,44,09:03:49 25-Mar-2018,NK,B,-25.4572,-48.4372,-25.4572,-48.4372,8,,401677246,-128
161638,161638,UT,DS,1,0,0,,,11:32:49 25-Mar-2018,NN,B,-25.4616,-48.4078,-25.4616,-48.4078,8,,401677262,-128
161638,161638,UT,DS,1,0,0,,,20:47:05 25-Mar-2018,SR,B,-25.4804,-48.4185,-25.4804,-48.4185,8,,401677259,-126
161638,161638,UT,DS,3,0,1,49,33,21:19:42 25-Mar-2018,NK,A,-25.4672,-48.5857,-25.4672,-48.5857,8,,401677266,-124
161638,161638,UT,DS,1,0,0,,,21:20:36 25-Mar-2018,NP,B,-25.4849,-48.4112,-25.4849,-48.4112,8,,401677249,-138
161638,161638,UT,DS,1,0,0,,,00:04:40 26-Mar-2018,NN,B,-25.4672,-48.3651,-25.4672,-48.3651,8,,401677244,-128
161638,161638,UT,DS,1,0,0,,,01:51:03 26-Mar-2018,MB,B,-25.4559,-48.3413,-25.4559,-48.3413,8,,401677246,-133
161638,161638,UT,DS,2,0,1,44,44,20:57:13 26-Mar-2018,NK,B,-25.4786,-48.4343,-25.4786,-48.4343,,,401677239,-128
161638,161638,UT,DS,2,0,0,32,32,22:10:43 26-Mar-2018,NN,B,-25.5147,-48.4447,-25.5147,-48.4447,7,,401677260,-127
161638,161638,UT,DS,3,0,0,42,40,22:37:41 26-Mar-2018,NK,A,-25.4928,-48.4246,-25.4928,-48.4246,8,,401677250,-123
161638,161638,UT,DS,1,0,0,,,23:47:37 26-Mar-2018,NN,B,-25.4954,-48.4202,-25.4954,-48.4202,8,,401677245,-133
161638,161638,UT,DS,2,0,1,62,62,08:14:37 27-Mar-2018,NK,B,-25.5673,-48.4162,-25.5673,-48.4162,8,,401677237,-132
161638,161638,UT,DS,2,0,0,34,34,09:27:23 27-Mar-2018,NN,B,-25.4806,-48.4250,-25.4806,-48.4250,8,,401677246,-133
161638,161638,UT,DS,1,0,1,,,09:49:16 27-Mar-2018,NK,B,-25.4888,-48.4206,-25.4888,-48.4206,8,,401677244,-127
161638,161638,UT,DS,2,0,0,97,97,10:12:24 27-Mar-2018,SR,B,-25.4855,-48.4282,-25.4855,-48.4282,8,,401677245,-129
161638,161638,UT,DS,1,0,0,,,11:10:55 27-Mar-2018,NN,B,-25.4871,-48.4244,-25.4871,-48.4244,8,,401677247,-129
161638,161638,UT,DS,2,0,0,634,634,19:22:13 27-Mar-2018,NP,B,-25.5055,-48.4123,-25.5063,-48.4137,8,,401677248,-129
161638,161638,UT,DS,3,0,2,151,89,19:42:10 27-Mar-2018,SR,A,-25.4965,-48.4262,-25.4965,-48.4262,6,,401677244,-137
161638,161638,UT,DS,2,0,1,48,48,20:52:05 27-Mar-2018,NP,B,-25.4908,-48.4289,-25.4908,-48.4289,8,,401677244,-135
161638,161638,UT,DS,1,0,0,,,21:22:05 27-Mar-2018,SR,B,-25.4915,-48.4281,-25.4915,-48.4281,6,,401677244,-127
161638,161638,UT,DS,2,0,0,36,36,21:54:33 27-Mar-2018,NN,B,-25.4923,-48.4273,-25.4923,-48.4273,8,,401677246,-137
161638,161638,UT,DS,2,0,0,40,40,01:51:18 28-Mar-2018,MA,B,-25.5033,-48.4399,-25.5033,-48.4399,8,,401677247,-119
161638,161638,UT,DS,1,0,1,,,09:20:04 28-Mar-2018,NN,B,-25.4996,-48.4392,-25.4996,-48.4392,8,,401677238,-130
161638,161638,UT,DS,1,0,1,,,09:43:24 28-Mar-2018,SR,B,-25.5078,-48.4473,-25.5078,-48.4473,8,,401677249,-137
161638,161638,UT,DS,1,0,0,,,10:56:42 28-Mar-2018,NN,B,-25.4947,-48.4424,-25.4947,-48.4424,8,,401677240,-129
161638,161638,UT,DS,1,0,0,,,20:43:37 28-Mar-2018,NP,B,-25.4771,-48.4410,-25.4771,-48.4410,8,,401677241,-130
161638,161638,UT,DS,2,0,0,36,36,23:28:50 28-Mar-2018,NN,B,-25.4737,-48.4211,-25.4737,-48.4211,8,,401677235,-128
161638,161638,UT,DS,2,0,0,36,36,23:28:50 28-Mar-2018,NK,B,-25.4741,-48.3507,-25.4741,-48.3507,,,401677243,-129
161638,161638,UT,DS,3,0,1,34,33,23:52:23 28-Mar-2018,MA,A,-25.4800,-48.4399,-25.4800,-48.4399,6,,401677241,-120
161638,161638,UT,DS,1,0,1,,,00:44:15 29-Mar-2018,MB,B,-25.4786,-48.4366,-25.4786,-48.4366,8,,401677245,-134
161638,161638,UT,DS,1,0,0,,,01:10:36 29-Mar-2018,NN,B,-25.4790,-48.4359,-25.4790,-48.4359,6,,401677244,-140
161638,161638,UT,DS,1,0,0,,,08:06:07 29-Mar-2018,NP,B,-25.4728,-48.4122,-25.4728,-48.4122,8,,401677248,-133
161638,161638,UT,DS,1,0,0,,,09:03:49 29-Mar-2018,NK,B,-25.4760,-48.4230,-25.4760,-48.4230,8,,401677249,-126
161638,161638,UT,DS,1,0,1,,,11:05:14 29-Mar-2018,MA,B,-25.4802,-48.4235,-25.4802,-48.4235,8,,401677251,-124
161638,161638,UT,DS,1,0,1,,,20:26:40 29-Mar-2018,SR,B,-25.4735,-48.4112,-25.4735,-48.4112,8,,401677254,-129
161638,161638,UT,DS,1,0,0,,,22:05:07 29-Mar-2018,SR,B,-25.4731,-48.4223,-25.4731,-48.4223,8,,401677249,-128
161638,161638,UT,DS,1,0,0,,,23:08:24 29-Mar-2018,NK,B,-25.4817,-48.4273,-25.4817,-48.4273,8,,401677244,-137
161638,161638,UT,DS,1,0,1,,,00:55:16 30-Mar-2018,NN,B,-25.4848,-48.4306,-25.4848,-48.4306,8,,401677245,-135
161638,161638,UT,DS,1,0,0,,,06:17:36 30-Mar-2018,NP,B,-25.4925,-48.4358,-25.4925,-48.4358,8,,401677247,-136
161638,161638,UT,DS,1,0,0,,,07:54:58 30-Mar-2018,NP,B,-25.4901,-48.4359,-25.4901,-48.4359,8,,401677247,-136
161638,161638,UT,DS,1,0,1,,,12:15:03 30-Mar-2018,NN,B,-25.4934,-48.4389,-25.4934,-48.4389,8,,401677246,-135
161638,161638,UT,DS,4,0,2,163,36,12:23:21 30-Mar-2018,MA,2,-25.4894,-48.4317,-25.4894,-48.4317,66,,401677248,-119
161638,161638,UT,DS,1,0,0,,,21:27:40 30-Mar-2018,SR,B,-25.4897,-48.4318,-25.4897,-48.4318,8,,401677248,-137
161638,161638,UT,DS,1,0,0,,,07:44:13 31-Mar-2018,NP,B,-25.5045,-48.4453,-25.5045,-48.4453,8,,401677246,-131
161638,161638,UT,DS,1,0,1,,,20:03:49 31-Mar-2018,NP,B,-25.5113,-48.4541,-25.5113,-48.4541,,,401677248,-140
161638,161638,UT,DS,1,0,0,,,20:59:35 31-Mar-2018,SR,B,-25.4856,-48.4414,-25.4856,-48.4414,8,,401677248,-124
161638,161638,UT,DS,2,0,0,30,30,00:28:25 01-Apr-2018,MA,B,-25.4775,-48.4562,-25.4775,-48.4562,8,,401677234,-122
161638,161638,UT,DS,1,0,0,,,01:21:43 01-Apr-2018,MB,B,-25.4807,-48.4632,-25.4807,-48.4632,8,,401677245,-131
161638,161638,UT,DS,1,0,0,,,02:08:51 01-Apr-2018,MA,B,-25.4826,-48.4644,-25.4826,-48.4644,8,,401677241,-129
161638,161638,UT,DS,1,0,0,,,09:28:59 01-Apr-2018,NK,B,-25.4693,-48.4750,-25.4693,-48.4750,8,,401677245,-128
161638,161638,UT,DS,2,0,0,199,199,11:43:43 01-Apr-2018,MA,B,-25.4783,-48.4719,-25.4783,-48.4719,8,,401677242,-123
161638,161638,UT,DS,1,0,0,,,20:00:03 01-Apr-2018,NP,B,-25.4814,-48.4689,-25.4814,-48.4689,8,,401677242,-125
161638,161638,UT,DS,1,0,1,,,22:12:22 01-Apr-2018,SR,B,-25.4887,-48.4563,-25.4887,-48.4563,8,,401677254,-133
161638,161638,UT,DS,1,0,0,,,23:27:08 01-Apr-2018,NK,B,-25.4924,-48.4482,-25.4924,-48.4482,8,,401677250,-131
161638,161638,UT,DS,1,0,1,,,00:09:17 02-Apr-2018,MA,B,-25.4932,-48.4472,-25.4932,-48.4472,8,,401677250,-125
161638,161638,UT,DS,2,0,2,160,160,10:05:50 02-Apr-2018,NN,B,-25.5005,-48.4232,-25.5005,-48.4232,8,,401677247,-127
161638,161638,UT,DS,1,0,0,,,10:40:37 02-Apr-2018,NK,B,-25.4936,-48.4295,-25.4936,-48.4295,8,,401677246,-132
161638,161638,UT,DS,2,0,1,130,130,12:24:26 02-Apr-2018,MB,B,-25.5208,-48.4341,-25.5208,-48.4341,8,,401677246,-132
161638,161638,UT,DS,3,0,0,264,207,12:56:28 02-Apr-2018,MA,A,-25.4858,-48.4380,-25.4858,-48.4380,8,,401677249,-122
161638,161638,UT,DS,2,0,0,33,33,00:12:41 03-Apr-2018,NN,B,-25.4311,-48.4055,-25.4311,-48.4055,8,,401677220,-128
161638,161638,UT,DS,3,0,0,99,40,05:26:45 03-Apr-2018,NP,A,-25.4724,-48.3763,-25.4724,-48.3763,8,,401677269,-129
161638,161638,UT,DS,3,0,1,38,38,08:35:09 03-Apr-2018,NK,A,-25.4501,-48.3563,-25.4501,-48.3563,8,,401677292,-123
161638,161638,UT,DS,1,0,1,,,09:55:51 03-Apr-2018,SR,B,-25.4757,-48.3754,-25.4757,-48.3754,8,,401677265,-126
161638,161638,UT,DS,1,0,0,,,10:17:26 03-Apr-2018,NK,B,-25.4482,-48.3712,-25.4482,-48.3712,6,,401677251,-131
161638,161638,UT,DS,2,0,2,111,111,11:03:22 03-Apr-2018,MA,B,-25.4877,-48.4082,-25.4877,-48.4082,8,,401677255,-121
161638,161638,UT,DS,1,0,1,,,12:42:42 03-Apr-2018,MA,B,-25.4996,-48.4381,-25.4996,-48.4381,8,,401677241,-131
161638,161638,UT,DS,2,0,1,38,38,00:00:17 04-Apr-2018,NN,B,-25.4771,-48.4087,-25.4771,-48.4087,8,,401677246,-126
161638,161638,UT,DS,2,0,1,30,30,02:00:18 04-Apr-2018,MB,B,-25.5800,-48.3793,-25.5800,-48.3793,8,,401677271,-134
161638,161638,UT,DS,1,0,0,,,08:12:57 04-Apr-2018,NK,B,-25.6566,-48.3421,-25.6566,-48.3421,8,,401677236,-135
161638,161638,UT,DS,1,0,0,,,09:29:05 04-Apr-2018,SR,B,-25.6604,-48.4044,-25.6604,-48.4044,8,,401677309,-132
161638,161638,UT,DS,1,0,1,,,11:22:34 04-Apr-2018,NN,B,-25.5864,-48.4607,-25.5864,-48.4607,8,,401677233,-128
161638,161638,UT,DS,2,0,2,372,372,12:21:36 04-Apr-2018,MA,B,-25.4849,-48.4059,-25.4849,-48.4059,7,,401677253,-120
161638,161638,UT,DS,1,0,1,,,13:15:28 04-Apr-2018,MB,B,-25.4589,-48.4076,-25.4589,-48.4076,8,,401677262,-131
161638,161638,UT,DS,1,0,0,,,22:06:31 04-Apr-2018,NN,B,-25.4855,-48.4178,-25.4855,-48.4178,8,,401677251,-129
161638,161638,UT,DS,1,0,0,,,22:06:31 04-Apr-2018,NK,B,-25.4872,-48.4181,-25.4872,-48.4181,,,401677255,-135
161638,161638,UT,DS,1,0,0,,,00:46:08 05-Apr-2018,MA,B,-25.4884,-48.4179,-25.4884,-48.4179,8,,401677255,-121
161638,161638,UT,DS,1,0,0,,,08:57:28 05-Apr-2018,SR,B,-25.4813,-48.3993,-25.4813,-48.3993,8,,401677254,-130
161638,161638,UT,DS,1,0,1,,,09:26:02 05-Apr-2018,NK,B,-25.4843,-48.3974,-25.4843,-48.3974,6,,401677258,-130
161638,161638,UT,DS,1,0,0,,,09:26:02 05-Apr-2018,NN,B,-25.4850,-48.3984,-25.4850,-48.3984,6,,401677258,-133
161638,161638,UT,DS,1,0,1,,,11:08:19 05-Apr-2018,NN,B,-25.4542,-48.3694,-25.4542,-48.3694,8,,401677264,-129
161638,161638,UT,DS,1,0,1,,,23:24:18 05-Apr-2018,NK,B,-25.2763,-48.2366,-25.2763,-48.2366,,,401677252,-130
161638,161638,UT,DS,2,0,1,54,54,08:08:05 06-Apr-2018,NP,B,-25.5543,-48.4140,-25.5543,-48.4140,8,,401677235,-131
161638,161638,UT,DS,3,0,1,39,35,09:14:13 06-Apr-2018,NN,A,-25.5505,-48.4445,-25.5505,-48.4445,8,,401677223,-130
161638,161638,UT,DS,1,0,0,,,10:03:08 06-Apr-2018,SR,B,-25.5278,-48.5037,-25.5278,-48.5037,8,,401677250,-124
161638,161638,UT,DS,2,0,1,50,50,01:05:14 07-Apr-2018,NN,B,-25.4136,-48.3910,-25.4136,-48.3910,,,401677231,-133
161638,161638,UT,DS,2,0,0,48,48,01:46:50 07-Apr-2018,MA,B,-25.5040,-48.5292,-25.5040,-48.5292,,,401677266,-120
161638,161638,UT,DS,1,0,1,,,08:03:33 07-Apr-2018,NP,B,-25.4758,-48.5771,-25.4758,-48.5771,8,,401677277,-134
161638,161638,UT,DS,1,0,1,,,08:32:16 07-Apr-2018,NK,B,-25.4801,-48.5475,-25.4801,-48.5475,6,,401677264,-129
161638,161638,UT,DS,1,0,0,,,09:04:14 07-Apr-2018,NN,B,-25.4922,-48.4845,-25.4922,-48.4845,8,,401677239,-133
161638,161638,UT,DS,1,0,0,,,22:19:31 07-Apr-2018,SR,B,-25.5815,-48.1150,-25.5815,-48.1150,,,401677259,-133
161638,161638,UT,DS,2,0,1,43,43,23:06:48 07-Apr-2018,NN,B,-25.6272,-48.0067,-25.6272,-48.0067,,,401677251,-133
161638,161638,UT,DS,2,0,0,37,37,08:13:00 08-Apr-2018,NK,B,-25.5756,-48.0343,-25.5756,-48.0343,8,,401677337,-128
161638,161638,UT,DS,2,0,0,47,47,08:59:55 08-Apr-2018,SR,B,-25.4885,-48.1324,-25.4885,-48.1324,8,,401677201,-121
161638,161638,UT,DS,1,0,0,,,10:32:54 08-Apr-2018,NN,B,-25.5059,-48.3164,-25.5059,-48.3164,6,,401677270,-133
161638,161638,UT,DS,1,0,0,,,10:43:57 08-Apr-2018,SR,B,-25.5122,-48.3355,-25.5122,-48.3355,6,,401677234,-134
161638,161638,UT,DS,2,0,2,63,63,10:59:38 08-Apr-2018,MA,B,-25.5152,-48.3492,-25.5152,-48.3492,6,,401677263,-126
161638,161638,UT,DS,1,0,0,,,21:55:04 08-Apr-2018,SR,B,-25.5468,-48.5728,-25.5468,-48.5728,8,,401677267,-132
161638,161638,UT,DS,3,0,0,34,33,23:00:02 08-Apr-2018,NN,A,-25.5005,-48.5349,-25.5005,-48.5349,8,,401677265,-126
161638,161638,UT,DS,1,0,0,,,23:21:23 08-Apr-2018,MA,B,-25.4963,-48.5322,-25.4963,-48.5322,6,,401677263,-135
161638,161638,UT,DS,1,0,0,,,01:58:03 09-Apr-2018,MB,B,-25.4697,-48.4847,-25.4697,-48.4847,8,,401677235,-134
161638,161638,UT,DS,1,0,0,,,02:40:57 09-Apr-2018,MA,B,-25.4618,-48.4830,-25.4618,-48.4830,8,,401677236,-129
161638,161638,UT,DS,1,0,0,,,07:46:28 09-Apr-2018,NK,B,-25.4406,-48.4883,-25.4406,-48.4883,8,,401677255,-135
161638,161638,UT,DS,3,0,1,86,70,10:05:42 09-Apr-2018,SR,A,-25.4896,-48.4398,-25.4896,-48.4398,8,,401677250,-130
161638,161638,UT,DS,2,0,0,60,60,10:25:33 09-Apr-2018,NN,B,-25.5045,-48.4566,-25.5045,-48.4566,6,,401677249,-128
161638,161638,UT,DS,1,0,1,,,10:38:15 09-Apr-2018,MA,B,-25.5012,-48.4549,-25.5012,-48.4549,6,,401677243,-126
161638,161638,UT,DS,1,0,0,,,13:55:25 09-Apr-2018,MA,B,-25.4838,-48.4418,-25.4838,-48.4418,8,,401677254,-127
161638,161638,UT,DS,2,0,0,39,39,18:23:06 09-Apr-2018,NP,B,-25.5320,-48.4202,-25.5320,-48.4202,8,,401677267,-128
161638,161638,UT,DS,1,0,0,,,19:41:18 09-Apr-2018,SR,B,-25.5252,-48.3847,-25.5252,-48.3847,8,,401677251,-138
161638,161638,UT,DS,1,0,0,,,20:03:29 09-Apr-2018,NP,B,-25.5157,-48.3876,-25.5157,-48.3876,6,,401677269,-129
161638,161638,UT,DS,1,0,1,,,09:36:34 10-Apr-2018,SR,B,-25.4586,-48.2344,-25.4586,-48.2344,,,401677275,-129
161638,161638,UT,DS,1,0,1,,,11:48:21 10-Apr-2018,NN,B,-25.4828,-48.2835,-25.4828,-48.2835,8,,401677270,-129
161638,161638,UT,DS,2,0,0,149,149,11:57:12 10-Apr-2018,MA,B,-25.4857,-48.3668,-25.4857,-48.3668,6,,401677270,-118
161638,161638,UT,DS,1,0,0,,,07:16:01 11-Apr-2018,NP,B,-25.3990,-48.1969,-25.3990,-48.1969,,,401677254,-125
161638,161638,UT,DS,1,0,0,,,08:36:56 11-Apr-2018,NK,B,-25.4747,-48.4220,-25.4747,-48.4220,8,,401677258,-129
161638,161638,UT,DS,2,0,1,78,78,09:03:08 11-Apr-2018,SR,B,-25.4774,-48.4012,-25.4774,-48.4012,8,,401677251,-130
161638,161638,UT,DS,3,0,1,133,129,18:04:57 11-Apr-2018,NP,A,-25.4670,-48.4040,-25.4670,-48.4040,8,,401677259,-128
161638,161638,UT,DS,5,0,2,134,105,19:49:17 11-Apr-2018,NP,3,-25.4602,-48.3846,-25.4602,-48.3846,58,,401677258,-124
161638,161638,UT,DS,6,0,1,80,37,20:16:29 11-Apr-2018,SR,3,-25.4577,-48.3737,-25.4577,-48.3737,56,,401677256,-126
161638,161638,UT,DS,1,0,0,,,20:54:05 11-Apr-2018,NK,B,-25.4579,-48.3741,-25.4579,-48.3741,8,,401677261,-127
161638,161638,UT,DS,1,0,0,,,21:57:34 11-Apr-2018,SR,B,-25.4516,-48.3735,-25.4516,-48.3735,8,,401677249,-130
161638,161638,UT,DS,3,0,0,214,150,22:31:17 11-Apr-2018,NN,A,-25.4454,-48.3720,-25.4526,-48.3767,8,,401677253,-125
161638,161638,UT,DS,2,0,1,148,148,22:41:26 11-Apr-2018,NK,B,-25.4459,-48.3745,-25.4459,-48.3745,6,,401677254,-125
161638,161638,UT,DS,3,0,0,76,41,00:01:59 12-Apr-2018,NN,A,-25.4392,-48.3945,-25.4392,-48.3945,8,,401677256,-133
161638,161638,UT,DS,1,0,0,,,11:26:48 12-Apr-2018,NN,B,-25.4165,-48.4650,-25.4165,-48.4650,8,,401677253,-129
161638,161638,UT,DS,2,0,0,366,366,17:52:47 12-Apr-2018,NP,B,-25.3694,-48.3863,-25.3694,-48.3863,8,,401677262,-133
161638,161638,UT,DS,3,0,2,369,207,19:26:33 12-Apr-2018,NP,A,-25.3783,-48.3886,-25.3783,-48.3886,8,,401677257,-132
161638,161638,UT,DS,4,0,1,94,43,19:46:42 12-Apr-2018,SR,1,-25.3666,-48.3796,-25.3666,-48.3796,56,,401677255,-127
161638,161638,UT,DS,1,0,0,,,21:14:44 12-Apr-2018,NP,B,-25.3652,-48.3830,-25.3652,-48.3830,8,,401677251,-137
161638,161638,UT,DS,1,0,0,,,21:27:11 12-Apr-2018,SR,B,-25.3702,-48.3801,-25.3702,-48.3801,6,,401677257,-125
161638,161638,UT,DS,1,0,0,,,23:39:12 12-Apr-2018,MA,B,-25.3746,-48.3807,-25.3746,-48.3807,8,,401677253,-124
161638,161638,UT,DS,5,0,0,204,45,23:48:59 12-Apr-2018,NN,2,-25.3748,-48.3602,-25.3748,-48.3602,58,,401677252,-137
161638,161638,UT,DS,2,0,0,45,45,23:52:09 12-Apr-2018,NK,B,-25.3752,-48.3614,-25.3752,-48.3614,6,,401677254,-133
161638,161638,UT,DS,1,0,1,,,00:40:13 13-Apr-2018,MB,B,-25.3719,-48.3615,-25.3719,-48.3615,8,,401677261,-133
161638,161638,UT,DS,2,0,1,94,94,01:24:24 13-Apr-2018,MA,B,-25.3474,-48.3547,-25.3474,-48.3547,8,,401677255,-121
161638,161638,UT,DS,1,0,0,,,05:08:40 13-Apr-2018,NP,B,-25.3069,-48.3437,-25.3069,-48.3437,8,,401677256,-133
161638,161638,UT,DS,1,0,0,,,09:38:18 13-Apr-2018,NN,B,-25.2658,-48.3443,-25.2658,-48.3443,8,,401677261,-132
161638,161638,UT,DS,2,0,0,322,322,17:43:04 13-Apr-2018,NP,B,-25.2255,-48.3440,-25.2234,-48.3309,8,,401677250,-134
161638,161638,UT,DS,5,0,1,172,100,19:15:08 13-Apr-2018,NP,1,-25.2541,-48.3498,-25.2541,-48.3498,58,,401677258,-135
161638,161638,UT,DS,1,0,0,,,19:15:08 13-Apr-2018,SR,B,-25.2549,-48.3525,-25.2549,-48.3525,,,401677260,-138
161638,161638,UT,DS,2,0,1,70,70,23:19:58 13-Apr-2018,MA,B,-25.2336,-48.3266,-25.2336,-48.3266,8,,401677245,-127
161638,161638,UT,DS,2,0,0,131,131,23:24:42 13-Apr-2018,NK,B,-25.2567,-48.3206,-25.2567,-48.3206,6,,401677260,-132
161638,161638,UT,DS,1,0,0,,,00:54:24 14-Apr-2018,MA,B,-25.2484,-48.3184,-25.2484,-48.3184,8,,401677254,-126
161638,161638,UT,DS,2,0,0,111,111,08:18:52 14-Apr-2018,NP,B,-25.2252,-48.3289,-25.2252,-48.3289,8,,401677264,-132
161638,161638,UT,DS,1,0,1,,,09:10:32 14-Apr-2018,SR,B,-25.2378,-48.3383,-25.2378,-48.3383,8,,401677253,-130
161638,161638,UT,DS,3,0,0,236,157,10:55:56 14-Apr-2018,NN,A,-25.2631,-48.3487,-25.2631,-48.3487,,,401677253,-133
161638,161638,UT,DS,1,0,0,,,10:55:56 14-Apr-2018,SR,B,-25.2432,-48.3410,-25.2432,-48.3410,8,,401677245,-132
161638,161638,UT,DS,2,0,0,338,338,12:10:02 14-Apr-2018,MA,B,-25.2586,-48.3359,-25.2586,-48.3359,8,,401677253,-119
161638,161638,UT,DS,1,0,1,,,13:14:49 14-Apr-2018,MB,B,-25.2571,-48.3329,-25.2571,-48.3329,8,,401677253,-132
161638,161638,UT,DS,6,0,3,147,63,19:08:07 14-Apr-2018,NP,2,-25.2517,-48.3345,-25.2517,-48.3345,58,,401677252,-123
161638,161638,UT,DS,4,0,1,122,111,21:25:47 14-Apr-2018,NK,3,-25.2696,-48.3418,-25.2696,-48.3418,58,,401677250,-125
161638,161638,UT,DS,1,0,0,,,21:53:39 14-Apr-2018,NN,B,-25.2703,-48.3416,-25.2703,-48.3416,6,,401677243,-133
161638,161638,UT,DS,1,0,0,,,22:05:26 14-Apr-2018,SR,B,-25.2720,-48.3411,-25.2720,-48.3411,7,,401677260,-131
161638,161638,UT,DS,3,0,0,337,332,23:26:15 14-Apr-2018,NN,A,-25.3389,-48.3382,-25.3389,-48.3382,8,,401677250,-133
161638,161638,UT,DS,4,0,0,208,116,00:37:33 15-Apr-2018,MA,1,-25.3594,-48.3498,-25.3594,-48.3498,58,,401677251,-121
161638,161638,UT,DS,1,0,1,,,01:36:02 15-Apr-2018,MB,B,-25.3740,-48.3533,-25.3740,-48.3533,8,,401677256,-129
161638,161638,UT,DS,1,0,0,,,02:20:19 15-Apr-2018,MA,B,-25.3696,-48.3515,-25.3696,-48.3515,8,,401677259,-127
161638,161638,UT,DS,2,0,0,658,658,06:33:24 15-Apr-2018,NP,B,-25.3678,-48.3471,-25.4313,-48.3556,8,,401677248,-130
161638,161638,UT,DS,1,0,0,,,10:10:10 15-Apr-2018,NK,B,-25.4326,-48.3607,-25.4326,-48.3607,8,,401677243,-127
161638,161638,UT,DS,1,0,0,,,10:53:11 15-Apr-2018,NN,B,-25.4291,-48.3595,-25.4291,-48.3595,8,,401677245,-125
161638,161638,UT,DS,1,0,0,,,13:28:32 15-Apr-2018,MA,B,-25.4599,-48.3510,-25.4599,-48.3510,8,,401677245,-129
161638,161638,UT,DS,8,1,3,,,19:54:01 15-Apr-2018,SR,2,-25.4602,-48.3422,-25.4602,-48.3422,58,,401677252,-129
161638,161638,UT,DS,2,0,0,64,64,20:55:46 15-Apr-2018,NK,B,-25.5002,-48.3093,-25.5002,-48.3093,8,,401677259,-127
161638,161638,UT,DS,4,0,2,83,61,21:28:27 15-Apr-2018,SR,1,-25.4829,-48.2932,-25.4829,-48.2932,58,,401677241,-129
161638,161638,UT,DS,2,0,1,254,254,22:33:39 15-Apr-2018,NK,B,-25.4891,-48.2862,-25.4891,-48.2862,8,,401677246,-121
161638,161638,UT,DS,1,0,0,,,23:16:16 15-Apr-2018,NN,B,-25.4962,-48.2807,-25.4962,-48.2807,8,,401677251,-128
161638,161638,UT,DS,3,0,0,282,269,00:13:15 16-Apr-2018,MA,A,-25.4729,-48.2531,-25.4729,-48.2531,8,,401677248,-123
161638,161638,UT,DS,3,0,1,209,94,01:20:24 16-Apr-2018,MB,A,-25.4748,-48.2429,-25.4732,-48.2350,8,,401677251,-131
161638,161638,UT,DS,1,0,1,,,02:02:12 16-Apr-2018,MA,B,-25.4754,-48.2338,-25.4754,-48.2338,8,,401677250,-127
161638,161638,UT,DS,1,0,1,,,08:14:30 16-Apr-2018,SR,B,-25.4792,-48.2361,-25.4792,-48.2361,8,,401677248,-129
161638,161638,UT,DS,1,0,1,,,08:14:30 16-Apr-2018,NK,B,-25.4743,-48.1967,-25.4743,-48.1967,,,401677252,-137
161638,161638,UT,DS,1,0,1,,,08:59:58 16-Apr-2018,NN,B,-25.4741,-48.1861,-25.4741,-48.1861,8,,401677251,-133
161638,161638,UT,DS,1,0,0,,,09:42:52 16-Apr-2018,NK,B,-25.4744,-48.1772,-25.4744,-48.1772,8,,401677251,-133
161638,161638,UT,DS,1,0,1,,,13:05:13 16-Apr-2018,MA,B,-25.4748,-48.1445,-25.4748,-48.1445,8,,401677252,-135
161638,161638,UT,DS,3,0,0,219,193,18:51:34 16-Apr-2018,NP,A,-25.3911,-48.1739,-25.4663,-48.1705,8,,401677251,-127
161638,161638,UT,DS,2,0,0,67,67,20:22:08 16-Apr-2018,NP,B,-25.3797,-48.1649,-25.3797,-48.1649,8,,401677250,-129
161638,161638,UT,DS,2,0,1,37,37,20:35:05 16-Apr-2018,NK,B,-25.3770,-48.1624,-25.3770,-48.1624,6,,401677250,-133
161638,161638,UT,DS,2,0,0,64,64,21:01:56 16-Apr-2018,SR,B,-25.3680,-48.1535,-25.3680,-48.1535,8,,401677254,-126
161638,161638,UT,DS,1,0,1,,,21:31:26 16-Apr-2018,NN,B,-25.3688,-48.1520,-25.3688,-48.1520,6,,401677247,-137
161638,161638,UT,DS,3,0,0,58,34,22:07:05 16-Apr-2018,NK,A,-25.3499,-48.1524,-25.3499,-48.1524,8,,401677250,-125
161638,161638,UT,DS,3,0,1,43,30,23:06:49 16-Apr-2018,NN,A,-25.3655,-48.1487,-25.3655,-48.1487,8,,401677250,-126
161638,161638,UT,DS,2,0,0,187,187,23:56:24 16-Apr-2018,MA,B,-25.3618,-48.1393,-25.3618,-48.1393,8,,401677252,-120
161638,161638,UT,DS,1,0,0,,,00:44:47 17-Apr-2018,NN,B,-25.3592,-48.1325,-25.3592,-48.1325,8,,401677250,-140
161638,161638,UT,DS,2,0,0,475,475,01:37:14 17-Apr-2018,MA,B,-25.3580,-48.1300,-25.3580,-48.1300,8,,401677252,-122
161638,161638,UT,DS,1,0,1,,,05:58:38 17-Apr-2018,NP,B,-25.3355,-48.0940,-25.3355,-48.0940,8,,401677246,-132
161638,161638,UT,DS,1,0,0,,,07:38:34 17-Apr-2018,NP,B,-25.3383,-48.1065,-25.3383,-48.1065,8,,401677253,-137
161638,161638,UT,DS,1,0,1,,,09:24:14 17-Apr-2018,SR,B,-25.3423,-48.1123,-25.3423,-48.1123,8,,401677252,-129
161638,161638,UT,DS,5,0,0,158,31,10:23:03 17-Apr-2018,NN,1,-25.3487,-48.1631,-25.3487,-48.1631,58,,401677246,-125
161638,161638,UT,DS,1,0,0,,,11:02:36 17-Apr-2018,SR,B,-25.3455,-48.0870,-25.3455,-48.0870,8,,401677246,-137
161638,161638,UT,DS,4,0,1,187,75,11:10:42 17-Apr-2018,MA,3,-25.3565,-48.1427,-25.3565,-48.1427,56,,401677248,-125
161638,161638,UT,DS,1,0,0,,,12:08:06 17-Apr-2018,MB,B,-25.3592,-48.1336,-25.3592,-48.1336,8,,401677257,-131
161638,161638,UT,DS,1,0,0,,,12:11:30 17-Apr-2018,NN,B,-25.3605,-48.1382,-25.3605,-48.1382,6,,401677251,-137
161638,161638,UT,DS,5,0,2,144,33,18:37:59 17-Apr-2018,NP,3,-25.4669,-48.2458,-25.3548,-48.0872,58,,401677249,-125
161638,161638,UT,DS,2,0,1,198,198,20:19:39 17-Apr-2018,NP,B,-25.4515,-48.2448,-25.4515,-48.2448,8,,401677248,-127
161638,161638,UT,DS,3,0,0,262,233,20:24:19 17-Apr-2018,SR,A,-25.4575,-48.2601,-25.4575,-48.2601,6,,401677247,-135
161638,161638,UT,DS,2,0,0,167,167,21:43:50 17-Apr-2018,NK,B,-25.4764,-48.2612,-25.4764,-48.2612,8,,401677249,-129
161638,161638,UT,DS,3,0,0,196,148,22:06:08 17-Apr-2018,SR,A,-25.4754,-48.2621,-25.4754,-48.2621,6,,401677253,-129
161638,161638,UT,DS,5,0,0,139,33,23:00:36 17-Apr-2018,NN,1,-25.4830,-48.2602,-25.5035,-48.2482,48,,401677250,-122
161638,161638,UT,DS,1,0,0,,,23:27:58 17-Apr-2018,NK,B,-25.4858,-48.2600,-25.4858,-48.2600,6,,401677249,-129
161638,161638,UT,DS,3,0,0,274,264,23:41:56 17-Apr-2018,MA,A,-25.4771,-48.2483,-25.4771,-48.2483,6,,401677247,-122
161638,161638,UT,DS,1,0,1,,,00:39:41 18-Apr-2018,MB,B,-25.4826,-48.2473,-25.4826,-48.2473,8,,401677250,-129
161638,161638,UT,DS,3,0,1,83,36,00:40:49 18-Apr-2018,NN,A,-25.4759,-48.2568,-25.4759,-48.2568,6,,401677246,-132
161638,161638,UT,DS,2,0,0,311,311,01:20:17 18-Apr-2018,MA,B,-25.4859,-48.2578,-25.4859,-48.2578,8,,401677251,-122
161638,161638,UT,DS,1,0,0,,,00:22:32 19-Apr-2018,NN,B,-25.6159,-48.3945,-25.6159,-48.3945,,,401677283,-135
161638,161638,UT,DS,1,0,1,,,00:52:34 19-Apr-2018,MA,B,-25.6007,-48.4064,-25.6007,-48.4064,8,,401677267,-121
161638,161638,UT,DS,1,0,1,,,22:32:05 19-Apr-2018,NK,B,-26.1251,-48.7394,-26.1251,-48.7394,,,401677237,-129
161638,161638,UT,DS,1,0,1,,,22:32:05 19-Apr-2018,NN,B,-25.6433,-48.3803,-25.6433,-48.3803,,,401677316,-124
161638,161638,UT,DS,2,0,0,80,80,00:13:29 20-Apr-2018,NN,B,-25.4912,-48.4432,-31.5686,-76.2768,,,401677250,-129
161638,161638,UT,DS,1,0,1,,,11:53:02 20-Apr-2018,MA,B,-25.4607,-48.4745,-25.4607,-48.4745,8,,401677243,-133
161638,161638,UT,DS,3,0,1,49,34,22:09:45 20-Apr-2018,NK,A,-25.4844,-48.4159,-25.4844,-48.4159,8,,401677252,-125
161638,161638,UT,DS,2,0,0,31,31,00:11:17 21-Apr-2018,MA,B,-25.4937,-48.4500,-25.4937,-48.4500,8,,401677255,-122
161638,161638,UT,DS,1,0,1,,,01:07:38 21-Apr-2018,MB,B,-25.4949,-48.4501,-25.4949,-48.4501,8,,401677252,-132
161638,161638,UT,DS,3,0,0,70,34,01:52:20 21-Apr-2018,MA,A,-25.4910,-48.4071,-25.4910,-48.4071,8,,401677259,-121
161638,161638,UT,DS,1,0,0,,,09:25:03 21-Apr-2018,NK,B,-25.4966,-48.3382,-25.4966,-48.3382,8,,401677266,-121
161638,161638,UT,DS,1,0,0,,,10:30:39 21-Apr-2018,SR,B,-25.4883,-48.3631,-25.4883,-48.3631,8,,401677263,-137
161638,161638,UT,DS,1,0,0,,,22:08:34 21-Apr-2018,NN,B,-25.5035,-48.3228,-25.5035,-48.3228,8,,401677243,-131
161638,161638,UT,DS,1,0,0,,,23:26:46 21-Apr-2018,NK,B,-25.4899,-48.4003,-25.4899,-48.4003,8,,401677256,-126
161638,161638,UT,DS,2,0,1,79,79,23:48:32 21-Apr-2018,NN,B,-25.4739,-48.3906,-25.4739,-48.3906,,,401677258,-126
161638,161638,UT,DS,1,0,0,,,23:49:11 21-Apr-2018,MA,B,-25.4888,-48.4190,-25.4888,-48.4190,6,,401677248,-127
161638,161638,UT,DS,1,0,0,,,09:00:09 22-Apr-2018,NK,B,-25.4923,-48.4237,-25.4923,-48.4237,8,,401677249,-125
161638,161638,UT,DS,1,0,1,,,10:04:56 22-Apr-2018,SR,B,-25.4903,-48.4090,-25.4903,-48.4090,8,,401677257,-126
161638,161638,UT,DS,2,0,1,92,92,01:09:49 23-Apr-2018,MA,B,-25.4331,-48.3468,-25.4331,-48.3468,,,401677258,-122
161638,161638,UT,DS,1,0,1,,,09:20:46 23-Apr-2018,NN,B,-25.4777,-48.4140,-25.4777,-48.4140,8,,401677256,-133
161638,161638,UT,DS,1,0,0,,,12:30:47 23-Apr-2018,MA,B,-25.4755,-48.4111,-25.4755,-48.4111,8,,401677252,-125
161638,161638,UT,DS,1,0,0,,,20:43:27 23-Apr-2018,SR,B,-25.4912,-48.4219,-25.4912,-48.4219,8,,401677252,-126
161638,161638,UT,DS,1,0,0,,,20:43:27 23-Apr-2018,NP,B,-25.4897,-48.4218,-25.4897,-48.4218,,,401677255,-129
161638,161638,UT,DS,1,0,0,,,22:27:17 23-Apr-2018,SR,B,-25.4873,-48.4299,-25.4873,-48.4299,8,,401677250,-138
161638,161638,UT,DS,2,0,0,32,32,00:47:48 24-Apr-2018,MA,B,-25.4810,-48.4311,-25.4810,-48.4311,8,,401677251,-122
161638,161638,UT,DS,3,0,0,157,144,09:51:50 24-Apr-2018,NK,A,-25.4897,-48.4295,-25.4897,-48.4295,8,,401677249,-126
161638,161638,UT,DS,1,0,1,,,10:37:26 24-Apr-2018,SR,B,-25.4893,-48.4297,-25.4893,-48.4297,8,,401677249,-135
161638,161638,UT,DS,1,0,0,,,21:51:11 24-Apr-2018,SR,B,-25.4923,-48.4299,-25.4923,-48.4299,8,,401677250,-131
161638,161638,UT,DS,2,0,0,49,49,23:18:40 24-Apr-2018,NN,B,-25.4918,-48.4271,-25.4918,-48.4271,8,,401677254,-124
161638,161638,UT,DS,1,0,1,,,23:52:46 24-Apr-2018,NK,B,-25.4918,-48.4269,-25.4918,-48.4269,8,,401677254,-137
161638,161638,UT,DS,2,0,1,41,41,07:58:24 25-Apr-2018,NP,B,-25.4803,-48.4275,-25.4803,-48.4275,8,,401677252,-133
161638,161638,UT,DS,1,0,0,,,09:27:47 25-Apr-2018,NK,B,-25.4800,-48.4283,-25.4800,-48.4283,8,,401677252,-125
161638,161638,UT,DS,1,0,0,,,20:20:14 25-Apr-2018,NP,B,-25.4720,-48.4270,-25.4720,-48.4270,8,,401677253,-129
161638,161638,UT,DS,1,0,1,,,00:11:52 26-Apr-2018,MA,B,-25.4861,-48.4330,-25.4861,-48.4330,8,,401677251,-132
161638,161638,UT,DS,4,0,2,172,32,00:43:51 26-Apr-2018,NN,1,-25.4804,-48.4335,-25.4804,-48.4335,58,,401677251,-132
161638,161638,UT,DS,2,0,0,44,44,01:48:20 26-Apr-2018,MA,B,-25.4995,-48.4265,-25.4995,-48.4265,8,,401677257,-121
161638,161638,UT,DS,1,0,0,,,09:05:22 26-Apr-2018,NK,B,-25.5212,-48.4236,-25.5212,-48.4236,8,,401677250,-133
161638,161638,UT,DS,2,0,2,73,73,09:34:33 26-Apr-2018,SR,B,-25.5114,-48.4548,-25.5114,-48.4548,8,,401677251,-134
161638,161638,UT,DS,3,0,2,275,151,10:20:00 26-Apr-2018,NN,A,-25.4856,-48.4347,-25.4856,-48.4347,8,,401677247,-130
161638,161638,UT,DS,1,0,0,,,22:57:45 26-Apr-2018,NK,B,-25.4023,-48.3694,-25.4023,-48.3694,,,401677257,-131
161638,161638,UT,DS,2,0,2,62,62,23:47:28 26-Apr-2018,MA,B,-25.4839,-48.4206,-25.4839,-48.4206,8,,401677249,-122
161638,161638,UT,DS,1,0,0,,,11:51:05 27-Apr-2018,NN,B,-25.5984,-48.4651,-25.5984,-48.4651,,,401677193,-129
161638,161638,UT,DS,1,0,0,,,21:58:41 27-Apr-2018,SR,B,-25.5805,-48.4570,-25.5805,-48.4570,8,,401677204,-127
161638,161638,UT,DS,2,0,1,37,37,22:40:42 27-Apr-2018,NN,B,-25.4981,-48.4588,-25.4981,-48.4588,5,,401677262,-125
161638,161638,UT,DS,3,0,0,85,41,07:21:39 28-Apr-2018,NP,A,-25.4794,-48.3016,-25.4794,-48.3016,8,,401677242,-125
161638,161638,UT,DS,2,0,1,62,62,10:22:27 28-Apr-2018,SR,B,-25.5012,-48.3132,-25.5012,-48.3132,8,,401677242,-131
161638,161638,UT,DS,1,0,0,,,10:47:14 28-Apr-2018,MA,B,-25.5017,-48.3507,-25.5017,-48.3507,6,,401677270,-130
161638,161638,UT,DS,2,0,0,36,36,12:25:56 28-Apr-2018,MA,B,-25.5029,-48.3637,-25.5029,-48.3637,8,,401677251,-121
161638,161638,UT,DS,1,0,0,,,13:25:07 28-Apr-2018,MB,B,-25.4992,-48.3695,-25.4992,-48.3695,8,,401677239,-131
161638,161638,UT,DS,1,0,0,,,23:51:09 28-Apr-2018,NK,B,-25.3680,-48.2314,-25.3680,-48.2314,8,,401677237,-135
161638,161638,UT,DS,3,0,1,63,42,02:29:29 29-Apr-2018,MA,A,-25.4905,-48.4286,-25.4905,-48.4286,8,,401677255,-128
161638,161638,UT,DS,2,0,0,63,63,07:44:22 29-Apr-2018,NK,B,-25.4990,-48.4350,-25.4990,-48.4350,8,,401677252,-132
161638,161638,UT,DS,1,0,0,,,09:28:42 29-Apr-2018,NK,B,-25.4908,-48.4760,-25.4908,-48.4760,8,,401677253,-130
161638,161638,UT,DS,1,0,1,,,11:29:36 29-Apr-2018,NN,B,-25.4966,-48.4894,-25.4966,-48.4894,8,,401677254,-130
161638,161638,UT,DS,1,0,0,,,21:41:54 29-Apr-2018,NK,B,-25.4940,-48.5433,-25.4940,-48.5433,8,,401677266,-135
161638,161638,UT,DS,1,0,1,,,00:02:07 30-Apr-2018,NN,B,-25.4882,-48.5084,-25.4882,-48.5084,8,,401677265,-129
161638,161638,UT,DS,1,0,0,,,07:01:56 30-Apr-2018,NP,B,-25.4792,-48.5030,-25.4792,-48.5030,8,,401677256,-133
161638,161638,UT,DS,1,0,1,,,10:34:24 30-Apr-2018,NK,B,-25.4662,-48.4875,-25.4662,-48.4875,8,,401677248,-135
161638,161638,UT,DS,1,0,0,,,11:21:16 30-Apr-2018,NN,B,-25.4791,-48.4483,-25.4791,-48.4483,7,,401677260,-129
161638,161638,UT,DS,2,0,0,35,35,11:43:35 30-Apr-2018,MA,B,-25.4867,-48.4354,-25.4867,-48.4354,6,,401677255,-121
161638,161638,UT,DS,3,0,2,79,58,12:43:29 30-Apr-2018,MB,A,-25.4891,-48.4324,-25.4891,-48.4324,8,,401677256,-128
161638,161638,UT,DS,1,0,0,,,20:24:50 30-Apr-2018,SR,B,-25.5127,-48.3600,-25.5127,-48.3600,8,,401677257,-129
161638,161638,UT,DS,3,0,1,187,36,21:17:21 30-Apr-2018,NK,A,-25.4924,-48.4485,-25.4924,-48.4485,8,,401677259,-126
161638,161638,UT,DS,1,0,0,,,22:06:27 30-Apr-2018,SR,B,-25.4920,-48.4574,-25.4920,-48.4574,8,,401677260,-131
161638,161638,UT,DS,1,0,0,,,23:41:50 30-Apr-2018,NN,B,-25.4921,-48.4700,-25.4921,-48.4700,8,,401677252,-132
161638,161638,UT,DS,1,0,0,,,00:04:52 01-May-2018,MA,B,-25.4880,-48.4538,-25.4880,-48.4538,6,,401677260,-125
161638,161638,UT,DS,1,0,0,,,01:42:04 01-May-2018,MA,B,-25.4848,-48.4626,-25.4848,-48.4626,8,,401677251,-126
161638,161638,UT,DS,1,0,1,,,08:39:35 01-May-2018,SR,B,-25.4750,-48.4961,-25.4750,-48.4961,8,,401677264,-132
161638,161638,UT,DS,2,0,1,306,306,11:06:20 01-May-2018,NN,B,-25.4720,-48.4476,-25.4720,-48.4476,8,,401677263,-122
161638,161638,UT,DS,1,0,0,,,11:22:46 01-May-2018,MA,B,-25.4771,-48.4412,-25.4771,-48.4412,6,,401677257,-125
161638,161638,UT,DS,1,0,0,,,12:24:14 01-May-2018,MB,B,-25.4757,-48.4432,-25.4757,-48.4432,8,,401677257,-131
161638,161638,UT,DS,1,0,0,,,19:12:43 01-May-2018,NP,B,-25.4819,-48.4519,-25.4819,-48.4519,8,,401677254,-125
161638,161638,UT,DS,1,0,0,,,21:32:39 01-May-2018,SR,B,-25.4841,-48.4501,-25.4841,-48.4501,8,,401677256,-130
161638,161638,UT,DS,3,0,0,196,172,06:33:11 02-May-2018,NP,A,-25.4912,-48.4312,-25.4912,-48.4312,8,,401677255,-122
161638,161638,UT,DS,2,0,2,43,43,08:08:43 02-May-2018,SR,B,-25.5052,-48.4328,-25.5052,-48.4328,8,,401677259,-135
161638,161638,UT,DS,2,0,1,43,43,08:08:43 02-May-2018,NK,B,-25.4946,-48.4210,-25.4946,-48.4210,8,,401677254,-125
161638,161638,UT,DS,1,0,1,,,09:12:42 02-May-2018,NN,B,-25.5008,-48.4305,-25.5008,-48.4305,8,,401677250,-131
161638,161638,UT,DS,2,0,1,62,62,11:02:51 02-May-2018,MA,B,-25.4786,-48.4402,-25.4786,-48.4402,8,,401677255,-123
161638,161638,UT,DS,1,0,1,,,12:04:24 02-May-2018,MB,B,-25.4773,-48.4407,-25.4773,-48.4407,8,,401677255,-130
161638,161638,UT,DS,1,0,0,,,20:41:28 02-May-2018,NP,B,-25.4832,-48.4349,-25.4832,-48.4349,8,,401677253,-129
161638,161638,UT,DS,1,0,0,,,22:11:32 02-May-2018,NK,B,-25.4881,-48.4423,-25.4881,-48.4423,8,,401677251,-130
161638,161638,UT,DS,1,0,0,,,23:52:05 02-May-2018,NK,B,-25.4898,-48.4422,-25.4898,-48.4422,8,,401677255,-133
161638,161638,UT,DS,1,0,0,,,01:09:15 03-May-2018,MA,B,-25.4907,-48.4418,-25.4907,-48.4418,8,,401677256,-132
161638,161638,UT,DS,2,0,1,194,194,09:28:01 03-May-2018,NK,B,-25.4909,-48.4425,-25.4909,-48.4425,8,,401677253,-125
161638,161638,UT,DS,1,0,1,,,10:43:01 03-May-2018,MA,B,-25.4928,-48.4398,-25.4928,-48.4398,8,,401677250,-133
161638,161638,UT,DS,1,0,1,,,10:43:01 03-May-2018,NN,B,-25.4888,-48.4464,-25.4888,-48.4464,8,,401677251,-127
161638,161638,UT,DS,1,0,0,,,13:57:34 03-May-2018,MA,B,-25.4976,-48.4357,-25.4976,-48.4357,8,,401677254,-127
161638,161638,UT,DS,4,0,1,32,30,21:43:41 03-May-2018,NK,0,-25.4880,-48.4316,-25.4880,-48.4316,58,,401677256,-124
161638,161638,UT,DS,1,0,0,,,23:23:47 03-May-2018,NK,B,-25.4883,-48.4331,-25.4883,-48.4331,8,,401677257,-128
161638,161638,UT,DS,2,0,0,60,60,07:50:24 04-May-2018,NP,B,-25.4879,-48.4289,-25.4879,-48.4289,8,,401677257,-128
161638,161638,UT,DS,2,0,0,96,96,11:59:55 04-May-2018,MA,B,-25.4879,-48.4282,-25.4879,-48.4282,8,,401677256,-121
161638,161638,UT,DS,1,0,0,,,21:17:33 04-May-2018,NK,B,-25.4898,-48.4270,-25.4898,-48.4270,8,,401677256,-127
161638,161638,UT,DS,2,0,0,48,48,21:41:42 04-May-2018,SR,B,-25.4833,-48.4270,-25.4833,-48.4270,6,,401677257,-126
161638,161638,UT,DS,2,0,0,46,46,22:57:13 04-May-2018,NK,B,-25.4835,-48.4338,-25.4835,-48.4338,,,401677255,-128
161638,161638,UT,DS,2,0,0,46,46,22:57:13 04-May-2018,NN,B,-25.4847,-48.4245,-25.4847,-48.4245,8,,401677254,-126
161638,161638,UT,DS,1,0,0,,,00:38:04 05-May-2018,NN,B,-25.4843,-48.4328,-25.4843,-48.4328,8,,401677254,-130
161638,161638,UT,DS,1,0,0,,,07:36:13 05-May-2018,NP,B,-25.4873,-48.4351,-25.4873,-48.4351,8,,401677256,-129
161638,161638,UT,DS,4,0,1,143,48,09:57:07 05-May-2018,SR,3,-25.4897,-48.4311,-25.4897,-48.4311,68,,401677255,-127
161638,161638,UT,DS,1,0,0,,,10:10:37 05-May-2018,NK,B,-25.4899,-48.4310,-25.4899,-48.4310,6,,401677255,-127
161638,161638,UT,DS,1,0,1,,,20:56:06 05-May-2018,NK,B,-25.4899,-48.4246,-25.4899,-48.4246,8,,401677256,-135
161638,161638,UT,DS,1,0,1,,,21:13:47 05-May-2018,SR,B,-25.4960,-48.4240,-25.4960,-48.4240,8,,401677256,-132
161638,161638,UT,DS,3,0,0,62,37,22:43:35 05-May-2018,NN,A,-25.4981,-48.4227,-25.4981,-48.4227,8,,401677256,-128
161638,161638,UT,DS,1,0,1,,,07:31:40 06-May-2018,NP,B,-25.5068,-48.4166,-25.5068,-48.4166,8,,401677253,-134
161638,161638,UT,DS,3,0,0,183,175,09:26:38 06-May-2018,SR,A,-25.4870,-48.4184,-25.4870,-48.4184,8,,401677255,-126
161638,161638,UT,DS,1,0,0,,,09:51:48 06-May-2018,NK,B,-25.4869,-48.4177,-25.4869,-48.4177,6,,401677254,-132
161638,161638,UT,DS,1,0,0,,,10:08:03 06-May-2018,NN,B,-25.4884,-48.4228,-25.4884,-48.4228,8,,401677257,-123
161638,161638,UT,DS,1,0,0,,,12:59:18 06-May-2018,MA,B,-25.4869,-48.4263,-25.4869,-48.4263,8,,401677258,-120
161638,161638,UT,DS,1,0,0,,,18:15:20 06-May-2018,NP,B,-25.4865,-48.4330,-25.4865,-48.4330,8,,401677257,-130
161638,161638,UT,DS,1,0,0,,,22:11:17 06-May-2018,NK,B,-25.4895,-48.4274,-25.4895,-48.4274,8,,401677257,-124
161638,161638,UT,DS,1,0,0,,,22:36:03 06-May-2018,NN,B,-25.4899,-48.4294,-25.4899,-48.4294,6,,401677256,-125
161638,161638,UT,DS,1,0,0,,,23:48:33 06-May-2018,NK,B,-25.4895,-48.4302,-25.4895,-48.4302,8,,401677256,-135
161638,161638,UT,DS,1,0,0,,,00:42:58 07-May-2018,MB,B,-25.4897,-48.4322,-25.4897,-48.4322,8,,401677257,-134
161638,161638,UT,DS,1,0,0,,,05:39:19 07-May-2018,NP,B,-25.4877,-48.4358,-25.4877,-48.4358,8,,401677255,-136
161638,161638,UT,DS,3,0,0,58,50,09:27:32 07-May-2018,NK,A,-25.4848,-48.4359,-25.4848,-48.4359,8,,401677255,-128
161638,161638,UT,DS,3,0,0,158,33,09:55:36 07-May-2018,NN,A,-25.4853,-48.4268,-25.4853,-48.4268,6,,401677257,-127
161638,161638,UT,DS,6,0,2,82,38,10:56:07 07-May-2018,MA,1,-25.4880,-48.4285,-25.4880,-48.4285,58,,401677256,-124
161638,161638,UT,DS,1,0,0,,,11:06:04 07-May-2018,NK,B,-25.4880,-48.4287,-25.4880,-48.4287,6,,401677255,-140
161638,161638,UT,DS,2,0,0,293,293,11:37:12 07-May-2018,NN,B,-25.4867,-48.4309,-25.4867,-48.4309,8,,401677257,-126
161638,161638,UT,DS,1,0,1,,,11:59:59 07-May-2018,MB,B,-25.4875,-48.4306,-25.4875,-48.4306,6,,401677256,-133
161638,161638,UT,DS,1,0,1,,,12:40:49 07-May-2018,MA,B,-25.4874,-48.4313,-25.4874,-48.4313,8,,401677255,-123
161638,161638,UT,DS,2,0,1,208,208,21:42:24 07-May-2018,NK,B,-25.4906,-48.4443,-25.4906,-48.4443,8,,401677257,-126
161638,161638,UT,DS,1,0,1,,,21:44:07 07-May-2018,SR,B,-25.4929,-48.4303,-25.4929,-48.4303,6,,401677255,-124
161638,161638,UT,DS,2,0,2,30,30,07:02:40 08-May-2018,NP,B,-25.4988,-48.4122,-25.4988,-48.4122,8,,401677248,-129
161638,161638,UT,DS,2,0,2,213,213,09:42:56 08-May-2018,NN,B,-25.5017,-48.4246,-25.5017,-48.4246,8,,401677247,-131
161638,161638,UT,DS,2,0,2,151,151,10:04:14 08-May-2018,SR,B,-25.4857,-48.4163,-25.4857,-48.4163,8,,401677256,-127
161638,161638,UT,DS,2,0,1,191,191,17:56:30 08-May-2018,NP,B,-25.4841,-48.4336,-25.4841,-48.4336,8,,401677252,-131
161638,161638,UT,DS,1,0,0,,,19:40:14 08-May-2018,SR,B,-25.4857,-48.4319,-25.4857,-48.4319,8,,401677254,-136
161638,161638,UT,DS,3,0,0,85,70,23:01:45 08-May-2018,NK,A,-25.4878,-48.4306,-25.4878,-48.4306,8,,401677254,-123
161638,161638,UT,DS,1,0,1,,,23:49:09 08-May-2018,NN,B,-25.4875,-48.4313,-25.4875,-48.4313,8,,401677254,-132
161638,161638,UT,DS,1,0,0,,,05:14:17 09-May-2018,NP,B,-25.4845,-48.4343,-25.4845,-48.4343,8,,401677253,-133
161638,161638,UT,DS,2,0,1,35,35,19:23:12 09-May-2018,NP,B,-25.4856,-48.4359,-25.4856,-48.4359,,,401677250,-124
161638,161638,UT,DS,1,0,0,,,20:55:31 09-May-2018,NK,B,-25.4841,-48.4302,-25.4841,-48.4302,8,,401677253,-132
161638,161638,UT,DS,1,0,0,,,22:01:30 09-May-2018,NN,B,-25.4838,-48.4295,-25.4838,-48.4295,8,,401677253,-133
161638,161638,UT,DS,3,0,1,32,31,22:37:20 09-May-2018,NK,A,-25.5098,-48.4693,-25.5098,-48.4693,8,,401677271,-125
161638,161638,UT,DS,2,0,1,30,30,00:15:41 10-May-2018,MA,B,-25.5139,-48.4759,-25.5139,-48.4759,8,,401677262,-129
161638,161638,UT,DS,1,0,0,,,02:03:48 10-May-2018,MA,B,-25.5135,-48.4803,-25.5135,-48.4803,8,,401677267,-123
161638,161638,UT,DS,2,0,1,45,45,06:38:36 10-May-2018,NP,B,-25.4743,-48.4718,-25.4743,-48.4718,8,,401677263,-125
161638,161638,UT,DS,1,0,0,,,09:03:12 10-May-2018,SR,B,-25.4868,-48.4579,-25.4868,-48.4579,8,,401677251,-125
161638,161638,UT,DS,2,0,0,66,66,09:16:29 10-May-2018,NN,B,-25.4797,-48.4101,-25.4797,-48.4101,6,,401677253,-131
161638,161638,UT,DS,3,0,0,127,65,10:42:19 10-May-2018,SR,A,-25.4865,-48.4349,,,8,,401677248,-129
161638,161638,UT,DS,1,0,0,,,11:06:48 10-May-2018,NN,B,-25.4865,-48.4348,-25.4865,-48.4348,6,,401677249,-137
161638,161638,UT,DS,1,0,1,,,20:48:27 10-May-2018,NP,B,-25.5091,-48.4838,-25.5091,-48.4838,8,,401677245,-131
161638,161638,UT,DS,2,0,0,100,100,21:47:04 10-May-2018,NN,B,-25.4946,-48.4451,-25.4946,-48.4451,7,,401677259,-133
161638,161638,UT,DS,3,0,1,32,31,22:09:58 10-May-2018,NK,A,-25.4820,-48.3927,-25.4820,-48.3927,8,,401677259,-124
161638,161638,UT,DS,3,0,1,42,38,00:54:47 11-May-2018,MB,A,-25.4770,-48.3964,-25.4770,-48.3964,8,,401677254,-129
161638,161638,UT,DS,2,0,1,42,42,06:34:14 11-May-2018,NP,B,-25.5069,-48.4670,-25.5069,-48.4670,8,,401677247,-133
161638,161638,UT,DS,1,0,1,,,08:26:49 11-May-2018,SR,B,-25.5069,-48.4470,-25.5069,-48.4470,8,,401677257,-137
161638,161638,UT,DS,1,0,1,,,09:22:31 11-May-2018,NK,B,-25.4855,-48.4478,-25.4855,-48.4478,8,,401677252,-132
161638,161638,UT,DS,1,0,0,,,10:08:02 11-May-2018,SR,B,-25.4813,-48.4442,-25.4813,-48.4442,8,,401677253,-131
161638,161638,UT,DS,1,0,1,,,10:49:28 11-May-2018,NN,B,-25.4826,-48.4387,-25.4826,-48.4387,8,,401677253,-129
161638,161638,UT,DS,1,0,1,,,11:00:32 11-May-2018,NK,B,-25.4825,-48.4402,-25.4825,-48.4402,6,,401677251,-133
161638,161638,UT,DS,1,0,0,,,21:40:31 11-May-2018,NK,B,-25.4367,-48.3718,-25.4367,-48.3718,8,,401677248,-133
161638,161638,UT,DS,1,0,0,,,23:22:30 11-May-2018,NK,B,-25.4512,-48.4019,-25.4512,-48.4019,8,,401677254,-125
161638,161638,UT,DS,2,0,1,32,32,06:21:27 12-May-2018,NP,B,-25.4961,-48.4440,-25.4961,-48.4440,8,,401677250,-130
161638,161638,UT,DS,4,0,3,44,31,09:44:22 12-May-2018,SR,1,-25.4915,-48.4571,-25.4915,-48.4571,58,,401677255,-124
161638,161638,UT,DS,1,0,0,,,20:29:51 12-May-2018,NP,B,-25.4837,-48.4580,-25.4837,-48.4580,8,,401677253,-127
161638,161638,UT,DS,2,0,1,51,51,20:55:02 12-May-2018,SR,B,-25.4820,-48.4448,-25.4820,-48.4448,6,,401677255,-131
161638,161638,UT,DS,1,0,0,,,21:19:16 12-May-2018,NK,B,-25.4829,-48.4451,-25.4829,-48.4451,6,,401677254,-122
161638,161638,UT,DS,1,0,0,,,23:00:43 12-May-2018,NN,B,-25.4877,-48.4351,-25.4877,-48.4351,,,401677256,-135
161638,161638,UT,DS,1,0,0,,,23:00:43 12-May-2018,NK,B,-25.4849,-48.4369,-25.4849,-48.4369,8,,401677251,-125
161638,161638,UT,DS,1,0,0,,,00:43:53 13-May-2018,NN,B,-25.4871,-48.4314,-25.4871,-48.4314,8,,401677254,-133
161638,161638,UT,DS,1,0,0,,,01:57:22 13-May-2018,MB,B,-25.4876,-48.4304,-25.4876,-48.4304,8,,401677254,-135
161638,161638,UT,DS,1,0,0,,,02:37:47 13-May-2018,MA,B,-25.4881,-48.4302,-25.4881,-48.4302,8,,401677255,-132
161638,161638,UT,DS,2,0,0,35,35,06:04:15 13-May-2018,NP,B,-25.4919,-48.4412,-25.4919,-48.4412,8,,401677252,-127
161638,161638,UT,DS,1,0,1,,,10:23:55 13-May-2018,NN,B,-25.4910,-48.4407,-25.4910,-48.4407,8,,401677252,-125
161638,161638,UT,DS,5,0,1,81,41,12:05:53 13-May-2018,NN,1,-25.4883,-48.4307,-25.4882,-48.4307,58,,401677253,-130
161638,161638,UT,DS,1,0,0,,,12:10:34 13-May-2018,MA,B,-25.4883,-48.4307,-25.4883,-48.4307,6,,401677254,-132
161638,161638,UT,DS,1,0,0,,,20:24:55 13-May-2018,SR,B,-25.4853,-48.4146,-25.4853,-48.4146,8,,401677255,-138
161638,161638,UT,DS,1,0,1,,,22:35:56 13-May-2018,NK,B,-25.4858,-48.4180,-25.4858,-48.4180,8,,401677254,-128
161638,161638,UT,DS,2,0,0,36,36,22:56:23 13-May-2018,NN,B,-25.4911,-48.4431,-25.4911,-48.4431,6,,401677254,-128
161638,161638,UT,DS,2,0,0,54,54,00:40:49 14-May-2018,NN,B,-25.4959,-48.4158,-25.4959,-48.4158,8,,401677254,-129
161638,161638,UT,DS,1,0,0,,,02:13:29 14-May-2018,MA,B,-25.4993,-48.4211,-25.4993,-48.4211,8,,401677258,-129
161638,161638,UT,DS,1,0,0,,,05:52:31 14-May-2018,NP,B,-25.4932,-48.4208,-25.4932,-48.4208,8,,401677251,-134
161638,161638,UT,DS,2,0,0,111,111,07:36:25 14-May-2018,NP,B,-25.4901,-48.4218,-25.4901,-48.4218,8,,401677251,-127
161638,161638,UT,DS,1,0,1,,,09:46:19 14-May-2018,NK,B,-25.4916,-48.4239,-25.4916,-48.4239,8,,401677254,-124
161638,161638,UT,DS,7,0,3,86,40,10:20:18 14-May-2018,NN,3,-25.4904,-48.4312,-25.4935,-48.4266,56,,401677253,-123
161638,161638,UT,DS,4,0,1,124,50,10:17:38 14-May-2018,SR,3,-25.4935,-48.4267,-25.4935,-48.4267,58,,401677255,-129
161638,161638,UT,DS,1,0,1,,,11:54:53 14-May-2018,NN,B,-25.4904,-48.4314,-25.4904,-48.4314,8,,401677251,-132
161638,161638,UT,DS,2,0,1,146,146,11:56:06 14-May-2018,MA,B,-25.4874,-48.4282,-25.4874,-48.4282,6,,401677254,-121
161638,161638,UT,DS,1,0,0,,,20:08:51 14-May-2018,NP,B,-25.4892,-48.4291,-25.4892,-48.4291,8,,401677254,-127
161638,161638,UT,DS,2,0,0,33,33,21:26:17 14-May-2018,SR,B,-25.4872,-48.4327,-25.4872,-48.4327,8,,401677255,-125
161638,161638,UT,DS,2,0,0,75,75,22:12:42 14-May-2018,NK,B,-25.4900,-48.4321,-25.4900,-48.4321,8,,401677256,-126
161638,161638,UT,DS,2,0,0,124,124,09:48:25 15-May-2018,SR,B,-25.4954,-48.4384,-25.4954,-48.4384,8,,401677257,-125
161638,161638,UT,DS,1,0,1,,,10:59:10 15-May-2018,NK,B,-25.4906,-48.4331,-25.4906,-48.4331,8,,401677251,-133
161638,161638,UT,DS,3,0,0,66,33,11:34:12 15-May-2018,MA,A,-25.4889,-48.4400,-25.4889,-48.4400,8,,401677251,-125
161638,161638,UT,DS,2,0,1,122,122,12:35:38 15-May-2018,MB,B,-25.4989,-48.4392,-25.4989,-48.4392,8,,401677252,-132
161638,161638,UT,DS,1,0,0,,,20:59:29 15-May-2018,SR,B,-25.5158,-48.4540,-25.5158,-48.4540,8,,401677249,-127
161638,161638,UT,DS,2,0,0,44,44,21:46:56 15-May-2018,NK,B,-25.4879,-48.4355,-25.4879,-48.4355,8,,401677253,-129
161638,161638,UT,DS,2,0,0,33,33,01:35:29 16-May-2018,MA,B,-25.4834,-48.4303,-25.4834,-48.4303,8,,401677252,-120
161638,161638,UT,DS,4,0,1,118,46,09:51:10 16-May-2018,NN,2,-25.4875,-48.4313,-25.4875,-48.4313,58,,401677254,-128
161638,161638,UT,DS,1,0,1,,,10:35:23 16-May-2018,NK,B,-25.4872,-48.4303,-25.4872,-48.4303,8,,401677254,-127
161638,161638,UT,DS,3,0,0,97,71,21:16:22 16-May-2018,NK,A,-25.4821,-48.4675,,,8,,401677258,-123
161638,161638,UT,DS,1,0,1,,,22:15:40 16-May-2018,NN,B,-25.4805,-48.4630,-25.4805,-48.4630,8,,401677259,-137
161638,161638,UT,DS,1,0,0,,,01:11:38 17-May-2018,MA,B,-25.4770,-48.4479,-25.4770,-48.4479,8,,401677250,-124
161638,161638,UT,DS,1,0,1,,,09:42:23 17-May-2018,NN,B,-25.4695,-48.4419,-25.4695,-48.4419,8,,401677255,-128
161638,161638,UT,DS,3,0,1,101,59,10:12:49 17-May-2018,NK,A,-25.4897,-48.4293,-25.4897,-48.4293,8,,401677252,-122
161638,161638,UT,DS,6,0,1,94,41,12:29:06 17-May-2018,MA,2,-25.4910,-48.4216,-25.4910,-48.4216,58,,401677252,-119
161638,161638,UT,DS,1,0,0,,,19:24:06 17-May-2018,NP,B,-25.4860,-48.4046,-25.4860,-48.4046,8,,401677253,-131
161638,161638,UT,DS,2,0,1,60,60,19:57:41 17-May-2018,SR,B,-25.4844,-48.4171,-25.4844,-48.4171,8,,401677259,-130
161638,161638,UT,DS,2,0,0,61,61,22:04:38 17-May-2018,NN,B,-25.4842,-48.4246,-25.4842,-48.4246,8,,401677252,-131
161638,161638,UT,DS,1,0,0,,,22:32:26 17-May-2018,NK,B,-25.4791,-48.4157,-25.4791,-48.4157,8,,401677255,-127
161638,161638,UT,DS,2,0,0,30,30,06:52:09 18-May-2018,NP,B,-25.4807,-48.4177,-25.4807,-48.4177,8,,401677253,-126
161638,161638,UT,DS,1,0,1,,,09:29:39 18-May-2018,NN,B,-25.4737,-48.4308,-25.4737,-48.4308,8,,401677258,-137
161638,161638,UT,DS,2,0,1,195,195,10:28:19 18-May-2018,MA,B,-25.4776,-48.4167,-25.4776,-48.4167,8,,401677257,-129
161638,161638,UT,DS,2,0,1,59,59,12:06:42 18-May-2018,MA,B,-25.4878,-48.4233,-25.4878,-48.4233,8,,401677253,-115
161638,161638,UT,DS,3,0,0,42,40,21:06:53 18-May-2018,SR,A,-25.4931,-48.4349,-25.4931,-48.4349,8,,401677254,-129
161638,161638,UT,DS,2,0,0,31,31,22:07:45 18-May-2018,NK,B,-25.4919,-48.4387,-25.4919,-48.4387,8,,401677253,-126
161638,161638,UT,DS,2,0,0,79,79,23:51:46 18-May-2018,NK,B,-25.4907,-48.4360,-25.4907,-48.4360,8,,401677254,-135
161638,161638,UT,DS,2,0,1,34,34,02:11:57 19-May-2018,MA,B,-25.4914,-48.4380,-25.4914,-48.4380,8,,401677251,-125
161638,161638,UT,DS,2,0,0,39,39,06:39:52 19-May-2018,NP,B,-25.4889,-48.4404,-25.4889,-48.4404,8,,401677251,-129
161638,161638,UT,DS,2,0,0,57,57,12:44:25 19-May-2018,MB,B,-25.4820,-48.4451,-25.4820,-48.4451,8,,401677251,-126
161638,161638,UT,DS,1,0,0,,,20:31:25 19-May-2018,SR,B,-25.4881,-48.4405,-25.4881,-48.4405,8,,401677253,-126
161638,161638,UT,DS,2,0,0,186,186,23:23:08 19-May-2018,NN,B,-25.4918,-48.4380,-25.4918,-48.4380,8,,401677251,-126
161638,161638,UT,DS,3,0,0,93,80,23:23:04 19-May-2018,NK,A,-25.4824,-48.4738,-25.4824,-48.4738,8,,401677239,-127
161638,161638,UT,DS,1,0,0,,,00:13:39 20-May-2018,MA,B,-25.4896,-48.4347,-25.4896,-48.4347,8,,401677253,-125
161638,161638,UT,DS,1,0,1,,,09:08:05 20-May-2018,NN,B,-25.4860,-48.4260,-25.4860,-48.4260,8,,401677254,-135
161638,161638,UT,DS,1,0,1,,,10:29:43 20-May-2018,SR,B,-25.4863,-48.4220,-25.4863,-48.4220,8,,401677253,-127
161638,161638,UT,DS,2,0,1,339,339,10:39:52 20-May-2018,NK,B,-25.4900,-48.4325,-25.4900,-48.4325,6,,401677249,-135
161638,161638,UT,DS,4,0,2,158,45,10:48:02 20-May-2018,NN,0,-25.4891,-48.4330,-25.4891,-48.4330,56,,401677248,-125
161638,161638,UT,DS,1,0,1,,,12:24:48 20-May-2018,NN,B,-25.4886,-48.4314,-25.4886,-48.4314,8,,401677249,-135
161638,161638,UT,DS,1,0,1,,,13:10:18 20-May-2018,MA,B,-25.4886,-48.4312,-25.4886,-48.4312,8,,401677249,-125
161638,161638,UT,DS,2,0,2,137,137,20:04:02 20-May-2018,SR,B,-25.4731,-48.4249,-25.4731,-48.4249,8,,401677254,-126
161638,161638,UT,DS,1,0,0,,,20:36:30 20-May-2018,NP,B,-25.4759,-48.4197,-25.4759,-48.4197,8,,401677246,-128
161638,161638,UT,DS,2,0,0,32,32,23:02:29 20-May-2018,NK,B,-25.4762,-48.4137,-25.4762,-48.4137,8,,401677244,-126
161638,161638,UT,DS,1,0,1,,,23:49:55 20-May-2018,MA,B,-25.4779,-48.4122,-25.4779,-48.4122,8,,401677243,-123
161638,161638,UT,DS,2,0,1,69,69,07:55:54 21-May-2018,NP,B,-25.4976,-48.4308,-25.4976,-48.4308,8,,401677247,-131
161638,161638,UT,DS,1,0,0,,,08:37:08 21-May-2018,NK,B,-25.4996,-48.4281,-25.4996,-48.4281,8,,401677249,-130
161638,161638,UT,DS,2,0,1,381,381,10:13:53 21-May-2018,NK,B,-25.5039,-48.4110,-25.5039,-48.4110,8,,401677244,-123
161638,161638,UT,DS,2,0,0,210,210,10:36:49 21-May-2018,NN,B,-25.4958,-48.4179,-25.4958,-48.4179,8,,401677249,-129
161638,161638,UT,DS,1,0,0,,,18:44:27 21-May-2018,NP,B,-25.4843,-48.4086,-25.4843,-48.4086,8,,401677252,-130
161638,161638,UT,DS,2,0,0,36,36,20:22:58 21-May-2018,NP,B,-25.4916,-48.4220,-25.4916,-48.4220,8,,401677256,-125
161638,161638,UT,DS,1,0,0,,,21:07:52 21-May-2018,SR,B,-25.4902,-48.4234,-25.4902,-48.4234,8,,401677251,-130
161638,161638,UT,DS,1,0,0,,,23:00:07 21-May-2018,NN,B,-25.4906,-48.4238,-25.4906,-48.4238,8,,401677251,-135
161638,161638,UT,DS,1,0,1,,,00:39:38 22-May-2018,NN,B,-25.4900,-48.4257,-25.4900,-48.4257,8,,401677251,-135
161638,161638,UT,DS,3,0,0,46,31,09:27:11 22-May-2018,SR,A,-25.4897,-48.4315,-25.4897,-48.4315,8,,401677247,-123
161638,161638,UT,DS,1,0,0,,,09:46:35 22-May-2018,NK,B,-25.4893,-48.4298,-25.4893,-48.4298,6,,401677247,-123
161638,161638,UT,DS,1,0,0,,,11:58:54 22-May-2018,NN,B,-25.4900,-48.4300,-25.4900,-48.4300,8,,401677249,-129
161638,161638,UT,DS,2,0,0,194,194,22:50:03 22-May-2018,NN,B,-25.4876,-48.4308,-25.4876,-48.4308,8,,401677249,-125
161638,161638,UT,DS,1,0,0,,,00:45:07 23-May-2018,MA,B,-25.4889,-48.4342,-25.4889,-48.4342,8,,401677252,-131
161638,161638,UT,DS,4,0,2,70,55,10:10:59 23-May-2018,NN,2,-25.4885,-48.4331,-25.4885,-48.4331,58,,401677249,-125
161638,161638,UT,DS,3,0,1,95,51,11:47:48 23-May-2018,NN,A,-25.4861,-48.4354,-25.4884,-48.4334,8,,401677248,-129
161638,161638,UT,DS,1,0,1,,,12:02:39 23-May-2018,MA,B,-25.4884,-48.4331,-25.4884,-48.4331,6,,401677248,-126
161638,161638,UT,DS,2,0,1,45,45,19:59:37 23-May-2018,NP,B,-25.4870,-48.4380,-25.4870,-48.4380,8,,401677249,-125
161638,161638,UT,DS,1,0,0,,,21:48:19 23-May-2018,SR,B,-25.4874,-48.4356,-25.4874,-48.4356,8,,401677252,-137
161638,161638,UT,DS,1,0,0,,,02:07:23 24-May-2018,MA,B,-25.4884,-48.4342,-25.4884,-48.4342,8,,401677251,-126
161638,161638,UT,DS,1,0,0,,,05:39:22 24-May-2018,NP,B,-25.4871,-48.4331,-25.4871,-48.4331,8,,401677250,-130
161638,161638,UT,DS,1,0,1,,,10:03:08 24-May-2018,SR,B,-25.4885,-48.4320,-25.4885,-48.4320,8,,401677249,-129
161638,161638,UT,DS,1,0,1,,,10:03:08 24-May-2018,NN,B,-25.4883,-48.4323,-25.4883,-48.4323,,,401677248,-130
161638,161638,UT,DS,1,0,1,,,11:46:43 24-May-2018,MA,B,-25.4879,-48.4310,-25.4879,-48.4310,8,,401677248,-120
161638,161638,UT,DS,2,0,0,93,93,19:45:22 24-May-2018,NP,B,-25.4865,-48.4230,-25.4865,-48.4230,8,,401677252,-129
161638,161638,UT,DS,1,0,0,,,21:19:24 24-May-2018,NK,B,-25.4907,-48.4270,-25.4907,-48.4270,8,,401677252,-137
161638,161638,UT,DS,1,0,0,,,01:45:04 25-May-2018,MA,B,-25.4941,-48.4303,-25.4941,-48.4303,8,,401677253,-127
161638,161638,UT,DS,5,1,1,,,09:34:56 25-May-2018,SR,2,-25.4886,-48.4358,-25.4886,-48.4358,58,,401677250,-127
161638,161638,UT,DS,3,0,0,47,40,09:50:52 25-May-2018,NN,A,-25.4886,-48.4356,-25.4886,-48.4356,6,,401677249,-127
161638,161638,UT,DS,1,0,1,,,11:22:32 25-May-2018,NN,B,-25.4887,-48.4357,-25.4887,-48.4357,8,,401677247,-130
161638,161638,UT,DS,1,0,0,,,11:25:25 25-May-2018,MA,B,-25.4883,-48.4359,-25.4883,-48.4359,8,,401677249,-130
161638,161638,UT,DS,1,0,0,,,13:09:34 25-May-2018,MA,B,-25.4881,-48.4345,-25.4881,-48.4345,8,,401677252,-128
161638,161638,UT,DS,1,0,1,,,19:41:31 25-May-2018,NP,B,-25.4920,-48.4341,-25.4920,-48.4341,8,,401677250,-131
161638,161638,UT,DS,1,0,0,,,20:42:47 25-May-2018,SR,B,-25.4912,-48.4339,-25.4912,-48.4339,8,,401677249,-129
161638,161638,UT,DS,2,0,1,48,48,23:46:55 25-May-2018,MA,B,-25.4913,-48.4295,-25.4913,-48.4295,8,,401677251,-121
161638,161638,UT,DS,3,0,1,77,47,09:37:59 26-May-2018,NN,A,-25.4905,-48.4310,-25.4905,-48.4310,8,,401677250,-129
161638,161638,UT,DS,3,0,2,78,67,09:49:40 26-May-2018,NK,A,-25.4894,-48.4339,-25.4894,-48.4339,8,,401677251,-127
161638,161638,UT,DS,2,0,1,51,51,12:42:58 26-May-2018,MA,B,-25.4893,-48.4340,-25.4893,-48.4340,8,,401677251,-119
161638,161638,UT,DS,2,0,1,86,86,17:46:59 26-May-2018,NP,B,-25.4852,-48.4196,-25.4875,-48.4336,8,,401677252,-133
161638,161638,UT,DS,1,0,1,,,21:11:13 26-May-2018,NP,B,-25.4852,-48.4170,-25.4852,-48.4170,8,,401677250,-138
161638,161638,UT,DS,3,0,0,38,34,23:46:40 26-May-2018,NN,A,-25.4860,-48.4300,-25.4860,-48.4300,8,,401677249,-121
161638,161638,UT,DS,1,0,1,,,23:46:36 26-May-2018,NK,B,-25.4844,-48.4203,-25.4844,-48.4203,8,,401677253,-133
161638,161638,UT,DS,2,0,0,42,42,00:23:32 27-May-2018,MB,B,-25.4904,-48.4341,-25.4904,-48.4341,8,,401677252,-132
161638,161638,UT,DS,3,0,1,47,43,08:27:22 27-May-2018,NP,A,-25.4897,-48.4360,-25.4897,-48.4360,8,,401677251,-132
161638,161638,UT,DS,1,0,0,,,08:28:11 27-May-2018,SR,B,-25.4887,-48.4366,-25.4887,-48.4366,6,,401677256,-137
161638,161638,UT,DS,1,0,0,,,09:27:49 27-May-2018,NK,B,-25.4901,-48.4383,-25.4901,-48.4383,8,,401677251,-137
161638,161638,UT,DS,1,0,0,,,09:27:49 27-May-2018,NN,B,-25.4901,-48.4375,-25.4901,-48.4375,8,,401677249,-133
161638,161638,UT,DS,5,0,0,120,48,10:11:53 27-May-2018,SR,3,-25.4886,-48.4325,-25.4886,-48.4325,58,,401677250,-126
161638,161638,UT,DS,1,0,1,,,11:05:47 27-May-2018,NN,B,-25.4890,-48.4319,-25.4890,-48.4319,8,,401677250,-127
161638,161638,UT,DS,1,0,1,,,11:05:47 27-May-2018,NK,B,-25.4887,-48.4322,-25.4887,-48.4322,,,401677250,-137
161638,161638,UT,DS,1,0,0,,,00:06:32 28-May-2018,MB,B,-25.4912,-48.4223,-25.4912,-48.4223,,,401677251,-136
161638,161638,UT,DS,2,0,1,84,84,00:42:16 28-May-2018,MA,B,-25.5180,-48.4125,-25.5180,-48.4125,8,,401677252,-122
161638,161638,UT,DS,1,0,0,,,01:16:11 28-May-2018,NN,B,-25.5226,-48.4146,-25.5226,-48.4146,7,,401677263,-137
161638,161638,UT,DS,2,0,0,71,71,01:44:13 28-May-2018,MB,B,-25.5044,-48.4542,-25.5044,-48.4542,6,,401677248,-131
